course,courseLetter,courseNumber,relatedTo,relatedToCourseLetter,relatedToCourseNumber,How,,courseDictionary,courseLetter,courseNumber
AME 105,AME,105,MUH 105,MUH,105,CrossList,,AME 105,AME,105
AME 105,AME,105,Cultural Perspectives,,,GenEd,,AME 121,AME,121
AME 105,AME,105,Fine Arts,,,GenEd,,AME 122,AME,122
AME 105,AME,105,Humanities,,,GenEd,,AME 205,AME,205
AME 121,AME,121,American Studies Minor,,,Checksheet,,AME 264,AME,264
AME 121,AME,121,"Holocaust, Genocide & Human Rights Studies Minor",,,Checksheet,,AME 265,AME,265
AME 121,AME,121,ANT 121,ANT,121,CrossList,,AME 289,AME,289
AME 121,AME,121,Cultural Perspectives,,,GenEd,,AME 302,AME,302
AME 121,AME,121,Humanities,,,GenEd,,AME 303,AME,303
AME 121,AME,121,Social Science,,,GenEd,,AME 305,AME,305
AME 121,AME,121,ANT 308,ANT,308,Prereq,,AME 306,AME,306
AME 121,AME,121,HUM 308,HUM,308,Prereq,,AME 318,AME,318
AME 122,AME,122,American Studies Minor,,,Checksheet,,AME 335,AME,335
AME 122,AME,122,"Elementary Education, BS",,,Checksheet,,AME 340,AME,340
AME 122,AME,122,"Holocaust, Genocide & Human Rights Studies Minor",,,Checksheet,,AME 345,AME,345
AME 122,AME,122,ANT 122,ANT,122,CrossList,,AME 389,AME,389
AME 122,AME,122,Cultural Perspectives,,,GenEd,,AME 420,AME,420
AME 122,AME,122,Humanities,,,GenEd,,AME 430,AME,430
AME 122,AME,122,Social Science,,,GenEd,,AME 440,AME,440
AME 122,AME,122,ANT 308,ANT,308,Prereq,,AME 476,AME,476
AME 122,AME,122,HUM 308,HUM,308,Prereq,,AME 494,AME,494
AME 201W,AME,201W,American Studies Minor,,,Checksheet,,AME 496,AME,496
AME 201W,AME,201W,"Community Policing, AS",,,Checksheet,,AME 201W,AME,201W
AME 201W,AME,201W,Embodied Social Justice Minor,,,Checksheet,,AME 304W,AME,304W
AME 201W,AME,201W,"Holocaust, Genocide & Human Rights Studies Minor",,,Checksheet,,AME 308W,AME,308W
AME 201W,AME,201W,"Justice Studies, BS",,,Checksheet,,AME 370W,AME,370W
AME 201W,AME,201W,Critical Thinking,,,GenEd,,AME 458W,AME,458W
AME 201W,AME,201W,Cultural Perspectives,,,GenEd,,ANT 101,ANT,101
AME 201W,AME,201W,Humanities,,,GenEd,,ANT 121,ANT,121
AME 201W,AME,201W,Writing Intensive,,,GenEd,,ANT 122,ANT,122
AME 201W,AME,201W,AME 302,AME,302,Prereq,,ANT 289,ANT,289
AME 201W,AME,201W,AME 304W,AME,304W,Prereq,,ANT 294,ANT,294
AME 201W,AME,201W,AME 305,AME,305,Prereq,,ANT 308,ANT,308
AME 201W,AME,201W,AME 318,AME,318,Prereq,,ANT 394,ANT,394
AME 201W,AME,201W,AME 389,AME,389,Prereq,,ANT 489,ANT,489
AME 201W,AME,201W,AME 458W,AME,458W,Prereq,,ARC 100,ARC,100
AME 201W,AME,201W,AME 494,AME,494,Prereq,,ARC 101,ARC,101
AME 201W,AME,201W,AME 496,AME,496,Prereq,,ARC 102,ARC,102
AME 201W,AME,201W,ENG 318,ENG,318,Prereq,,ARC 110,ARC,110
AME 201W,AME,201W,ENG 458W,ENG,458W,Prereq,,ARC 120,ARC,120
AME 201W,AME,201W,SOC 302,SOC,302,Prereq,,ARC 123,ARC,123
AME 201W,AME,201W,SSC 305,SSC,305,Prereq,,ARC 194,ARC,194
AME 201W,AME,201W,WGS 304W,WGS,304W,Prereq,,ARC 203,ARC,203
AME 201W,AME,201W,WGS 305,WGS,305,Prereq,,ARC 204,ARC,204
AME 201W,AME,201W,WGS 318,WGS,318,Prereq,,ARC 212,ARC,212
AME 205,AME,205,American Studies Minor,,,Checksheet,,ARC 221,ARC,221
AME 205,AME,205,REL 205,REL,205,CrossList,,ARC 231,ARC,231
AME 205,AME,205,SSC 205,SSC,205,CrossList,,ARC 241,ARC,241
AME 205,AME,205,Cultural Perspectives,,,GenEd,,ARC 251,ARC,251
AME 205,AME,205,Humanities,,,GenEd,,ARC 261,ARC,261
AME 264,AME,264,INT 264,INT,264,CrossList,,ARC 262,ARC,262
AME 264,AME,264,Cultural Perspectives,,,GenEd,,ARC 286,ARC,286
AME 264,AME,264,Humanities,,,GenEd,,ARC 289,ARC,289
AME 265,AME,265,American Studies Minor,,,Checksheet,,ARC 294,ARC,294
AME 265,AME,265,DRA 265,DRA,265,CrossList,,ARC 305,ARC,305
AME 265,AME,265,Critical Thinking,,,GenEd,,ARC 306,ARC,306
AME 265,AME,265,Cultural Perspectives,,,GenEd,,ARC 312,ARC,312
AME 265,AME,265,Fine Arts,,,GenEd,,ARC 322,ARC,322
AME 265,AME,265,Humanities,,,GenEd,,ARC 332,ARC,332
AME 265,AME,265,DRA 389,DRA,389,Prereq,,ARC 350,ARC,350
AME 265,AME,265,DRA 394,DRA,394,Prereq,,ARC 361,ARC,361
AME 265,AME,265,DRA 494,DRA,494,Prereq,,ARC 406,ARC,406
AME 289,AME,289,Cultural Perspectives,,,GenEd,,ARC 407,ARC,407
AME 289,AME,289,Humanities,,,GenEd,,ARC 408,ARC,408
AME 302,AME,302,American Studies Minor,,,Checksheet,,ARC 417,ARC,417
AME 302,AME,302,Behavioral Science Minor,,,Checksheet,,ARC 421,ARC,421
AME 302,AME,302,SOC 302,SOC,302,CrossList,,ARC 431,ARC,431
AME 302,AME,302,Cultural Perspectives,,,GenEd,,ARC 441,ARC,441
AME 302,AME,302,Humanities,,,GenEd,,ARC 486,ARC,486
AME 303,AME,303,American Studies Minor,,,Checksheet,,ARC 489,ARC,489
AME 303,AME,303,"Women's, Gender, & Sexuality Studies, Minor",,,Checksheet,,ARC 494,ARC,494
AME 303,AME,303,ENG 303,ENG,303,CrossList,,ARC 509,ARC,509
AME 303,AME,303,MUH 303,MUH,303,CrossList,,ARC 510,ARC,510
AME 303,AME,303,WGS 303,WGS,303,CrossList,,ARH 105,ARH,105
AME 303,AME,303,Cultural Perspectives,,,GenEd,,ARH 106,ARH,106
AME 303,AME,303,Humanities,,,GenEd,,ARH 206,ARH,206
AME 304W,AME,304W,American Studies Minor,,,Checksheet,,ARH 274,ARH,274
AME 304W,AME,304W,"Optional Women's, Gender, and Sexuality Studies Concentration",,,Checksheet,,ARH 289,ARH,289
AME 304W,AME,304W,"Women's, Gender, & Sexuality Studies, Minor",,,Checksheet,,ARH 294,ARH,294
AME 304W,AME,304W,WGS 304W,WGS,304W,CrossList,,ARH 312,ARH,312
AME 304W,AME,304W,Cultural Perspectives,,,GenEd,,ARH 375,ARH,375
AME 304W,AME,304W,Humanities,,,GenEd,,ARH 389,ARH,389
AME 304W,AME,304W,Writing Intensive,,,GenEd,,ARH 394,ARH,394
AME 305,AME,305,American Studies Minor,,,Checksheet,,ARH 425,ARH,425
AME 305,AME,305,"Holocaust, Genocide & Human Rights Studies Minor",,,Checksheet,,ARH 489,ARH,489
AME 305,AME,305,"Nursing (4-Year), BSN",,,Checksheet,,ARH 494,ARH,494
AME 305,AME,305,"Nursing (RN-BSN Completion), BSN",,,Checksheet,,ARH 214W,ARH,214W
AME 305,AME,305,"Optional Women's, Gender, and Sexuality Studies Concentration",,,Checksheet,,ARH 370W,ARH,370W
AME 305,AME,305,"Women's, Gender, & Sexuality Studies, Minor",,,Checksheet,,ART 100,ART,100
AME 305,AME,305,SSC 305,SSC,305,CrossList,,ART 109,ART,109
AME 305,AME,305,WGS 305,WGS,305,CrossList,,ART 111,ART,111
AME 305,AME,305,Critical Thinking,,,GenEd,,ART 112,ART,112
AME 305,AME,305,Cultural Perspectives,,,GenEd,,ART 113,ART,113
AME 305,AME,305,Humanities,,,GenEd,,ART 114,ART,114
AME 306,AME,306,American Studies Minor,,,Checksheet,,ART 115,ART,115
AME 306,AME,306,"Optional Women's, Gender, and Sexuality Studies Concentration",,,Checksheet,,ART 140,ART,140
AME 306,AME,306,"Women's, Gender, & Sexuality Studies, Minor",,,Checksheet,,ART 202,ART,202
AME 306,AME,306,WGS 306,WGS,306,CrossList,,ART 203,ART,203
AME 306,AME,306,Cultural Perspectives,,,GenEd,,ART 209,ART,209
AME 306,AME,306,Humanities,,,GenEd,,ART 210,ART,210
AME 308W,AME,308W,"Data Science, BS",,,Checksheet,,ART 215,ART,215
AME 308W,AME,308W,POS 308W,POS,308W,CrossList,,ART 219,ART,219
AME 308W,AME,308W,SOC 308W,SOC,308W,CrossList,,ART 221,ART,221
AME 308W,AME,308W,Cultural Perspectives,,,GenEd,,ART 229,ART,229
AME 308W,AME,308W,Humanities,,,GenEd,,ART 235,ART,235
AME 308W,AME,308W,Writing Intensive,,,GenEd,,ART 251,ART,251
AME 318,AME,318,American Studies Minor,,,Checksheet,,ART 289,ART,289
AME 318,AME,318,"Women's, Gender, & Sexuality Studies, Minor",,,Checksheet,,ART 294,ART,294
AME 318,AME,318,ENG 318,ENG,318,CrossList,,ART 302,ART,302
AME 318,AME,318,WGS 318,WGS,318,CrossList,,ART 307,ART,307
AME 318,AME,318,Cultural Perspectives,,,GenEd,,ART 309,ART,309
AME 318,AME,318,Humanities,,,GenEd,,ART 310,ART,310
AME 335,AME,335,History Minor,,,Checksheet,,ART 315,ART,315
AME 335,AME,335,"Holocaust, Genocide & Human Rights Studies Minor",,,Checksheet,,ART 319,ART,319
AME 335,AME,335,HTY 335,HTY,335,CrossList,,ART 321,ART,321
AME 335,AME,335,INT 335,INT,335,CrossList,,ART 330,ART,330
AME 335,AME,335,WGS 335,WGS,335,CrossList,,ART 335,ART,335
AME 335,AME,335,Cultural Perspectives,,,GenEd,,ART 351,ART,351
AME 335,AME,335,Humanities,,,GenEd,,ART 394,ART,394
AME 340,AME,340,American Studies Minor,,,Checksheet,,ART 409,ART,409
AME 340,AME,340,History Minor,,,Checksheet,,ART 415,ART,415
AME 340,AME,340,"Holocaust, Genocide & Human Rights Studies Minor",,,Checksheet,,ART 419,ART,419
AME 340,AME,340,"Women's, Gender, & Sexuality Studies, Minor",,,Checksheet,,ART 420,ART,420
AME 340,AME,340,HTY 340,HTY,340,CrossList,,ART 421,ART,421
AME 340,AME,340,WGS 340,WGS,340,CrossList,,ART 425,ART,425
AME 340,AME,340,Cultural Perspectives,,,GenEd,,ART 430,ART,430
AME 340,AME,340,Humanities,,,GenEd,,ART 435,ART,435
AME 345,AME,345,HGH 345,HGH,345,CrossList,,ART 450,ART,450
AME 345,AME,345,INT 345,INT,345,CrossList,,ART 451,ART,451
AME 345,AME,345,WGS 345,WGS,345,CrossList,,ART 489,ART,489
AME 345,AME,345,Critical Thinking,,,GenEd,,ART 494,ART,494
AME 345,AME,345,Cultural Perspectives,,,GenEd,,ART 496,ART,496
AME 345,AME,345,Humanities,,,GenEd,,ART 550,ART,550
AME 370W,AME,370W,ARH 370W,ARH,370W,CrossList,,ART 610,ART,610
AME 370W,AME,370W,WGS 370W,WGS,370W,CrossList,,ASL 101,ASL,101
AME 370W,AME,370W,Cultural Perspectives,,,GenEd,,ASL 102,ASL,102
AME 370W,AME,370W,Fine Arts,,,GenEd,,ASL 201,ASL,201
AME 370W,AME,370W,Humanities,,,GenEd,,AVI 110,AVI,110
AME 370W,AME,370W,Writing Intensive,,,GenEd,,AVI 115,AVI,115
AME 389,AME,389,American Studies Minor,,,Checksheet,,AVI 116,AVI,116
AME 389,AME,389,Cultural Perspectives,,,GenEd,,AVI 120,AVI,120
AME 389,AME,389,Humanities,,,GenEd,,AVI 141,AVI,141
AME 420,AME,420,Embodied Social Justice Certificate,,,Checksheet,,AVI 145,AVI,145
AME 420,AME,420,"Nursing (4-Year), BSN",,,Checksheet,,AVI 150,AVI,150
AME 420,AME,420,"Nursing (RN-BSN Completion), BSN",,,Checksheet,,AVI 151,AVI,151
AME 420,AME,420,INT 420,INT,420,CrossList,,AVI 189,AVI,189
AME 420,AME,420,WGS 420,WGS,420,CrossList,,AVI 241,AVI,241
AME 420,AME,420,Cultural Perspectives,,,GenEd,,AVI 289,AVI,289
AME 420,AME,420,Humanities,,,GenEd,,AVI 320,AVI,320
AME 430,AME,430,American Studies Minor,,,Checksheet,,AVI 341,AVI,341
AME 430,AME,430,Embodied Social Justice Certificate,,,Checksheet,,AVI 380,AVI,380
AME 430,AME,430,Embodied Social Justice Minor,,,Checksheet,,AVI 389,AVI,389
AME 430,AME,430,"Holocaust, Genocide & Human Rights Studies Minor",,,Checksheet,,AVI 394,AVI,394
AME 430,AME,430,INT 430,INT,430,CrossList,,AVI 420,AVI,420
AME 430,AME,430,WGS 430,WGS,430,CrossList,,AVI 441,AVI,441
AME 430,AME,430,Critical Thinking,,,GenEd,,AVI 450,AVI,450
AME 430,AME,430,Cultural Perspectives,,,GenEd,,AVI 460,AVI,460
AME 430,AME,430,Humanities,,,GenEd,,AVI 144A,AVI,144A
AME 430,AME,430,Information Literacy,,,GenEd,,AVI 144B,AVI,144B
AME 440,AME,440,Embodied Social Justice Certificate,,,Checksheet,,AVI 244A,AVI,244A
AME 440,AME,440,INT 440,INT,440,CrossList,,AVI 244B,AVI,244B
AME 440,AME,440,WGS 440,WGS,440,CrossList,,AVI 344A,AVI,344A
AME 440,AME,440,Cultural Perspectives,,,GenEd,,AVI 344B,AVI,344B
AME 440,AME,440,Humanities,,,GenEd,,AVI 444A,AVI,444A
AME 458W,AME,458W,No Concentration in minor,,,Checksheet,,AVI 444B,AVI,444B
AME 458W,AME,458W,ENG 458W,ENG,458W,CrossList,,AVT 110,AVT,110
AME 458W,AME,458W,Cultural Perspectives,,,GenEd,,AVT 120,AVT,120
AME 458W,AME,458W,Humanities,,,GenEd,,AVT 130,AVT,130
AME 458W,AME,458W,Writing Intensive,,,GenEd,,AVT 140,AVT,140
AME 476,AME,476,History Minor,,,Checksheet,,AVT 210,AVT,210
AME 476,AME,476,HTY 476,HTY,476,CrossList,,AVT 220,AVT,220
AME 476,AME,476,Cultural Perspectives,,,GenEd,,AVT 230,AVT,230
AME 476,AME,476,Humanities,,,GenEd,,AVT 240,AVT,240
AME 494,AME,494,Cultural Perspectives,,,GenEd,,AVT 250,AVT,250
AME 494,AME,494,Humanities,,,GenEd,,AVT 260,AVT,260
AME 496,AME,496,Cultural Perspectives,,,GenEd,,AVT 289,AVT,289
AME 496,AME,496,Humanities,,,GenEd,,AVT 304,AVT,304
ANT 101,ANT,101,Social Science Minor,,,Checksheet,,AVT 305,AVT,305
ANT 101,ANT,101,"Social Science, AA",,,Checksheet,,AVT 310,AVT,310
ANT 101,ANT,101,"Social Science, BA",,,Checksheet,,AVT 320,AVT,320
ANT 101,ANT,101,Social Science,,,GenEd,,AVT 330,AVT,330
ANT 101,ANT,101,ANT 289,ANT,289,Prereq,,AVT 340,AVT,340
ANT 101,ANT,101,ANT 294,ANT,294,Prereq,,BIO 100,BIO,100
ANT 101,ANT,101,ANT 308,ANT,308,Prereq,,BIO 104,BIO,104
ANT 101,ANT,101,ANT 394,ANT,394,Prereq,,BIO 110,BIO,110
ANT 101,ANT,101,ANT 489,ANT,489,Prereq,,BIO 111,BIO,111
ANT 101,ANT,101,HUM 308,HUM,308,Prereq,,BIO 114,BIO,114
ANT 121,ANT,121,American Studies Minor,,,Checksheet,,BIO 115,BIO,115
ANT 121,ANT,121,"Holocaust, Genocide & Human Rights Studies Minor",,,Checksheet,,BIO 116,BIO,116
ANT 121,ANT,121,AME 121,AME,121,CrossList,,BIO 123,BIO,123
ANT 121,ANT,121,Cultural Perspectives,,,GenEd,,BIO 202,BIO,202
ANT 121,ANT,121,Humanities,,,GenEd,,BIO 204,BIO,204
ANT 121,ANT,121,Social Science,,,GenEd,,BIO 210,BIO,210
ANT 121,ANT,121,ANT 308,ANT,308,Prereq,,BIO 215,BIO,215
ANT 121,ANT,121,HUM 308,HUM,308,Prereq,,BIO 235,BIO,235
ANT 122,ANT,122,American Studies Minor,,,Checksheet,,BIO 289,BIO,289
ANT 122,ANT,122,"Elementary Education, BS",,,Checksheet,,BIO 294,BIO,294
ANT 122,ANT,122,"Holocaust, Genocide & Human Rights Studies Minor",,,Checksheet,,BIO 304,BIO,304
ANT 122,ANT,122,AME 122,AME,122,CrossList,,BIO 310,BIO,310
ANT 122,ANT,122,Cultural Perspectives,,,GenEd,,BIO 311,BIO,311
ANT 122,ANT,122,Humanities,,,GenEd,,BIO 318,BIO,318
ANT 122,ANT,122,Social Science,,,GenEd,,BIO 320,BIO,320
ANT 122,ANT,122,ANT 308,ANT,308,Prereq,,BIO 321,BIO,321
ANT 122,ANT,122,HUM 308,HUM,308,Prereq,,BIO 322,BIO,322
ANT 308,ANT,308,"Elementary Education, BS",,,Checksheet,,BIO 324,BIO,324
ANT 308,ANT,308,"Holocaust, Genocide & Human Rights Studies Minor",,,Checksheet,,BIO 345,BIO,345
ANT 308,ANT,308,HUM 308,HUM,308,CrossList,,BIO 351,BIO,351
ANT 308,ANT,308,Humanities,,,GenEd,,BIO 394,BIO,394
ARC 100,ARC,100,"Dental Hygiene, BS",,,Checksheet,,BIO 420,BIO,420
ARC 100,ARC,100,"Liberal Studies, AA",,,Checksheet,,BIO 430,BIO,430
ARC 100,ARC,100,Fine Arts,,,GenEd,,BIO 435,BIO,435
ARC 101,ARC,101,"Architecture, B.Arch",,,Checksheet,,BIO 440,BIO,440
ARC 101,ARC,101,ARC 110,ARC,110,Coreq,,BIO 475,BIO,475
ARC 101,ARC,101,ARC 102,ARC,102,Prereq,,BIO 489,BIO,489
ARC 101,ARC,101,ARC 120,ARC,120,Prereq,,BIO 490,BIO,490
ARC 101,ARC,101,ARC 123,ARC,123,Prereq,,BIO 494,BIO,494
ARC 101,ARC,101,ARC 241,ARC,241,Prereq,,BIO 495,BIO,495
ARC 102,ARC,102,"Architecture, B.Arch",,,Checksheet,,BUA 100,BUA,100
ARC 102,ARC,102,ARC 120,ARC,120,Coreq,,BUA 101,BUA,101
ARC 102,ARC,102,ARC 203,ARC,203,Prereq,,BUA 151,BUA,151
ARC 102,ARC,102,ARC 251,ARC,251,Prereq,,BUA 201,BUA,201
ARC 102,ARC,102,ARC 286,ARC,286,Prereq,,BUA 202,BUA,202
ARC 102,ARC,102,ARC 289,ARC,289,Prereq,,BUA 205,BUA,205
ARC 110,ARC,110,"Architecture, B.Arch",,,Checksheet,,BUA 210,BUA,210
ARC 110,ARC,110,ARC 101,ARC,101,Coreq,,BUA 211,BUA,211
ARC 110,ARC,110,ARC 102,ARC,102,Prereq,,BUA 215,BUA,215
ARC 110,ARC,110,ARC 120,ARC,120,Prereq,,BUA 216,BUA,216
ARC 110,ARC,110,ARC 123,ARC,123,Prereq,,BUA 217,BUA,217
ARC 110,ARC,110,ARC 241,ARC,241,Prereq,,BUA 222,BUA,222
ARC 110,ARC,110,ARC 261,ARC,261,Prereq,,BUA 223,BUA,223
ARC 120,ARC,120,"Architecture, B.Arch",,,Checksheet,,BUA 230,BUA,230
ARC 120,ARC,120,ARC 102,ARC,102,Coreq,,BUA 241,BUA,241
ARC 123,ARC,123,"Architecture, B.Arch",,,Checksheet,,BUA 242,BUA,242
ARC 123,ARC,123,ARC 102,ARC,102,Coreq,,BUA 243,BUA,243
ARC 203,ARC,203,"Architecture, B.Arch",,,Checksheet,,BUA 246,BUA,246
ARC 203,ARC,203,ARC 204,ARC,204,Prereq,,BUA 247,BUA,247
ARC 203,ARC,203,ARC 350,ARC,350,Prereq,,BUA 248,BUA,248
ARC 204,ARC,204,"Architecture, B.Arch",,,Checksheet,,BUA 252,BUA,252
ARC 204,ARC,204,ARC 231,ARC,231,Prereq,,BUA 253,BUA,253
ARC 204,ARC,204,ARC 305,ARC,305,Prereq,,BUA 275,BUA,275
ARC 204,ARC,204,ARC 361,ARC,361,Prereq,,BUA 276,BUA,276
ARC 204,ARC,204,ARC 406,ARC,406,Prereq,,BUA 286,BUA,286
ARC 204,ARC,204,ARC 441,ARC,441,Prereq,,BUA 289,BUA,289
ARC 204,ARC,204,ARC 486,ARC,486,Prereq,,BUA 294,BUA,294
ARC 204,ARC,204,ARC 489,ARC,489,Prereq,,BUA 300,BUA,300
ARC 204,ARC,204,ARC 494,ARC,494,Prereq,,BUA 301,BUA,301
ARC 221,ARC,221,"Architecture, B.Arch",,,Checksheet,,BUA 303,BUA,303
ARC 221,ARC,221,ARC 305,ARC,305,Coreq,,BUA 310,BUA,310
ARC 221,ARC,221,ARC 306,ARC,306,Prereq,,BUA 320,BUA,320
ARC 221,ARC,221,ARC 322,ARC,322,Prereq,,BUA 343,BUA,343
ARC 221,ARC,221,ARC 417,ARC,417,Prereq,,BUA 350,BUA,350
ARC 221,ARC,221,ARC 510,ARC,510,Prereq,,BUA 351,BUA,351
ARC 231,ARC,231,"Architecture, B.Arch",,,Checksheet,,BUA 355,BUA,355
ARC 231,ARC,231,ARC 305,ARC,305,Coreq,,BUA 357,BUA,357
ARC 231,ARC,231,ARC 306,ARC,306,Prereq,,BUA 360,BUA,360
ARC 231,ARC,231,ARC 332,ARC,332,Prereq,,BUA 361,BUA,361
ARC 231,ARC,231,ARC 417,ARC,417,Prereq,,BUA 362,BUA,362
ARC 231,ARC,231,ARC 510,ARC,510,Prereq,,BUA 365,BUA,365
ARC 241,ARC,241,"Architecture, B.Arch",,,Checksheet,,BUA 369,BUA,369
ARC 241,ARC,241,ARC 406,ARC,406,Prereq,,BUA 376,BUA,376
ARC 241,ARC,241,ARC 431,ARC,431,Prereq,,BUA 379,BUA,379
ARC 241,ARC,241,ARC 441,ARC,441,Prereq,,BUA 380,BUA,380
ARC 251,ARC,251,"Architecture, B.Arch",,,Checksheet,,BUA 387,BUA,387
ARC 251,ARC,251,ARC 204,ARC,204,Coreq,,BUA 388,BUA,388
ARC 251,ARC,251,ARC 305,ARC,305,Prereq,,BUA 420,BUA,420
ARC 251,ARC,251,ARC 510,ARC,510,Prereq,,BUA 448,BUA,448
ARC 261,ARC,261,"Architecture, B.Arch",,,Checksheet,,BUA 450,BUA,450
ARC 261,ARC,261,ARC 203,ARC,203,Coreq,,BUA 458,BUA,458
ARC 261,ARC,261,ARC 262,ARC,262,Prereq,,BUA 459,BUA,459
ARC 261,ARC,261,ARC 305,ARC,305,Prereq,,BUA 487,BUA,487
ARC 261,ARC,261,ARC 332,ARC,332,Prereq,,BUA 489,BUA,489
ARC 261,ARC,261,ARC 350,ARC,350,Prereq,,BUA 495,BUA,495
ARC 261,ARC,261,ARC 406,ARC,406,Prereq,,BUA 259W,BUA,259W
ARC 262,ARC,262,"Architecture, B.Arch",,,Checksheet,,CGM 228,CGM,228
ARC 262,ARC,262,ARC 406,ARC,406,Prereq,,CGM 328,CGM,328
ARC 262,ARC,262,ARC 407,ARC,407,Prereq,,CHY 100,CHY,100
ARC 305,ARC,305,"Architecture, B.Arch",,,Checksheet,,CHY 103,CHY,103
ARC 305,ARC,305,ARC 306,ARC,306,Prereq,,CHY 108,CHY,108
ARC 306,ARC,306,"Architecture, B.Arch",,,Checksheet,,CHY 111,CHY,111
ARC 306,ARC,306,ARC 332,ARC,332,Coreq,,CHY 112,CHY,112
ARC 306,ARC,306,ARC 407,ARC,407,Prereq,,CHY 115,CHY,115
ARC 306,ARC,306,ARC 417,ARC,417,Prereq,,CHY 116,CHY,116
ARC 306,ARC,306,ARC 421,ARC,421,Prereq,,CHY 117,CHY,117
ARC 306,ARC,306,ARC 431,ARC,431,Prereq,,CHY 211,CHY,211
ARC 312,ARC,312,"Architecture, B.Arch",,,Checksheet,,CHY 212,CHY,212
ARC 312,ARC,312,ARH 312,ARH,312,CrossList,,CHY 294,CHY,294
ARC 312,ARC,312,Fine Arts,,,GenEd,,CHY 389,CHY,389
ARC 312,ARC,312,ARC 431,ARC,431,Prereq,,CHY 494,CHY,494
ARC 312,ARC,312,ARC 509,ARC,509,Prereq,,CIS 100,CIS,100
ARC 312,ARC,312,ARC 510,ARC,510,Prereq,,CIS 101,CIS,101
ARC 322,ARC,322,"Architecture, B.Arch",,,Checksheet,,CIS 103,CIS,103
ARC 322,ARC,322,ARC 306,ARC,306,Coreq,,CIS 110,CIS,110
ARC 322,ARC,322,ARC 407,ARC,407,Prereq,,CIS 120,CIS,120
ARC 322,ARC,322,ARC 417,ARC,417,Prereq,,CIS 131,CIS,131
ARC 322,ARC,322,ARC 510,ARC,510,Prereq,,CIS 135,CIS,135
ARC 332,ARC,332,"Architecture, B.Arch",,,Checksheet,,CIS 150,CIS,150
ARC 332,ARC,332,ARC 306,ARC,306,Coreq,,CIS 212,CIS,212
ARC 332,ARC,332,ARC 407,ARC,407,Prereq,,CIS 214,CIS,214
ARC 332,ARC,332,ARC 417,ARC,417,Prereq,,CIS 215,CIS,215
ARC 332,ARC,332,ARC 510,ARC,510,Prereq,,CIS 216,CIS,216
ARC 350,ARC,350,"Architecture, B.Arch",,,Checksheet,,CIS 218,CIS,218
ARC 350,ARC,350,ARC 407,ARC,407,Prereq,,CIS 219,CIS,219
ARC 350,ARC,350,ARC 417,ARC,417,Prereq,,CIS 220,CIS,220
ARC 350,ARC,350,ARC 510,ARC,510,Prereq,,CIS 221,CIS,221
ARC 361,ARC,361,"Architecture, B.Arch",,,Checksheet,,CIS 225,CIS,225
ARC 406,ARC,406,"Architecture, B.Arch",,,Checksheet,,CIS 228,CIS,228
ARC 406,ARC,406,ARC 421,ARC,421,Prereq,,CIS 231,CIS,231
ARC 407,ARC,407,"Architecture, B.Arch",,,Checksheet,,CIS 240,CIS,240
ARC 407,ARC,407,ARC 417,ARC,417,Coreq,,CIS 241,CIS,241
ARC 407,ARC,407,ARC 408,ARC,408,Prereq,,CIS 242,CIS,242
ARC 408,ARC,408,"Architecture, B.Arch",,,Checksheet,,CIS 243,CIS,243
ARC 408,ARC,408,ARC 509,ARC,509,Prereq,,CIS 244,CIS,244
ARC 417,ARC,417,"Architecture, B.Arch",,,Checksheet,,CIS 245,CIS,245
ARC 417,ARC,417,ARC 407,ARC,407,Coreq,,CIS 246,CIS,246
ARC 421,ARC,421,"Architecture, B.Arch",,,Checksheet,,CIS 248,CIS,248
ARC 431,ARC,431,"Architecture, B.Arch",,,Checksheet,,CIS 251,CIS,251
ARC 431,ARC,431,ARC 509,ARC,509,Coreq,,CIS 255,CIS,255
ARC 431,ARC,431,ARC 510,ARC,510,Prereq,,CIS 260,CIS,260
ARC 441,ARC,441,"Architecture, B.Arch",,,Checksheet,,CIS 262,CIS,262
ARC 441,ARC,441,ARC 510,ARC,510,Prereq,,CIS 275,CIS,275
ARC 509,ARC,509,"Architecture, B.Arch",,,Checksheet,,CIS 289,CIS,289
ARC 509,ARC,509,ARC 510,ARC,510,Prereq,,CIS 294,CIS,294
ARC 510,ARC,510,"Architecture, B.Arch",,,Checksheet,,CIS 303,CIS,303
ARH 105,ARH,105,"Architecture, B.Arch",,,Checksheet,,CIS 312,CIS,312
ARH 105,ARH,105,"Art, BA",,,Checksheet,,CIS 314,CIS,314
ARH 105,ARH,105,"Dental Hygiene, BS",,,Checksheet,,CIS 315,CIS,315
ARH 105,ARH,105,"Liberal Studies, AA",,,Checksheet,,CIS 319,CIS,319
ARH 105,ARH,105,"Public Administration, BS",,,Checksheet,,CIS 325,CIS,325
ARH 105,ARH,105,Cultural Perspectives,,,GenEd,,CIS 328,CIS,328
ARH 105,ARH,105,Fine Arts,,,GenEd,,CIS 330,CIS,330
ARH 105,ARH,105,Humanities,,,GenEd,,CIS 333,CIS,333
ARH 105,ARH,105,AME 370W,AME,370W,Prereq,,CIS 334,CIS,334
ARH 105,ARH,105,ARC 212,ARC,212,Prereq,,CIS 338,CIS,338
ARH 105,ARH,105,ARC 312,ARC,312,Prereq,,CIS 339,CIS,339
ARH 105,ARH,105,ARC 431,ARC,431,Prereq,,CIS 340,CIS,340
ARH 105,ARH,105,ARC 441,ARC,441,Prereq,,CIS 342,CIS,342
ARH 105,ARH,105,ARC 509,ARC,509,Prereq,,CIS 345,CIS,345
ARH 105,ARH,105,ARH 206,ARH,206,Prereq,,CIS 346,CIS,346
ARH 105,ARH,105,ARH 214W,ARH,214W,Prereq,,CIS 348,CIS,348
ARH 105,ARH,105,ARH 294,ARH,294,Prereq,,CIS 350,CIS,350
ARH 105,ARH,105,ARH 312,ARH,312,Prereq,,CIS 351,CIS,351
ARH 105,ARH,105,ARH 370W,ARH,370W,Prereq,,CIS 352,CIS,352
ARH 105,ARH,105,ARH 389,ARH,389,Prereq,,CIS 353,CIS,353
ARH 105,ARH,105,ENG 214W,ENG,214W,Prereq,,CIS 354,CIS,354
ARH 105,ARH,105,WGS 370W,WGS,370W,Prereq,,CIS 355,CIS,355
ARH 106,ARH,106,"Architecture, B.Arch",,,Checksheet,,CIS 360,CIS,360
ARH 106,ARH,106,"Art, BA",,,Checksheet,,CIS 362,CIS,362
ARH 106,ARH,106,"Dental Hygiene, BS",,,Checksheet,,CIS 370,CIS,370
ARH 106,ARH,106,"Liberal Studies, AA",,,Checksheet,,CIS 380,CIS,380
ARH 106,ARH,106,"Public Administration, BS",,,Checksheet,,CIS 389,CIS,389
ARH 106,ARH,106,Fine Arts,,,GenEd,,CIS 394,CIS,394
ARH 106,ARH,106,Humanities,,,GenEd,,CIS 410,CIS,410
ARH 106,ARH,106,AME 370W,AME,370W,Prereq,,CIS 438,CIS,438
ARH 106,ARH,106,ARC 212,ARC,212,Prereq,,CIS 440,CIS,440
ARH 106,ARH,106,ARC 312,ARC,312,Prereq,,CIS 449,CIS,449
ARH 106,ARH,106,ARC 431,ARC,431,Prereq,,CIS 450,CIS,450
ARH 106,ARH,106,ARC 441,ARC,441,Prereq,,CIS 454,CIS,454
ARH 106,ARH,106,ARC 509,ARC,509,Prereq,,CIS 455,CIS,455
ARH 106,ARH,106,ARH 206,ARH,206,Prereq,,CIS 460,CIS,460
ARH 106,ARH,106,ARH 214W,ARH,214W,Prereq,,CIS 470,CIS,470
ARH 106,ARH,106,ARH 274,ARH,274,Prereq,,CIS 480,CIS,480
ARH 106,ARH,106,ARH 294,ARH,294,Prereq,,CIS 489,CIS,489
ARH 106,ARH,106,ARH 312,ARH,312,Prereq,,CIS 494,CIS,494
ARH 106,ARH,106,ARH 370W,ARH,370W,Prereq,,CIS 100G,CIS,100G
ARH 106,ARH,106,ARH 375,ARH,375,Prereq,,CNB 100,CNB,100
ARH 106,ARH,106,ARH 389,ARH,389,Prereq,,COE 117,COE,117
ARH 106,ARH,106,ENG 214W,ENG,214W,Prereq,,COE 219,COE,219
ARH 106,ARH,106,WGS 370W,WGS,370W,Prereq,,COL 100,COL,100
ARH 206,ARH,206,Photography Minor,,,Checksheet,,COL 101,COL,101
ARH 206,ARH,206,Fine Arts,,,GenEd,,COL 123,COL,123
ARH 214W,ARH,214W,"Art, BA",,,Checksheet,,COL 214,COL,214
ARH 214W,ARH,214W,ENG 214W,ENG,214W,CrossList,,COL 314,COL,314
ARH 214W,ARH,214W,Cultural Perspectives,,,GenEd,,COM 101,COM,101
ARH 214W,ARH,214W,Fine Arts,,,GenEd,,COM 102,COM,102
ARH 214W,ARH,214W,Humanities,,,GenEd,,COM 104,COM,104
ARH 214W,ARH,214W,Writing Intensive,,,GenEd,,COM 106,COM,106
ARH 274,ARH,274,Fine Arts,,,GenEd,,COM 160,COM,160
ARH 289,ARH,289,Fine Arts,,,GenEd,,COM 190,COM,190
ARH 294,ARH,294,Fine Arts,,,GenEd,,COM 294,COM,294
ARH 312,ARH,312,"Architecture, B.Arch",,,Checksheet,,COM 300,COM,300
ARH 312,ARH,312,ARC 312,ARC,312,CrossList,,COM 305,COM,305
ARH 312,ARH,312,Fine Arts,,,GenEd,,COM 317,COM,317
ARH 312,ARH,312,ARC 431,ARC,431,Prereq,,COM 320,COM,320
ARH 312,ARH,312,ARC 509,ARC,509,Prereq,,COM 330,COM,330
ARH 312,ARH,312,ARC 510,ARC,510,Prereq,,COM 375,COM,375
ARH 370W,ARH,370W,AME 370W,AME,370W,CrossList,,COM 389,COM,389
ARH 370W,ARH,370W,WGS 370W,WGS,370W,CrossList,,COM 394,COM,394
ARH 370W,ARH,370W,Cultural Perspectives,,,GenEd,,COM 410,COM,410
ARH 370W,ARH,370W,Fine Arts,,,GenEd,,COM 475,COM,475
ARH 370W,ARH,370W,Humanities,,,GenEd,,COM 480,COM,480
ARH 370W,ARH,370W,Writing Intensive,,,GenEd,,COM 580,COM,580
ARH 375,ARH,375,"Art, BA",,,Checksheet,,CYB 501,CYB,501
ARH 375,ARH,375,Photography Minor,,,Checksheet,,CYB 502,CYB,502
ARH 375,ARH,375,Cultural Perspectives,,,GenEd,,CYB 503,CYB,503
ARH 375,ARH,375,Fine Arts,,,GenEd,,CYB 504,CYB,504
ARH 389,ARH,389,Fine Arts,,,GenEd,,CYB 515,CYB,515
ARH 394,ARH,394,Fine Arts,,,GenEd,,CYB 520,CYB,520
ARH 425,ARH,425,"Art, BA",,,Checksheet,,CYB 524,CYB,524
ARH 425,ARH,425,ART 430,ART,430,Coreq,,CYB 530,CYB,530
ARH 425,ARH,425,ART 425,ART,425,CrossList,,CYB 532,CYB,532
ARH 425,ARH,425,Fine Arts,,,GenEd,,CYB 533,CYB,533
ARH 489,ARH,489,Fine Arts,,,GenEd,,CYB 534,CYB,534
ARH 494,ARH,494,Fine Arts,,,GenEd,,CYB 535,CYB,535
ART 100,ART,100,Fine Arts,,,GenEd,,CYB 536,CYB,536
ART 109,ART,109,Fine Arts,,,GenEd,,CYB 537,CYB,537
ART 111,ART,111,"Art, BA",,,Checksheet,,CYB 538,CYB,538
ART 111,ART,111,Fine Arts,,,GenEd,,CYB 539,CYB,539
ART 112,ART,112,Photography Minor,,,Checksheet,,CYB 551,CYB,551
ART 112,ART,112,Fine Arts,,,GenEd,,CYB 552,CYB,552
ART 112,ART,112,ART 209,ART,209,Prereq,,CYB 561,CYB,561
ART 112,ART,112,ART 210,ART,210,Prereq,,CYB 562,CYB,562
ART 112,ART,112,ART 235,ART,235,Prereq,,CYB 563,CYB,563
ART 112,ART,112,ART 251,ART,251,Prereq,,CYB 565,CYB,565
ART 112,ART,112,ART 415,ART,415,Prereq,,CYB 572,CYB,572
ART 113,ART,113,"Art, BA",,,Checksheet,,CYB 574,CYB,574
ART 113,ART,113,Fine Arts,,,GenEd,,CYB 576,CYB,576
ART 113,ART,113,ART 219,ART,219,Prereq,,CYB 578,CYB,578
ART 113,ART,113,ART 229,ART,229,Prereq,,CYB 581,CYB,581
ART 113,ART,113,ART 251,ART,251,Prereq,,CYB 582,CYB,582
ART 114,ART,114,"Art, BA",,,Checksheet,,CYB 583,CYB,583
ART 114,ART,114,Fine Arts,,,GenEd,,CYB 584,CYB,584
ART 115,ART,115,"Architecture, B.Arch",,,Checksheet,,CYB 586,CYB,586
ART 115,ART,115,"Art, BA",,,Checksheet,,CYB 587,CYB,587
ART 115,ART,115,Fine Arts,,,GenEd,,CYB 588,CYB,588
ART 115,ART,115,ARC 441,ARC,441,Prereq,,CYB 590,CYB,590
ART 115,ART,115,ART 209,ART,209,Prereq,,CYB 591,CYB,591
ART 115,ART,115,ART 210,ART,210,Prereq,,CYB 592,CYB,592
ART 115,ART,115,ART 215,ART,215,Prereq,,CYB 596,CYB,596
ART 115,ART,115,ART 221,ART,221,Prereq,,CYB 597,CYB,597
ART 115,ART,115,ART 315,ART,315,Prereq,,CYB 598,CYB,598
ART 140,ART,140,Fine Arts,,,GenEd,,CYB 698,CYB,698
ART 140,ART,140,ART 310,ART,310,Prereq,,DEA 102,DEA,102
ART 202,ART,202,"Art, BA",,,Checksheet,,DEA 103,DEA,103
ART 202,ART,202,Fine Arts,,,GenEd,,DEA 152,DEA,152
ART 202,ART,202,ART 302,ART,302,Prereq,,DEA 154,DEA,154
ART 203,ART,203,"Art, BA",,,Checksheet,,DEA 200,DEA,200
ART 203,ART,203,Photography Minor,,,Checksheet,,DEA 201,DEA,201
ART 203,ART,203,Fine Arts,,,GenEd,,DEA 204,DEA,204
ART 209,ART,209,Fine Arts,,,GenEd,,DEA 213,DEA,213
ART 209,ART,209,ART 309,ART,309,Prereq,,DEA 250,DEA,250
ART 210,ART,210,"Art, BA",,,Checksheet,,DEA 253,DEA,253
ART 210,ART,210,Fine Arts,,,GenEd,,DEA 370,DEA,370
ART 210,ART,210,ART 309,ART,309,Prereq,,DEA 372,DEA,372
ART 215,ART,215,"Art, BA",,,Checksheet,,DEA 381,DEA,381
ART 215,ART,215,Fine Arts,,,GenEd,,DEA 371L,DEA,371L
ART 215,ART,215,ART 315,ART,315,Prereq,,DEH 201,DEH,201
ART 215,ART,215,ART 415,ART,415,Prereq,,DEH 202,DEH,202
ART 219,ART,219,"Art, BA",,,Checksheet,,DEH 203,DEH,203
ART 219,ART,219,Fine Arts,,,GenEd,,DEH 225,DEH,225
ART 219,ART,219,ART 319,ART,319,Prereq,,DEH 228,DEH,228
ART 219,ART,219,ART 419,ART,419,Prereq,,DEH 250,DEH,250
ART 221,ART,221,"Art, BA",,,Checksheet,,DEH 251,DEH,251
ART 221,ART,221,Fine Arts,,,GenEd,,DEH 252,DEH,252
ART 221,ART,221,ART 321,ART,321,Prereq,,DEH 254,DEH,254
ART 221,ART,221,ART 421,ART,421,Prereq,,DEH 255,DEH,255
ART 229,ART,229,"Art, BA",,,Checksheet,,DEH 265,DEH,265
ART 229,ART,229,Fine Arts,,,GenEd,,DEH 270,DEH,270
ART 235,ART,235,Fine Arts,,,GenEd,,DEH 300,DEH,300
ART 235,ART,235,ART 335,ART,335,Prereq,,DEH 301,DEH,301
ART 251,ART,251,"Art, BA",,,Checksheet,,DEH 302,DEH,302
ART 251,ART,251,Fine Arts,,,GenEd,,DEH 303,DEH,303
ART 251,ART,251,ART 351,ART,351,Prereq,,DEH 304,DEH,304
ART 289,ART,289,"Art, BA",,,Checksheet,,DEH 305,DEH,305
ART 289,ART,289,Fine Arts,,,GenEd,,DEH 330,DEH,330
ART 294,ART,294,Fine Arts,,,GenEd,,DEH 350,DEH,350
ART 302,ART,302,Fine Arts,,,GenEd,,DEH 351,DEH,351
ART 307,ART,307,Photography Minor,,,Checksheet,,DEH 352,DEH,352
ART 307,ART,307,Fine Arts,,,GenEd,,DEH 353,DEH,353
ART 309,ART,309,Fine Arts,,,GenEd,,DEH 354,DEH,354
ART 309,ART,309,ART 409,ART,409,Prereq,,DEH 360,DEH,360
ART 310,ART,310,Fine Arts,,,GenEd,,DEH 400,DEH,400
ART 315,ART,315,Fine Arts,,,GenEd,,DEH 405,DEH,405
ART 319,ART,319,Fine Arts,,,GenEd,,DEH 430,DEH,430
ART 319,ART,319,ART 419,ART,419,Prereq,,DEH 449,DEH,449
ART 321,ART,321,Fine Arts,,,GenEd,,DEH 489,DEH,489
ART 321,ART,321,ART 421,ART,421,Prereq,,DEH 494,DEH,494
ART 330,ART,330,English Writing Minor,,,Checksheet,,DEH 200L,DEH,200L
ART 330,ART,330,ENG 330,ENG,330,CrossList,,DEH 202L,DEH,202L
ART 330,ART,330,INT 330,INT,330,CrossList,,DEH 204L,DEH,204L
ART 330,ART,330,Cultural Perspectives,,,GenEd,,DEH 251L,DEH,251L
ART 330,ART,330,Fine Arts,,,GenEd,,DEH 301L,DEH,301L
ART 330,ART,330,Humanities,,,GenEd,,DEH 304L,DEH,304L
ART 330W,ART,330W,Cultural Perspectives,,,GenEd,,DRA 101,DRA,101
ART 330W,ART,330W,Humanities,,,GenEd,,DRA 106,DRA,106
ART 335,ART,335,Photography Minor,,,Checksheet,,DRA 251,DRA,251
ART 335,ART,335,Fine Arts,,,GenEd,,DRA 265,DRA,265
ART 335,ART,335,ART 435,ART,435,Prereq,,DRA 280,DRA,280
ART 351,ART,351,Fine Arts,,,GenEd,,DRA 294,DRA,294
ART 351,ART,351,ART 451,ART,451,Prereq,,DRA 309,DRA,309
ART 394,ART,394,Fine Arts,,,GenEd,,DRA 315,DRA,315
ART 409,ART,409,Fine Arts,,,GenEd,,DRA 355,DRA,355
ART 415,ART,415,Fine Arts,,,GenEd,,DRA 389,DRA,389
ART 419,ART,419,Fine Arts,,,GenEd,,DRA 394,DRA,394
ART 420,ART,420,Fine Arts,,,GenEd,,DRA 494,DRA,494
ART 421,ART,421,Fine Arts,,,GenEd,,DSC 100,DSC,100
ART 425,ART,425,"Art, BA",,,Checksheet,,DSC 225,DSC,225
ART 425,ART,425,ART 430,ART,430,Coreq,,DSC 255,DSC,255
ART 425,ART,425,ARH 425,ARH,425,CrossList,,DSC 289,DSC,289
ART 425,ART,425,Fine Arts,,,GenEd,,DSC 325,DSC,325
ART 430,ART,430,"Art, BA",,,Checksheet,,DSC 352,DSC,352
ART 430,ART,430,Fine Arts,,,GenEd,,DSC 355,DSC,355
ART 435,ART,435,Fine Arts,,,GenEd,,DSC 360,DSC,360
ART 450,ART,450,"Data Science, BS",,,Checksheet,,DSC 370,DSC,370
ART 450,ART,450,Fine Arts,,,GenEd,,DSC 389,DSC,389
ART 451,ART,451,Fine Arts,,,GenEd,,DSC 449,DSC,449
ART 489,ART,489,"Art, BA",,,Checksheet,,DSC 450,DSC,450
ART 489,ART,489,Fine Arts,,,GenEd,,DSC 454,DSC,454
ART 494,ART,494,Fine Arts,,,GenEd,,DSC 455,DSC,455
ART 496,ART,496,Fine Arts,,,GenEd,,DSC 489,DSC,489
ART 550,ART,550,"Data Science, BS",,,Checksheet,,DSC 525,DSC,525
ART 550,ART,550,"Data Science, PBS",,,Checksheet,,DSC 549,DSC,549
ART 550,ART,550,"Data Visualization, Graduate Certificate",,,Checksheet,,DSC 550,DSC,550
ART 550,ART,550,ART 610,ART,610,Coreq,,DSC 552,DSC,552
ART 550,ART,550,Fine Arts,,,GenEd,,DSC 554,DSC,554
ART 610,ART,610,"Data Science, BS",,,Checksheet,,DSC 555,DSC,555
ART 610,ART,610,"Data Science, PBS",,,Checksheet,,DSC 561,DSC,561
ART 610,ART,610,"Data Visualization, Graduate Certificate",,,Checksheet,,DSC 589,DSC,589
ART 610,ART,610,Fine Arts,,,GenEd,,ECO 100,ECO,100
ASL 101,ASL,101,ASL 201,ASL,201,Coreq,,ECO 201,ECO,201
ASL 101,ASL,101,Cultural Perspectives,,,GenEd,,ECO 202,ECO,202
ASL 101,ASL,101,Humanities,,,GenEd,,ECO 289,ECO,289
ASL 101,ASL,101,ASL 102,ASL,102,Prereq,,ECO 489,ECO,489
ASL 101,ASL,101,ASL 201,ASL,201,Prereq,,EDU 100,EDU,100
ASL 102,ASL,102,ASL 201,ASL,201,Coreq,,EDU 195,EDU,195
ASL 102,ASL,102,Cultural Perspectives,,,GenEd,,EDU 215,EDU,215
ASL 102,ASL,102,Humanities,,,GenEd,,EDU 250,EDU,250
ASL 102,ASL,102,ASL 201,ASL,201,Prereq,,EDU 251,EDU,251
ASL 201,ASL,201,Cultural Perspectives,,,GenEd,,EDU 261,EDU,261
AVI 110,AVI,110,UAS 110,UAS,110,CrossList,,EDU 263,EDU,263
AVI 115,AVI,115,"Aviation-Flight Instructor Concentration, BS",,,Checksheet,,EDU 289,EDU,289
AVI 115,AVI,115,"Aviation-Uncrewed Aircraft Systems Concentration, BS",,,Checksheet,,EDU 324,EDU,324
AVI 115,AVI,115,AVI 116,AVI,116,Prereq,,EDU 325,EDU,325
AVI 116,AVI,116,"Aviation-Flight Instructor Concentration, BS",,,Checksheet,,EDU 326,EDU,326
AVI 116,AVI,116,"Aviation-Uncrewed Aircraft Systems Concentration, BS",,,Checksheet,,EDU 327,EDU,327
AVI 120,AVI,120,"Aviation - Aviation Maintenance Concentration, Bachelor of Science",,,Checksheet,,EDU 328,EDU,328
AVI 120,AVI,120,"Aviation-Flight Instructor Concentration, BS",,,Checksheet,,EDU 329,EDU,329
AVI 120,AVI,120,"Aviation-Uncrewed Aircraft Systems Concentration, BS",,,Checksheet,,EDU 331,EDU,331
AVI 120,AVI,120,HTY 120,HTY,120,CrossList,,EDU 335,EDU,335
AVI 120,AVI,120,Humanities,,,GenEd,,EDU 340,EDU,340
AVI 120,AVI,120,AVI 460,AVI,460,Prereq,,EDU 350,EDU,350
AVI 141,AVI,141,Advanced Aviation Certificate,,,Checksheet,,EDU 352,EDU,352
AVI 141,AVI,141,"Aviation-Flight Instructor Concentration, BS",,,Checksheet,,EDU 361,EDU,361
AVI 141,AVI,141,AVI 144B,AVI,144B,Prereq,,EDU 362,EDU,362
AVI 141,AVI,141,AVI 241,AVI,241,Prereq,,EDU 363,EDU,363
AVI 141,AVI,141,AVI 244B,AVI,244B,Prereq,,EDU 365,EDU,365
AVI 141,AVI,141,AVI 380,AVI,380,Prereq,,EDU 370,EDU,370
AVI 141,AVI,141,AVI 450,AVI,450,Prereq,,EDU 371,EDU,371
AVI 144A,AVI,144A,Advanced Aviation Certificate,,,Checksheet,,EDU 375,EDU,375
AVI 144A,AVI,144A,"Aviation-Flight Instructor Concentration, BS",,,Checksheet,,EDU 380,EDU,380
AVI 144A,AVI,144A,AVI 144B,AVI,144B,Prereq,,EDU 381,EDU,381
AVI 144A,AVI,144A,AVI 241,AVI,241,Prereq,,EDU 387,EDU,387
AVI 144A,AVI,144A,AVI 244B,AVI,244B,Prereq,,EDU 389,EDU,389
AVI 144A,AVI,144A,AVI 380,AVI,380,Prereq,,EDU 392,EDU,392
AVI 144A,AVI,144A,AVI 389,AVI,389,Prereq,,EDU 395,EDU,395
AVI 144A,AVI,144A,AVI 394,AVI,394,Prereq,,EDU 396,EDU,396
AVI 144A,AVI,144A,AVI 450,AVI,450,Prereq,,EDU 399,EDU,399
AVI 144B,AVI,144B,Advanced Aviation Certificate,,,Checksheet,,EDU 400,EDU,400
AVI 144B,AVI,144B,"Aviation-Flight Instructor Concentration, BS",,,Checksheet,,EDU 420,EDU,420
AVI 144B,AVI,144B,AVI 241,AVI,241,Prereq,,EDU 444,EDU,444
AVI 144B,AVI,144B,AVI 244B,AVI,244B,Prereq,,EDU 479,EDU,479
AVI 144B,AVI,144B,AVI 380,AVI,380,Prereq,,EDU 489,EDU,489
AVI 144B,AVI,144B,AVI 450,AVI,450,Prereq,,EDU 490,EDU,490
AVI 145,AVI,145,Advanced Aviation Certificate,,,Checksheet,,EDU 493,EDU,493
AVI 145,AVI,145,"Aviation-Flight Instructor Concentration, BS",,,Checksheet,,EDU 496,EDU,496
AVI 150,AVI,150,Advanced Aviation Certificate,,,Checksheet,,EDU 497,EDU,497
AVI 150,AVI,150,"Aviation-Flight Instructor Concentration, BS",,,Checksheet,,EDU 500,EDU,500
AVI 150,AVI,150,"Aviation-Uncrewed Aircraft Systems Concentration, BS",,,Checksheet,,EDU 510,EDU,510
AVI 150,AVI,150,AVI 151,AVI,151,Prereq,,EDU 520,EDU,520
AVI 151,AVI,151,Advanced Aviation Certificate,,,Checksheet,,EDU 530,EDU,530
AVI 151,AVI,151,"Aviation-Flight Instructor Concentration, BS",,,Checksheet,,EDU 540,EDU,540
AVI 151,AVI,151,"Aviation-Uncrewed Aircraft Systems Concentration, BS",,,Checksheet,,EDU 544,EDU,544
AVI 241,AVI,241,Advanced Aviation Certificate,,,Checksheet,,EDU 550,EDU,550
AVI 241,AVI,241,"Aviation-Flight Instructor Concentration, BS",,,Checksheet,,EDU 579,EDU,579
AVI 241,AVI,241,AVI 244B,AVI,244B,Prereq,,EDU 580,EDU,580
AVI 241,AVI,241,AVI 320,AVI,320,Prereq,,EDU 590,EDU,590
AVI 241,AVI,241,AVI 341,AVI,341,Prereq,,EDU 597,EDU,597
AVI 241,AVI,241,AVI 420,AVI,420,Prereq,,EDU 200W,EDU,200W
AVI 244A,AVI,244A,Advanced Aviation Certificate,,,Checksheet,,EDU 210W,EDU,210W
AVI 244A,AVI,244A,"Aviation-Flight Instructor Concentration, BS",,,Checksheet,,EDU 300W,EDU,300W
AVI 244A,AVI,244A,AVI 244B,AVI,244B,Prereq,,EDU 330W,EDU,330W
AVI 244A,AVI,244A,AVI 320,AVI,320,Prereq,,EDU 341W,EDU,341W
AVI 244A,AVI,244A,AVI 341,AVI,341,Prereq,,EDU 345W,EDU,345W
AVI 244A,AVI,244A,AVI 420,AVI,420,Prereq,,EDU 351W,EDU,351W
AVI 244B,AVI,244B,Advanced Aviation Certificate,,,Checksheet,,EDU 366W,EDU,366W
AVI 244B,AVI,244B,"Aviation-Flight Instructor Concentration, BS",,,Checksheet,,EDU 385W,EDU,385W
AVI 244B,AVI,244B,AVI 320,AVI,320,Prereq,,EDU 390W,EDU,390W
AVI 244B,AVI,244B,AVI 341,AVI,341,Prereq,,EDU 401W,EDU,401W
AVI 244B,AVI,244B,AVI 420,AVI,420,Prereq,,EDU 495A,EDU,495A
AVI 320,AVI,320,"Aviation-Flight Instructor Concentration, BS",,,Checksheet,,EDU 495B,EDU,495B
AVI 341,AVI,341,Advanced Aviation Certificate,,,Checksheet,,ENG 100,ENG,100
AVI 341,AVI,341,"Aviation-Flight Instructor Concentration, BS",,,Checksheet,,ENG 101,ENG,101
AVI 341,AVI,341,AVI 441,AVI,441,Prereq,,ENG 289,ENG,289
AVI 341,AVI,341,AVI 460,AVI,460,Prereq,,ENG 294,ENG,294
AVI 344A,AVI,344A,Advanced Aviation Certificate,,,Checksheet,,ENG 303,ENG,303
AVI 344A,AVI,344A,"Aviation-Flight Instructor Concentration, BS",,,Checksheet,,ENG 315,ENG,315
AVI 344A,AVI,344A,AVI 441,AVI,441,Prereq,,ENG 316,ENG,316
AVI 344A,AVI,344A,AVI 460,AVI,460,Prereq,,ENG 318,ENG,318
AVI 344B,AVI,344B,Advanced Aviation Certificate,,,Checksheet,,ENG 330,ENG,330
AVI 344B,AVI,344B,"Aviation-Flight Instructor Concentration, BS",,,Checksheet,,ENG 332,ENG,332
AVI 344B,AVI,344B,AVI 441,AVI,441,Prereq,,ENG 337,ENG,337
AVI 344B,AVI,344B,AVI 460,AVI,460,Prereq,,ENG 340,ENG,340
AVI 380,AVI,380,"Aviation-Flight Instructor Concentration, BS",,,Checksheet,,ENG 352,ENG,352
AVI 420,AVI,420,"Aviation-Flight Instructor Concentration, BS",,,Checksheet,,ENG 355,ENG,355
AVI 441,AVI,441,"Aviation-Flight Instructor Concentration, BS",,,Checksheet,,ENG 375,ENG,375
AVI 444A,AVI,444A,"Aviation-Flight Instructor Concentration, BS",,,Checksheet,,ENG 380,ENG,380
AVI 444B,AVI,444B,"Aviation-Flight Instructor Concentration, BS",,,Checksheet,,ENG 389,ENG,389
AVI 450,AVI,450,Advanced Aviation Certificate,,,Checksheet,,ENG 394,ENG,394
AVI 450,AVI,450,"Aviation-Flight Instructor Concentration, BS",,,Checksheet,,ENG 486,ENG,486
AVI 460,AVI,460,Advanced Aviation Certificate,,,Checksheet,,ENG 489,ENG,489
AVI 460,AVI,460,"Aviation-Flight Instructor Concentration, BS",,,Checksheet,,ENG 494,ENG,494
AVI 460,AVI,460,Management Emphasis,,,Checksheet,,ENG 496,ENG,496
AVT 110,AVT,110,Aircraft Maintenance Technician Minor,,,Checksheet,,ENG 102W,ENG,102W
AVT 110,AVT,110,Aircraft Maintenance Training School (AMTS) Certificate,,,Checksheet,,ENG 111W,ENG,111W
AVT 110,AVT,110,"Aviation - Aviation Maintenance Concentration, Bachelor of Science",,,Checksheet,,ENG 185W,ENG,185W
AVT 110,AVT,110,AVT 210,AVT,210,Prereq,,ENG 201W,ENG,201W
AVT 110,AVT,110,AVT 220,AVT,220,Prereq,,ENG 202W,ENG,202W
AVT 120,AVT,120,Aircraft Maintenance Technician Minor,,,Checksheet,,ENG 203W,ENG,203W
AVT 120,AVT,120,Aircraft Maintenance Training School (AMTS) Certificate,,,Checksheet,,ENG 210W,ENG,210W
AVT 120,AVT,120,"Aviation - Aviation Maintenance Concentration, Bachelor of Science",,,Checksheet,,ENG 214W,ENG,214W
AVT 120,AVT,120,AVT 210,AVT,210,Prereq,,ENG 250W,ENG,250W
AVT 120,AVT,120,AVT 220,AVT,220,Prereq,,ENG 251W,ENG,251W
AVT 130,AVT,130,Aircraft Maintenance Technician Minor,,,Checksheet,,ENG 300W,ENG,300W
AVT 130,AVT,130,Aircraft Maintenance Training School (AMTS) Certificate,,,Checksheet,,ENG 301W,ENG,301W
AVT 130,AVT,130,"Aviation - Aviation Maintenance Concentration, Bachelor of Science",,,Checksheet,,ENG 305W,ENG,305W
AVT 130,AVT,130,"Aviation-Uncrewed Aircraft Systems Concentration, BS",,,Checksheet,,ENG 310W,ENG,310W
AVT 130,AVT,130,UAS 130,UAS,130,CrossList,,ENG 311W,ENG,311W
AVT 130,AVT,130,AVT 210,AVT,210,Prereq,,ENG 313W,ENG,313W
AVT 130,AVT,130,AVT 220,AVT,220,Prereq,,ENG 317W,ENG,317W
AVT 140,AVT,140,Aircraft Maintenance Technician Minor,,,Checksheet,,ENG 319W,ENG,319W
AVT 140,AVT,140,Aircraft Maintenance Training School (AMTS) Certificate,,,Checksheet,,ENG 320W,ENG,320W
AVT 140,AVT,140,"Aviation - Aviation Maintenance Concentration, Bachelor of Science",,,Checksheet,,ENG 321W,ENG,321W
AVT 140,AVT,140,Natural Science,,,GenEd,,ENG 323W,ENG,323W
AVT 140,AVT,140,AVT 210,AVT,210,Prereq,,ENG 325W,ENG,325W
AVT 140,AVT,140,AVT 220,AVT,220,Prereq,,ENG 331W,ENG,331W
AVT 210,AVT,210,Aircraft Maintenance Technician Minor,,,Checksheet,,ENG 335W,ENG,335W
AVT 210,AVT,210,Aircraft Maintenance Training School (AMTS) Certificate,,,Checksheet,,ENG 336W,ENG,336W
AVT 210,AVT,210,"Aviation - Aviation Maintenance Concentration, Bachelor of Science",,,Checksheet,,ENG 341W,ENG,341W
AVT 210,AVT,210,AVT 230,AVT,230,Prereq,,ENG 344W,ENG,344W
AVT 210,AVT,210,AVT 240,AVT,240,Prereq,,ENG 347W,ENG,347W
AVT 210,AVT,210,AVT 250,AVT,250,Prereq,,ENG 348W,ENG,348W
AVT 210,AVT,210,AVT 260,AVT,260,Prereq,,ENG 350W,ENG,350W
AVT 210,AVT,210,AVT 310,AVT,310,Prereq,,ENG 351W,ENG,351W
AVT 220,AVT,220,Aircraft Maintenance Technician Minor,,,Checksheet,,ENG 353W,ENG,353W
AVT 220,AVT,220,Aircraft Maintenance Training School (AMTS) Certificate,,,Checksheet,,ENG 357W,ENG,357W
AVT 220,AVT,220,"Aviation - Aviation Maintenance Concentration, Bachelor of Science",,,Checksheet,,ENG 360W,ENG,360W
AVT 220,AVT,220,AVT 230,AVT,230,Prereq,,ENG 363W,ENG,363W
AVT 220,AVT,220,AVT 240,AVT,240,Prereq,,ENG 366W,ENG,366W
AVT 220,AVT,220,AVT 250,AVT,250,Prereq,,ENG 370W,ENG,370W
AVT 220,AVT,220,AVT 260,AVT,260,Prereq,,ENG 390W,ENG,390W
AVT 220,AVT,220,AVT 310,AVT,310,Prereq,,ENG 450W,ENG,450W
AVT 230,AVT,230,Aircraft Maintenance Technician Minor,,,Checksheet,,ENG 452W,ENG,452W
AVT 230,AVT,230,Aircraft Maintenance Training School (AMTS) Certificate,,,Checksheet,,ENG 458W,ENG,458W
AVT 230,AVT,230,"Aviation - Aviation Maintenance Concentration, Bachelor of Science",,,Checksheet,,ENG 461W,ENG,461W
AVT 230,AVT,230,AVT 240,AVT,240,Prereq,,ENG 470W,ENG,470W
AVT 230,AVT,230,AVT 250,AVT,250,Prereq,,ENG 475W,ENG,475W
AVT 230,AVT,230,AVT 260,AVT,260,Prereq,,ENG 499W,ENG,499W
AVT 230,AVT,230,AVT 310,AVT,310,Prereq,,FRE 101,FRE,101
AVT 240,AVT,240,Aircraft Maintenance Technician Minor,,,Checksheet,,FRE 102,FRE,102
AVT 240,AVT,240,Aircraft Maintenance Training School (AMTS) Certificate,,,Checksheet,,FRE 103,FRE,103
AVT 240,AVT,240,"Aviation - Aviation Maintenance Concentration, Bachelor of Science",,,Checksheet,,FRE 201,FRE,201
AVT 240,AVT,240,AVT 250,AVT,250,Prereq,,FRE 202,FRE,202
AVT 240,AVT,240,AVT 260,AVT,260,Prereq,,FRE 203,FRE,203
AVT 240,AVT,240,AVT 310,AVT,310,Prereq,,FRE 204,FRE,204
AVT 250,AVT,250,Aircraft Maintenance Technician Minor,,,Checksheet,,FRE 294,FRE,294
AVT 250,AVT,250,Aircraft Maintenance Training School (AMTS) Certificate,,,Checksheet,,FRE 305,FRE,305
AVT 250,AVT,250,"Aviation - Aviation Maintenance Concentration, Bachelor of Science",,,Checksheet,,FRE 306,FRE,306
AVT 250,AVT,250,AVT 260,AVT,260,Prereq,,FRE 309,FRE,309
AVT 250,AVT,250,AVT 310,AVT,310,Prereq,,FRE 340,FRE,340
AVT 260,AVT,260,Aircraft Maintenance Technician Minor,,,Checksheet,,FRE 394,FRE,394
AVT 260,AVT,260,Aircraft Maintenance Training School (AMTS) Certificate,,,Checksheet,,FRE 494,FRE,494
AVT 260,AVT,260,"Aviation - Aviation Maintenance Concentration, Bachelor of Science",,,Checksheet,,FRE 350W,FRE,350W
AVT 260,AVT,260,AVT 310,AVT,310,Prereq,,GEO 101,GEO,101
AVT 310,AVT,310,Aircraft Maintenance Technician Minor,,,Checksheet,,GEO 360,GEO,360
AVT 310,AVT,310,Aircraft Maintenance Training School (AMTS) Certificate,,,Checksheet,,GEO 521,GEO,521
AVT 310,AVT,310,"Aviation - Aviation Maintenance Concentration, Bachelor of Science",,,Checksheet,,GEO 531,GEO,531
AVT 310,AVT,310,AVT 320,AVT,320,Prereq,,GEY 101,GEY,101
AVT 310,AVT,310,AVT 330,AVT,330,Prereq,,GEY 289,GEY,289
AVT 310,AVT,310,AVT 340,AVT,340,Prereq,,HGH 301,HGH,301
AVT 320,AVT,320,Aircraft Maintenance Technician Minor,,,Checksheet,,HGH 325,HGH,325
AVT 320,AVT,320,Aircraft Maintenance Training School (AMTS) Certificate,,,Checksheet,,HGH 345,HGH,345
AVT 320,AVT,320,"Aviation - Aviation Maintenance Concentration, Bachelor of Science",,,Checksheet,,HGH 367,HGH,367
AVT 320,AVT,320,AVT 330,AVT,330,Prereq,,HON 188,HON,188
AVT 320,AVT,320,AVT 340,AVT,340,Prereq,,HON 208,HON,208
AVT 330,AVT,330,Aircraft Maintenance Technician Minor,,,Checksheet,,HON 294,HON,294
AVT 330,AVT,330,Aircraft Maintenance Training School (AMTS) Certificate,,,Checksheet,,HON 308,HON,308
AVT 330,AVT,330,"Aviation - Aviation Maintenance Concentration, Bachelor of Science",,,Checksheet,,HON 394,HON,394
AVT 330,AVT,330,AVT 340,AVT,340,Prereq,,HON 494,HON,494
AVT 340,AVT,340,Aircraft Maintenance Technician Minor,,,Checksheet,,HTY 103,HTY,103
AVT 340,AVT,340,Aircraft Maintenance Training School (AMTS) Certificate,,,Checksheet,,HTY 104,HTY,104
AVT 340,AVT,340,"Aviation - Aviation Maintenance Concentration, Bachelor of Science",,,Checksheet,,HTY 105,HTY,105
BIO 100,BIO,100,Dental Assisting Certificate,,,Checksheet,,HTY 106,HTY,106
BIO 100,BIO,100,"Dental Assisting, AS",,,Checksheet,,HTY 120,HTY,120
BIO 100,BIO,100,Forensic Science Certificate,,,Checksheet,,HTY 207,HTY,207
BIO 100,BIO,100,DEA 102,DEA,102,Coreq,,HTY 289,HTY,289
BIO 100,BIO,100,Natural Science,,,GenEd,,HTY 294,HTY,294
BIO 100,BIO,100,BIO 202,BIO,202,Prereq,,HTY 304,HTY,304
BIO 100,BIO,100,BIO 215,BIO,215,Prereq,,HTY 305,HTY,305
BIO 100,BIO,100,DEA 103,DEA,103,Prereq,,HTY 307,HTY,307
BIO 100,BIO,100,DEA 200,DEA,200,Prereq,,HTY 310,HTY,310
BIO 100,BIO,100,DEA 201,DEA,201,Prereq,,HTY 321,HTY,321
BIO 100,BIO,100,PSY 202,PSY,202,Prereq,,HTY 325,HTY,325
BIO 104,BIO,104,"Dental Hygiene, BS (Pending Accreditation)",,,Checksheet,,HTY 335,HTY,335
BIO 104,BIO,104,"Nursing (4-Year), BSN",,,Checksheet,,HTY 340,HTY,340
BIO 104,BIO,104,BIO 204,BIO,204,Prereq,,HTY 341,HTY,341
BIO 104,BIO,104,DEH 254,DEH,254,Prereq,,HTY 345,HTY,345
BIO 104,BIO,104,SSC 204,SSC,204,Prereq,,HTY 350,HTY,350
BIO 110,BIO,110,Biology Minor,,,Checksheet,,HTY 359,HTY,359
BIO 110,BIO,110,"Biology MLT 2+2, BA",,,Checksheet,,HTY 365,HTY,365
BIO 110,BIO,110,"Biology, BA",,,Checksheet,,HTY 368,HTY,368
BIO 110,BIO,110,"Biology, BA (Pre-Med Track)",,,Checksheet,,HTY 375,HTY,375
BIO 110,BIO,110,"Community Policing, AS",,,Checksheet,,HTY 389,HTY,389
BIO 110,BIO,110,"Dental Hygiene, BS (Pending Accreditation)",,,Checksheet,,HTY 394,HTY,394
BIO 110,BIO,110,Forensic Science Certificate,,,Checksheet,,HTY 476,HTY,476
BIO 110,BIO,110,"Medical Laboratory Technology, AS",,,Checksheet,,HTY 489,HTY,489
BIO 110,BIO,110,"Neuropsychology, Minor",,,Checksheet,,HTY 494,HTY,494
BIO 110,BIO,110,"Nursing (4-Year), BSN",,,Checksheet,,HTY 330W,HTY,330W
BIO 110,BIO,110,"Nursing (RN-BSN Completion), BSN",,,Checksheet,,HUM 110,HUM,110
BIO 110,BIO,110,"Veterinary Technology, AS",,,Checksheet,,HUM 289,HUM,289
BIO 110,BIO,110,DEA 102,DEA,102,Coreq,,HUM 308,HUM,308
BIO 110,BIO,110,Natural Science,,,GenEd,,HUM 309,HUM,309
BIO 110,BIO,110,BIO 111,BIO,111,Prereq,,HUM 330,HUM,330
BIO 110,BIO,110,BIO 210,BIO,210,Prereq,,HUM 380,HUM,380
BIO 110,BIO,110,BIO 215,BIO,215,Prereq,,HUM 389,HUM,389
BIO 110,BIO,110,BIO 235,BIO,235,Prereq,,HUM 489,HUM,489
BIO 110,BIO,110,BIO 304,BIO,304,Prereq,,HUM 310W,HUM,310W
BIO 110,BIO,110,BIO 310,BIO,310,Prereq,,HUM 350W,HUM,350W
BIO 110,BIO,110,BIO 311,BIO,311,Prereq,,HUS 101,HUS,101
BIO 110,BIO,110,BIO 320,BIO,320,Prereq,,HUS 125,HUS,125
BIO 110,BIO,110,BIO 321,BIO,321,Prereq,,HUS 130,HUS,130
BIO 110,BIO,110,BIO 324,BIO,324,Prereq,,HUS 134,HUS,134
BIO 110,BIO,110,DEA 103,DEA,103,Prereq,,HUS 151,HUS,151
BIO 110,BIO,110,DEA 200,DEA,200,Prereq,,HUS 152,HUS,152
BIO 110,BIO,110,DEA 201,DEA,201,Prereq,,HUS 160,HUS,160
BIO 110,BIO,110,DEH 270,DEH,270,Prereq,,HUS 201,HUS,201
BIO 110,BIO,110,NUR 220,NUR,220,Prereq,,HUS 212,HUS,212
BIO 111,BIO,111,"Biology MLT 2+2, BA",,,Checksheet,,HUS 215,HUS,215
BIO 111,BIO,111,"Biology, BA",,,Checksheet,,HUS 218,HUS,218
BIO 111,BIO,111,"Biology, BA (Pre-Med Track)",,,Checksheet,,HUS 220,HUS,220
BIO 111,BIO,111,Natural Science,,,GenEd,,HUS 221,HUS,221
BIO 111,BIO,111,BIO 318,BIO,318,Prereq,,HUS 222,HUS,222
BIO 115,BIO,115,"Veterinary Technology, AS",,,Checksheet,,HUS 223,HUS,223
BIO 115,BIO,115,"Veterinary Technology, BS",,,Checksheet,,HUS 224,HUS,224
BIO 115,BIO,115,Natural Science,,,GenEd,,HUS 229,HUS,229
BIO 115,BIO,115,BIO 116,BIO,116,Prereq,,HUS 230,HUS,230
BIO 116,BIO,116,"Veterinary Technology, AS",,,Checksheet,,HUS 232,HUS,232
BIO 116,BIO,116,"Veterinary Technology, BS",,,Checksheet,,HUS 233,HUS,233
BIO 116,BIO,116,Natural Science,,,GenEd,,HUS 236,HUS,236
BIO 116,BIO,116,VTE 200,VTE,200,Prereq,,HUS 240,HUS,240
BIO 116,BIO,116,VTE 210,VTE,210,Prereq,,HUS 262,HUS,262
BIO 116,BIO,116,VTE 223,VTE,223,Prereq,,HUS 263,HUS,263
BIO 116,BIO,116,VTE 224,VTE,224,Prereq,,HUS 270,HUS,270
BIO 116,BIO,116,VTE 316,VTE,316,Prereq,,HUS 279,HUS,279
BIO 116,BIO,116,VTE 319,VTE,319,Prereq,,HUS 289,HUS,289
BIO 123,BIO,123,Natural Science,,,GenEd,,HUS 298,HUS,298
BIO 202,BIO,202,"Aviation - Aviation Maintenance Concentration, Bachelor of Science",,,Checksheet,,HUS 304,HUS,304
BIO 202,BIO,202,"Aviation-Flight Instructor Concentration, BS",,,Checksheet,,HUS 305,HUS,305
BIO 202,BIO,202,"Aviation-Uncrewed Aircraft Systems Concentration, BS",,,Checksheet,,HUS 306,HUS,306
BIO 202,BIO,202,Behavioral Science Minor,,,Checksheet,,HUS 309,HUS,309
BIO 202,BIO,202,"Neuropsychology, Minor",,,Checksheet,,HUS 316,HUS,316
BIO 202,BIO,202,PSY 202,PSY,202,CrossList,,HUS 318,HUS,318
BIO 202,BIO,202,PSY 402,PSY,402,Prereq,,HUS 323,HUS,323
BIO 204,BIO,204,SSC 204,SSC,204,CrossList,,HUS 326,HUS,326
BIO 210,BIO,210,"Biology MLT 2+2, BA",,,Checksheet,,HUS 328,HUS,328
BIO 210,BIO,210,"Biology, BA",,,Checksheet,,HUS 330,HUS,330
BIO 210,BIO,210,"Biology, BA (Pre-Med Track)",,,Checksheet,,HUS 331,HUS,331
BIO 210,BIO,210,"Dental Hygiene, AS",,,Checksheet,,HUS 332,HUS,332
BIO 210,BIO,210,"Dental Hygiene, BS",,,Checksheet,,HUS 335,HUS,335
BIO 210,BIO,210,"Dental Hygiene, BS (Pending Accreditation)",,,Checksheet,,HUS 342,HUS,342
BIO 210,BIO,210,"Medical Laboratory Technology, AS",,,Checksheet,,HUS 345,HUS,345
BIO 210,BIO,210,"Nursing (4-Year), BSN",,,Checksheet,,HUS 346,HUS,346
BIO 210,BIO,210,"Nursing (RN-BSN Completion), BSN",,,Checksheet,,HUS 349,HUS,349
BIO 210,BIO,210,DEA 102,DEA,102,Coreq,,HUS 350,HUS,350
BIO 210,BIO,210,BIO 304,BIO,304,Prereq,,HUS 352,HUS,352
BIO 210,BIO,210,BIO 321,BIO,321,Prereq,,HUS 354,HUS,354
BIO 210,BIO,210,BIO 324,BIO,324,Prereq,,HUS 364,HUS,364
BIO 210,BIO,210,BIO 345,BIO,345,Prereq,,HUS 366,HUS,366
BIO 210,BIO,210,BIO 430,BIO,430,Prereq,,HUS 368,HUS,368
BIO 210,BIO,210,BIO 490,BIO,490,Prereq,,HUS 371,HUS,371
BIO 210,BIO,210,DEA 103,DEA,103,Prereq,,HUS 372,HUS,372
BIO 210,BIO,210,DEA 200,DEA,200,Prereq,,HUS 376,HUS,376
BIO 210,BIO,210,DEA 201,DEA,201,Prereq,,HUS 385,HUS,385
BIO 210,BIO,210,DEH 250,DEH,250,Prereq,,HUS 389,HUS,389
BIO 210,BIO,210,DEH 252,DEH,252,Prereq,,HUS 460,HUS,460
BIO 210,BIO,210,DEH 255,DEH,255,Prereq,,HUS 461,HUS,461
BIO 210,BIO,210,NUR 220,NUR,220,Prereq,,HUS 462,HUS,462
BIO 210,BIO,210,NUR 226,NUR,226,Prereq,,HUS 463,HUS,463
BIO 304,BIO,304,"Biology, BA (Pre-Med Track)",,,Checksheet,,HUS 470,HUS,470
BIO 310,BIO,310,"Biology, BA (Pre-Med Track)",,,Checksheet,,HUS 489,HUS,489
BIO 311,BIO,311,"Biology, BA",,,Checksheet,,HUS 501,HUS,501
BIO 311,BIO,311,"Biology, BA (Pre-Med Track)",,,Checksheet,,HUS 502,HUS,502
BIO 320,BIO,320,"Biology MLT 2+2, BA",,,Checksheet,,HUS 503,HUS,503
BIO 320,BIO,320,"Biology, BA",,,Checksheet,,HUS 504,HUS,504
BIO 320,BIO,320,"Biology, BA (Pre-Med Track)",,,Checksheet,,HUS 505,HUS,505
BIO 320,BIO,320,"Neuropsychology, Minor",,,Checksheet,,HUS 506,HUS,506
BIO 320,BIO,320,BIO 351,BIO,351,Prereq,,ILS 100,ILS,100
BIO 320,BIO,320,BIO 420,BIO,420,Prereq,,ILS 101,ILS,101
BIO 320,BIO,320,BIO 435,BIO,435,Prereq,,ILS 102,ILS,102
BIO 320,BIO,320,NUR 351,NUR,351,Prereq,,ILS 109,ILS,109
BIO 320,BIO,320,PHI 351,PHI,351,Prereq,,ILS 150,ILS,150
BIO 321,BIO,321,"Biology, BA",,,Checksheet,,ILS 175,ILS,175
BIO 321,BIO,321,"Biology, BA (Pre-Med Track)",,,Checksheet,,ILS 201,ILS,201
BIO 321,BIO,321,"Dental Hygiene, AS",,,Checksheet,,ILS 202,ILS,202
BIO 321,BIO,321,"Dental Hygiene, BS",,,Checksheet,,ILS 204,ILS,204
BIO 321,BIO,321,"Dental Hygiene, BS (Pending Accreditation)",,,Checksheet,,ILS 205,ILS,205
BIO 321,BIO,321,"Nursing (4-Year), BSN",,,Checksheet,,ILS 212,ILS,212
BIO 321,BIO,321,"Nursing (RN-BSN Completion), BSN",,,Checksheet,,ILS 225,ILS,225
BIO 321,BIO,321,"Veterinary Technology, AS",,,Checksheet,,ILS 250,ILS,250
BIO 321,BIO,321,"Veterinary Technology, BS",,,Checksheet,,ILS 289,ILS,289
BIO 321,BIO,321,BIO 322,BIO,322,Prereq,,ILS 294,ILS,294
BIO 321,BIO,321,BIO 345,BIO,345,Prereq,,ILS 299,ILS,299
BIO 321,BIO,321,BIO 440,BIO,440,Prereq,,ILS 306,ILS,306
BIO 321,BIO,321,BIO 490,BIO,490,Prereq,,ILS 312,ILS,312
BIO 321,BIO,321,DEH 300,DEH,300,Prereq,,ILS 325,ILS,325
BIO 321,BIO,321,DEH 302,DEH,302,Prereq,,ILS 350,ILS,350
BIO 321,BIO,321,DEH 303,DEH,303,Prereq,,ILS 365,ILS,365
BIO 321,BIO,321,VTE 200,VTE,200,Prereq,,ILS 385,ILS,385
BIO 321,BIO,321,VTE 210,VTE,210,Prereq,,ILS 389,ILS,389
BIO 321,BIO,321,VTE 223,VTE,223,Prereq,,ILS 394,ILS,394
BIO 321,BIO,321,VTE 224,VTE,224,Prereq,,ILS 412,ILS,412
BIO 321,BIO,321,VTE 316,VTE,316,Prereq,,ILS 420,ILS,420
BIO 321,BIO,321,VTE 319,VTE,319,Prereq,,ILS 441,ILS,441
BIO 322,BIO,322,"Biology MLT 2+2, BA",,,Checksheet,,ILS 442,ILS,442
BIO 322,BIO,322,"Biology, BA",,,Checksheet,,ILS 450,ILS,450
BIO 322,BIO,322,"Biology, BA (Pre-Med Track)",,,Checksheet,,ILS 494,ILS,494
BIO 324,BIO,324,"Biology MLT 2+2, BA",,,Checksheet,,ILS 499,ILS,499
BIO 324,BIO,324,"Biology, BA",,,Checksheet,,ILS 506,ILS,506
BIO 324,BIO,324,"Biology, BA (Pre-Med Track)",,,Checksheet,,IND 194,IND,194
BIO 324,BIO,324,"Dental Hygiene, BS (Pending Accreditation)",,,Checksheet,,IND 294,IND,294
BIO 324,BIO,324,"Neuropsychology, Minor",,,Checksheet,,IND 494,IND,494
BIO 324,BIO,324,Information Literacy,,,GenEd,,INT 110,INT,110
BIO 324,BIO,324,BIO 440,BIO,440,Prereq,,INT 188,INT,188
BIO 345,BIO,345,"Biology, BA (Pre-Med Track)",,,Checksheet,,INT 189,INT,189
BIO 345,BIO,345,"Dental Hygiene, AS",,,Checksheet,,INT 208,INT,208
BIO 345,BIO,345,"Dental Hygiene, BS",,,Checksheet,,INT 264,INT,264
BIO 345,BIO,345,"Dental Hygiene, BS (Pending Accreditation)",,,Checksheet,,INT 289,INT,289
BIO 345,BIO,345,"Nursing (4-Year), BSN",,,Checksheet,,INT 294,INT,294
BIO 345,BIO,345,"Nursing (RN-BSN Completion), BSN",,,Checksheet,,INT 308,INT,308
BIO 345,BIO,345,NUR 220,NUR,220,Coreq,,INT 330,INT,330
BIO 345,BIO,345,NUR 226,NUR,226,Coreq,,INT 331,INT,331
BIO 345,BIO,345,DEH 250,DEH,250,Prereq,,INT 335,INT,335
BIO 345,BIO,345,DEH 252,DEH,252,Prereq,,INT 345,INT,345
BIO 345,BIO,345,DEH 255,DEH,255,Prereq,,INT 349,INT,349
BIO 351,BIO,351,"Holocaust, Genocide & Human Rights Studies Minor",,,Checksheet,,INT 352,INT,352
BIO 351,BIO,351,"Medical Laboratory Science, BS",,,Checksheet,,INT 357,INT,357
BIO 351,BIO,351,"Nursing (4-Year), BSN",,,Checksheet,,INT 368,INT,368
BIO 351,BIO,351,"Nursing (RN-BSN Completion), BSN",,,Checksheet,,INT 389,INT,389
BIO 351,BIO,351,Philosophy Minor,,,Checksheet,,INT 394,INT,394
BIO 351,BIO,351,NUR 351,NUR,351,CrossList,,INT 396,INT,396
BIO 351,BIO,351,PHI 351,PHI,351,CrossList,,INT 420,INT,420
BIO 351,BIO,351,Ethical Reasoning,,,GenEd,,INT 430,INT,430
BIO 351,BIO,351,Humanities,,,GenEd,,INT 440,INT,440
BIO 420,BIO,420,"Biology, BA (Pre-Med Track)",,,Checksheet,,INT 489,INT,489
BIO 430,BIO,430,"Biology, BA (Pre-Med Track)",,,Checksheet,,INT 494,INT,494
BIO 435,BIO,435,"Biology, BA (Pre-Med Track)",,,Checksheet,,INT 495,INT,495
BIO 435,BIO,435,"Data Science, BS",,,Checksheet,,INT 319W,INT,319W
BIO 435,BIO,435,"Data Science, PBS",,,Checksheet,,INT 344W,INT,344W
BIO 440,BIO,440,"Biology, BA (Pre-Med Track)",,,Checksheet,,ISS 210,ISS,210
BIO 490,BIO,490,"Biology, BA (Pre-Med Track)",,,Checksheet,,ISS 212,ISS,212
BIO 494,BIO,494,"Biology, BA (Pre-Med Track)",,,Checksheet,,ISS 214,ISS,214
BIO 495,BIO,495,"Biology, BA (Pre-Med Track)",,,Checksheet,,ISS 215,ISS,215
BIO 495,BIO,495,"Data Science, BS",,,Checksheet,,ISS 218,ISS,218
BUA 100,BUA,100,"Accounting, BSBA",,,Checksheet,,ISS 220,ISS,220
BUA 100,BUA,100,"Aviation - Aviation Maintenance Concentration, Bachelor of Science",,,Checksheet,,ISS 224,ISS,224
BUA 100,BUA,100,"Aviation-Flight Instructor Concentration, BS",,,Checksheet,,ISS 226,ISS,226
BUA 100,BUA,100,"Aviation-Uncrewed Aircraft Systems Concentration, BS",,,Checksheet,,ISS 232,ISS,232
BUA 100,BUA,100,"Business Administration, AS",,,Checksheet,,ISS 235,ISS,235
BUA 100,BUA,100,"Business Administration, PBS",,,Checksheet,,ISS 240,ISS,240
BUA 100,BUA,100,"Management, BSBA",,,Checksheet,,ISS 242,ISS,242
BUA 100,BUA,100,Music Business Minor,,,Checksheet,,ISS 244,ISS,244
BUA 100,BUA,100,Small Business Management Minor,,,Checksheet,,ISS 250,ISS,250
BUA 101,BUA,101,Accounting Certificate,,,Checksheet,,ISS 260,ISS,260
BUA 101,BUA,101,Accounting Minor,,,Checksheet,,ISS 262,ISS,262
BUA 101,BUA,101,"Accounting, BSBA",,,Checksheet,,ISS 264,ISS,264
BUA 101,BUA,101,"Accounting, PBSBA",,,Checksheet,,ISS 282,ISS,282
BUA 101,BUA,101,Applied Bachelor of Science in Public Administration (90-credit program),,,Checksheet,,ISS 301,ISS,301
BUA 101,BUA,101,Business Administration Minor,,,Checksheet,,ISS 310,ISS,310
BUA 101,BUA,101,"Business Administration, AS",,,Checksheet,,ISS 315,ISS,315
BUA 101,BUA,101,"Business Administration, PBS",,,Checksheet,,ISS 320,ISS,320
BUA 101,BUA,101,Financial Services Minor,,,Checksheet,,ISS 325,ISS,325
BUA 101,BUA,101,Fraud Examination Certificate (Business Administration),,,Checksheet,,ISS 334,ISS,334
BUA 101,BUA,101,Fraud Examination Certificate (Justice Studies),,,Checksheet,,ISS 340,ISS,340
BUA 101,BUA,101,Fraud Examination Minor,,,Checksheet,,ISS 342,ISS,342
BUA 101,BUA,101,"Management, BSBA",,,Checksheet,,ISS 344,ISS,344
BUA 101,BUA,101,"Public Administration 2+2, BS",,,Checksheet,,ISS 345,ISS,345
BUA 101,BUA,101,"Public Administration, AS",,,Checksheet,,ISS 350,ISS,350
BUA 101,BUA,101,"Public Administration, BS",,,Checksheet,,ISS 352,ISS,352
BUA 101,BUA,101,"Public Administration, PBS",,,Checksheet,,ISS 354,ISS,354
BUA 101,BUA,101,Small Business Management Minor,,,Checksheet,,ISS 356,ISS,356
BUA 101,BUA,101,BUA 201,BUA,201,Prereq,,ISS 360,ISS,360
BUA 101,BUA,101,BUA 211,BUA,211,Prereq,,ISS 365,ISS,365
BUA 101,BUA,101,BUA 242,BUA,242,Prereq,,ISS 370,ISS,370
BUA 101,BUA,101,BUA 243,BUA,243,Prereq,,ISS 372,ISS,372
BUA 101,BUA,101,BUA 253,BUA,253,Prereq,,ISS 375,ISS,375
BUA 101,BUA,101,BUA 276,BUA,276,Prereq,,ISS 380,ISS,380
BUA 101,BUA,101,BUA 286,BUA,286,Prereq,,ISS 385,ISS,385
BUA 101,BUA,101,BUA 301,BUA,301,Prereq,,ISS 389,ISS,389
BUA 101,BUA,101,BUA 320,BUA,320,Prereq,,ISS 394,ISS,394
BUA 101,BUA,101,BUA 379,BUA,379,Prereq,,ISS 410,ISS,410
BUA 101,BUA,101,BUA 387,BUA,387,Prereq,,ISS 412,ISS,412
BUA 101,BUA,101,BUA 388,BUA,388,Prereq,,ISS 430,ISS,430
BUA 151,BUA,151,"Accounting, BSBA",,,Checksheet,,ISS 432,ISS,432
BUA 151,BUA,151,"Business Administration, PBS",,,Checksheet,,ISS 434,ISS,434
BUA 151,BUA,151,Financial Services Minor,,,Checksheet,,ISS 436,ISS,436
BUA 151,BUA,151,"Management, BSBA",,,Checksheet,,ISS 438,ISS,438
BUA 151,BUA,151,Small Business Management Minor,,,Checksheet,,ISS 442,ISS,442
BUA 201,BUA,201,Accounting Certificate,,,Checksheet,,ISS 444,ISS,444
BUA 201,BUA,201,"Accounting, BSBA",,,Checksheet,,ISS 460,ISS,460
BUA 201,BUA,201,"Accounting, PBSBA",,,Checksheet,,ISS 470,ISS,470
BUA 201,BUA,201,Fraud Examination Certificate (Business Administration),,,Checksheet,,ISS 482,ISS,482
BUA 201,BUA,201,Fraud Examination Certificate (Justice Studies),,,Checksheet,,ISS 490,ISS,490
BUA 201,BUA,201,BUA 202,BUA,202,Prereq,,JUS 103,JUS,103
BUA 202,BUA,202,Accounting Certificate,,,Checksheet,,JUS 105,JUS,105
BUA 202,BUA,202,"Accounting, BSBA",,,Checksheet,,JUS 121,JUS,121
BUA 202,BUA,202,"Accounting, PBSBA",,,Checksheet,,JUS 123,JUS,123
BUA 202,BUA,202,Fraud Examination Certificate (Business Administration),,,Checksheet,,JUS 124,JUS,124
BUA 202,BUA,202,Fraud Examination Certificate (Justice Studies),,,Checksheet,,JUS 160,JUS,160
BUA 202,BUA,202,BUA 300,BUA,300,Prereq,,JUS 200,JUS,200
BUA 202,BUA,202,BUA 343,BUA,343,Prereq,,JUS 212,JUS,212
BUA 202,BUA,202,BUA 380,BUA,380,Prereq,,JUS 216,JUS,216
BUA 202,BUA,202,BUA 448,BUA,448,Prereq,,JUS 218,JUS,218
BUA 202,BUA,202,BUA 458,BUA,458,Prereq,,JUS 222,JUS,222
BUA 205,BUA,205,"Accounting, BSBA",,,Checksheet,,JUS 223,JUS,223
BUA 205,BUA,205,Applied Bachelor of Science in Public Administration (90-credit program),,,Checksheet,,JUS 230,JUS,230
BUA 205,BUA,205,"Business Administration, AS",,,Checksheet,,JUS 231,JUS,231
BUA 205,BUA,205,"Business Administration, PBS",,,Checksheet,,JUS 250,JUS,250
BUA 205,BUA,205,"Data Science, BS",,,Checksheet,,JUS 252,JUS,252
BUA 205,BUA,205,"Management, BSBA",,,Checksheet,,JUS 289,JUS,289
BUA 205,BUA,205,BUA 300,BUA,300,Prereq,,JUS 294,JUS,294
BUA 210,BUA,210,Financial Services Minor,,,Checksheet,,JUS 298,JUS,298
BUA 211,BUA,211,Accounting Certificate,,,Checksheet,,JUS 302,JUS,302
BUA 211,BUA,211,Accounting Minor,,,Checksheet,,JUS 305,JUS,305
BUA 211,BUA,211,"Accounting, BSBA",,,Checksheet,,JUS 306,JUS,306
BUA 211,BUA,211,"Accounting, PBSBA",,,Checksheet,,JUS 307,JUS,307
BUA 211,BUA,211,"Business Administration, AS",,,Checksheet,,JUS 313,JUS,313
BUA 211,BUA,211,"Business Administration, PBS",,,Checksheet,,JUS 315,JUS,315
BUA 211,BUA,211,Financial Services Minor,,,Checksheet,,JUS 316,JUS,316
BUA 211,BUA,211,"Management, BSBA",,,Checksheet,,JUS 319,JUS,319
BUA 211,BUA,211,Small Business Management Minor,,,Checksheet,,JUS 324,JUS,324
BUA 211,BUA,211,BUA 253,BUA,253,Prereq,,JUS 341,JUS,341
BUA 211,BUA,211,BUA 259W,BUA,259W,Prereq,,JUS 352,JUS,352
BUA 211,BUA,211,BUA 320,BUA,320,Prereq,,JUS 361,JUS,361
BUA 211,BUA,211,BUA 357,BUA,357,Prereq,,JUS 362,JUS,362
BUA 211,BUA,211,BUA 387,BUA,387,Prereq,,JUS 363,JUS,363
BUA 215,BUA,215,Financial Services Minor,,,Checksheet,,JUS 364,JUS,364
BUA 222,BUA,222,Financial Services Minor,,,Checksheet,,JUS 365,JUS,365
BUA 223,BUA,223,"Accounting, BSBA",,,Checksheet,,JUS 375,JUS,375
BUA 223,BUA,223,Advanced Criminal Justice Management Certificate,,,Checksheet,,JUS 376,JUS,376
BUA 223,BUA,223,Applied Bachelor of Science in Public Administration (90-credit program),,,Checksheet,,JUS 380,JUS,380
BUA 223,BUA,223,"Aviation - Aviation Maintenance Concentration, Bachelor of Science",,,Checksheet,,JUS 388,JUS,388
BUA 223,BUA,223,"Aviation-Flight Instructor Concentration, BS",,,Checksheet,,JUS 389,JUS,389
BUA 223,BUA,223,"Aviation-Uncrewed Aircraft Systems Concentration, BS",,,Checksheet,,JUS 390,JUS,390
BUA 223,BUA,223,Business Administration Minor,,,Checksheet,,JUS 391,JUS,391
BUA 223,BUA,223,"Business Administration, PBS",,,Checksheet,,JUS 392,JUS,392
BUA 223,BUA,223,"Computer Information Systems, AS",,,Checksheet,,JUS 395,JUS,395
BUA 223,BUA,223,"Computer Information Systems, BS",,,Checksheet,,JUS 402,JUS,402
BUA 223,BUA,223,"Cybersecurity, AS",,,Checksheet,,JUS 405,JUS,405
BUA 223,BUA,223,"Cybersecurity, BS",,,Checksheet,,JUS 410,JUS,410
BUA 223,BUA,223,Fraud Examination Certificate (Business Administration),,,Checksheet,,JUS 417,JUS,417
BUA 223,BUA,223,Fraud Examination Certificate (Justice Studies),,,Checksheet,,JUS 432,JUS,432
BUA 223,BUA,223,Human Resource Management Certificate,,,Checksheet,,JUS 440,JUS,440
BUA 223,BUA,223,Human Resource Management Minor,,,Checksheet,,JUS 441,JUS,441
BUA 223,BUA,223,"Information & Library Science, AS",,,Checksheet,,JUS 450,JUS,450
BUA 223,BUA,223,"Information & Library Science, BS",,,Checksheet,,JUS 471,JUS,471
BUA 223,BUA,223,Management Emphasis,,,Checksheet,,JUS 472,JUS,472
BUA 223,BUA,223,Management Information Systems Concentration,,,Checksheet,,JUS 489,JUS,489
BUA 223,BUA,223,"Management, BSBA",,,Checksheet,,JUS 271W,JUS,271W
BUA 223,BUA,223,"Public Administration 2+2, BS",,,Checksheet,,JUS 296W,JUS,296W
BUA 223,BUA,223,Public Administration Minor,,,Checksheet,,JUS 488W,JUS,488W
BUA 223,BUA,223,"Public Administration, AS",,,Checksheet,,MAT 9,MAT,9
BUA 223,BUA,223,"Public Administration, BS",,,Checksheet,,MAT 15,MAT,15
BUA 223,BUA,223,"Public Administration, PBS",,,Checksheet,,MAT 30,MAT,30
BUA 223,BUA,223,Small Business Management Minor,,,Checksheet,,MAT 100,MAT,100
BUA 223,BUA,223,JUS 223,JUS,223,CrossList,,MAT 111,MAT,111
BUA 223,BUA,223,POS 223,POS,223,CrossList,,MAT 112,MAT,112
BUA 223,BUA,223,BUA 259W,BUA,259W,Prereq,,MAT 113,MAT,113
BUA 223,BUA,223,BUA 303,BUA,303,Prereq,,MAT 114,MAT,114
BUA 223,BUA,223,BUA 310,BUA,310,Prereq,,MAT 115,MAT,115
BUA 223,BUA,223,BUA 350,BUA,350,Prereq,,MAT 116,MAT,116
BUA 223,BUA,223,BUA 361,BUA,361,Prereq,,MAT 124,MAT,124
BUA 223,BUA,223,BUA 362,BUA,362,Prereq,,MAT 125,MAT,125
BUA 223,BUA,223,BUA 365,BUA,365,Prereq,,MAT 126,MAT,126
BUA 223,BUA,223,BUA 420,BUA,420,Prereq,,MAT 130,MAT,130
BUA 223,BUA,223,CIS 303,CIS,303,Prereq,,MAT 131,MAT,131
BUA 223,BUA,223,CIS 470,CIS,470,Prereq,,MAT 158,MAT,158
BUA 223,BUA,223,NUR 420,NUR,420,Prereq,,MAT 261,MAT,261
BUA 223,BUA,223,POS 354,POS,354,Prereq,,MAT 262,MAT,262
BUA 223,BUA,223,POS 361,POS,361,Prereq,,MAT 280,MAT,280
BUA 223,BUA,223,POS 362,POS,362,Prereq,,MAT 289,MAT,289
BUA 223,BUA,223,POS 365,POS,365,Prereq,,MAT 355,MAT,355
BUA 223,BUA,223,POS 405,POS,405,Prereq,,MAT 360,MAT,360
BUA 223,BUA,223,POS 420,POS,420,Prereq,,MAT 370,MAT,370
BUA 230,BUA,230,"Accounting, BSBA",,,Checksheet,,MAT 449,MAT,449
BUA 230,BUA,230,Business Administration Minor,,,Checksheet,,MAT 450,MAT,450
BUA 230,BUA,230,"Business Administration, PBS",,,Checksheet,,MAT 489,MAT,489
BUA 230,BUA,230,"Management, BSBA",,,Checksheet,,MEP 100,MEP,100
BUA 242,BUA,242,BUA 243,BUA,243,Prereq,,MLS 300,MLS,300
BUA 243,BUA,243,Small Business Management Minor,,,Checksheet,,MLS 305,MLS,305
BUA 246,BUA,246,"Public Administration 2+2, BS",,,Checksheet,,MLS 310,MLS,310
BUA 246,BUA,246,"Tourism, Hospitality, and Outdoor Recreation (THOR) Minor",,,Checksheet,,MLS 315,MLS,315
BUA 246,BUA,246,POS 246,POS,246,CrossList,,MLS 320,MLS,320
BUA 247,BUA,247,"Tourism, Hospitality, and Outdoor Recreation (THOR) Minor",,,Checksheet,,MLS 325,MLS,325
BUA 247,BUA,247,POS 247,POS,247,CrossList,,MLS 330,MLS,330
BUA 248,BUA,248,"Tourism, Hospitality, and Outdoor Recreation (THOR) Minor",,,Checksheet,,MLS 335,MLS,335
BUA 248,BUA,248,POS 248,POS,248,CrossList,,MLS 340,MLS,340
BUA 252,BUA,252,"Accounting, BSBA",,,Checksheet,,MLS 410,MLS,410
BUA 252,BUA,252,"Accounting, PBSBA",,,Checksheet,,MLS 415,MLS,415
BUA 252,BUA,252,Applied Bachelor of Science in Public Administration (90-credit program),,,Checksheet,,MLS 420,MLS,420
BUA 252,BUA,252,"Architecture, B.Arch",,,Checksheet,,MLS 425,MLS,425
BUA 252,BUA,252,"Aviation - Aviation Maintenance Concentration, Bachelor of Science",,,Checksheet,,MLS 430W,MLS,430W
BUA 252,BUA,252,"Aviation-Flight Instructor Concentration, BS",,,Checksheet,,MLT 100,MLT,100
BUA 252,BUA,252,"Aviation-Uncrewed Aircraft Systems Concentration, BS",,,Checksheet,,MLT 103,MLT,103
BUA 252,BUA,252,"Business Administration, PBS",,,Checksheet,,MLT 104,MLT,104
BUA 252,BUA,252,Fraud Examination Certificate (Business Administration),,,Checksheet,,MLT 105,MLT,105
BUA 252,BUA,252,Fraud Examination Certificate (Justice Studies),,,Checksheet,,MLT 200,MLT,200
BUA 252,BUA,252,"Information & Library Science, BS",,,Checksheet,,MLT 202,MLT,202
BUA 252,BUA,252,"Management, BSBA",,,Checksheet,,MLT 203,MLT,203
BUA 252,BUA,252,"Public Administration 2+2, BS",,,Checksheet,,MLT 204,MLT,204
BUA 252,BUA,252,"Public Administration, BS",,,Checksheet,,MLT 205,MLT,205
BUA 252,BUA,252,Small Business Management Minor,,,Checksheet,,MLT 206,MLT,206
BUA 252,BUA,252,Ethical Reasoning,,,GenEd,,MLT 365,MLT,365
BUA 253,BUA,253,"Accounting, PBSBA",,,Checksheet,,MLT 375,MLT,375
BUA 253,BUA,253,Financial Services Minor,,,Checksheet,,MLT 385,MLT,385
BUA 259W,BUA,259W,Small Business Management Minor,,,Checksheet,,MLT 395,MLT,395
BUA 259W,BUA,259W,Writing Intensive,,,GenEd,,MTK 105,MTK,105
BUA 275,BUA,275,Artificial Intelligence Essentials Certificate,,,Checksheet,,MTK 200,MTK,200
BUA 275,BUA,275,"Data Science, BS",,,Checksheet,,MTK 330,MTK,330
BUA 275,BUA,275,CIS 275,CIS,275,CrossList,,MTK 400,MTK,400
BUA 276,BUA,276,Accounting Certificate,,,Checksheet,,MTK 420,MTK,420
BUA 276,BUA,276,"Accounting, BSBA",,,Checksheet,,MUH 103,MUH,103
BUA 276,BUA,276,"Accounting, PBSBA",,,Checksheet,,MUH 105,MUH,105
BUA 276,BUA,276,BUA 376,BUA,376,Prereq,,MUH 110,MUH,110
BUA 300,BUA,300,Accounting Certificate,,,Checksheet,,MUH 117,MUH,117
BUA 300,BUA,300,"Accounting, BSBA",,,Checksheet,,MUH 118,MUH,118
BUA 300,BUA,300,"Accounting, PBSBA",,,Checksheet,,MUH 123,MUH,123
BUA 300,BUA,300,BUA 380,BUA,380,Prereq,,MUH 124,MUH,124
BUA 301,BUA,301,"Accounting, BSBA",,,Checksheet,,MUH 160,MUH,160
BUA 301,BUA,301,"Accounting, PBSBA",,,Checksheet,,MUH 190,MUH,190
BUA 301,BUA,301,Applied Bachelor of Science in Public Administration (90-credit program),,,Checksheet,,MUH 302,MUH,302
BUA 301,BUA,301,"Business Administration, PBS",,,Checksheet,,MUH 303,MUH,303
BUA 301,BUA,301,"Public Administration 2+2, BS",,,Checksheet,,MUH 333,MUH,333
BUA 301,BUA,301,"Public Administration, PBS",,,Checksheet,,MUH 334,MUH,334
BUA 303,BUA,303,Applied Bachelor of Science in Public Administration (90-credit program),,,Checksheet,,MUS 100,MUS,100
BUA 303,BUA,303,Business Administration Minor,,,Checksheet,,MUS 101,MUS,101
BUA 303,BUA,303,"Business Administration, PBS",,,Checksheet,,MUS 102,MUS,102
BUA 303,BUA,303,Human Resource Management Certificate,,,Checksheet,,MUS 103,MUS,103
BUA 303,BUA,303,Human Resource Management Minor,,,Checksheet,,MUS 104,MUS,104
BUA 303,BUA,303,Management Information Systems Concentration,,,Checksheet,,MUS 107,MUS,107
BUA 303,BUA,303,"Management, BSBA",,,Checksheet,,MUS 111,MUS,111
BUA 303,BUA,303,"Public Administration, BS",,,Checksheet,,MUS 112,MUS,112
BUA 303,BUA,303,Small Business Management Minor,,,Checksheet,,MUS 115,MUS,115
BUA 303,BUA,303,CIS 303,CIS,303,CrossList,,MUS 120,MUS,120
BUA 303,BUA,303,BUA 450,BUA,450,Prereq,,MUS 121,MUS,121
BUA 303,BUA,303,CIS 450,CIS,450,Prereq,,MUS 122,MUS,122
BUA 303,BUA,303,DSC 450,DSC,450,Prereq,,MUS 141,MUS,141
BUA 303,BUA,303,MAT 450,MAT,450,Prereq,,MUS 151,MUS,151
BUA 320,BUA,320,"Accounting, BSBA",,,Checksheet,,MUS 171,MUS,171
BUA 320,BUA,320,"Accounting, PBSBA",,,Checksheet,,MUS 181,MUS,181
BUA 343,BUA,343,"Accounting, BSBA",,,Checksheet,,MUS 182,MUS,182
BUA 343,BUA,343,"Accounting, PBSBA",,,Checksheet,,MUS 202,MUS,202
BUA 350,BUA,350,"Accounting, BSBA",,,Checksheet,,MUS 203,MUS,203
BUA 350,BUA,350,"Business Administration, PBS",,,Checksheet,,MUS 204,MUS,204
BUA 350,BUA,350,"Data Science, BS",,,Checksheet,,MUS 210,MUS,210
BUA 350,BUA,350,"Data Science, PBS",,,Checksheet,,MUS 211,MUS,211
BUA 350,BUA,350,"Management, BSBA",,,Checksheet,,MUS 213,MUS,213
BUA 351,BUA,351,"Accounting, BSBA",,,Checksheet,,MUS 214,MUS,214
BUA 351,BUA,351,"Business Administration, PBS",,,Checksheet,,MUS 221,MUS,221
BUA 355,BUA,355,MAT 355,MAT,355,CrossList,,MUS 230,MUS,230
BUA 357,BUA,357,"Accounting, BSBA",,,Checksheet,,MUS 231,MUS,231
BUA 357,BUA,357,Business Administration Minor,,,Checksheet,,MUS 262,MUS,262
BUA 357,BUA,357,"Business Administration, PBS",,,Checksheet,,MUS 263,MUS,263
BUA 357,BUA,357,"Management, BSBA",,,Checksheet,,MUS 264,MUS,264
BUA 357,BUA,357,Small Business Management Minor,,,Checksheet,,MUS 265,MUS,265
BUA 357,BUA,357,BUA 320,BUA,320,Prereq,,MUS 266,MUS,266
BUA 357,BUA,357,BUA 351,BUA,351,Prereq,,MUS 270,MUS,270
BUA 357,BUA,357,BUA 420,BUA,420,Prereq,,MUS 271,MUS,271
BUA 357,BUA,357,BUA 459,BUA,459,Prereq,,MUS 289,MUS,289
BUA 360,BUA,360,MAT 360,MAT,360,CrossList,,MUS 294,MUS,294
BUA 361,BUA,361,"Accounting, BSBA",,,Checksheet,,MUS 300,MUS,300
BUA 361,BUA,361,Applied Bachelor of Science in Public Administration (90-credit program),,,Checksheet,,MUS 301,MUS,301
BUA 361,BUA,361,Business Administration Minor,,,Checksheet,,MUS 310,MUS,310
BUA 361,BUA,361,Human Resource Management Certificate,,,Checksheet,,MUS 316,MUS,316
BUA 361,BUA,361,Human Resource Management Minor,,,Checksheet,,MUS 321,MUS,321
BUA 361,BUA,361,"Justice Studies, PBS",,,Checksheet,,MUS 323,MUS,323
BUA 361,BUA,361,"Management, BSBA",,,Checksheet,,MUS 324,MUS,324
BUA 361,BUA,361,"Public Administration 2+2, BS",,,Checksheet,,MUS 345,MUS,345
BUA 361,BUA,361,Public Administration Minor,,,Checksheet,,MUS 346,MUS,346
BUA 361,BUA,361,"Public Administration, AS",,,Checksheet,,MUS 355,MUS,355
BUA 361,BUA,361,"Public Administration, BS",,,Checksheet,,MUS 362,MUS,362
BUA 361,BUA,361,"Public Administration, PBS",,,Checksheet,,MUS 402,MUS,402
BUA 361,BUA,361,POS 361,POS,361,CrossList,,MUS 447,MUS,447
BUA 361,BUA,361,Cultural Perspectives,,,GenEd,,MUS 448,MUS,448
BUA 362,BUA,362,Applied Bachelor of Science in Public Administration (90-credit program),,,Checksheet,,MUS 463,MUS,463
BUA 362,BUA,362,Business Administration Minor,,,Checksheet,,MUS 489,MUS,489
BUA 362,BUA,362,Human Resource Management Certificate,,,Checksheet,,MUS 494,MUS,494
BUA 362,BUA,362,Human Resource Management Minor,,,Checksheet,,MUS 495,MUS,495
BUA 362,BUA,362,"Management, BSBA",,,Checksheet,,MUS 435W,MUS,435W
BUA 362,BUA,362,"Public Administration 2+2, BS",,,Checksheet,,NUR 220,NUR,220
BUA 362,BUA,362,"Public Administration, PBS",,,Checksheet,,NUR 224,NUR,224
BUA 362,BUA,362,POS 362,POS,362,CrossList,,NUR 225,NUR,225
BUA 365,BUA,365,"Accounting, BSBA",,,Checksheet,,NUR 226,NUR,226
BUA 365,BUA,365,Applied Bachelor of Science in Public Administration (90-credit program),,,Checksheet,,NUR 250,NUR,250
BUA 365,BUA,365,"Aviation - Aviation Maintenance Concentration, Bachelor of Science",,,Checksheet,,NUR 289,NUR,289
BUA 365,BUA,365,"Aviation-Flight Instructor Concentration, BS",,,Checksheet,,NUR 301,NUR,301
BUA 365,BUA,365,"Aviation-Uncrewed Aircraft Systems Concentration, BS",,,Checksheet,,NUR 303,NUR,303
BUA 365,BUA,365,Behavioral Science Minor,,,Checksheet,,NUR 304,NUR,304
BUA 365,BUA,365,Business Administration Minor,,,Checksheet,,NUR 305,NUR,305
BUA 365,BUA,365,"Computer Information Systems, BS",,,Checksheet,,NUR 310,NUR,310
BUA 365,BUA,365,"Cybersecurity, BS",,,Checksheet,,NUR 312,NUR,312
BUA 365,BUA,365,Human Resource Management Certificate,,,Checksheet,,NUR 315,NUR,315
BUA 365,BUA,365,Human Resource Management Minor,,,Checksheet,,NUR 331,NUR,331
BUA 365,BUA,365,"Information & Library Science, BS",,,Checksheet,,NUR 332,NUR,332
BUA 365,BUA,365,Leadership Concentration,,,Checksheet,,NUR 335,NUR,335
BUA 365,BUA,365,Management Emphasis,,,Checksheet,,NUR 338,NUR,338
BUA 365,BUA,365,"Management, BSBA",,,Checksheet,,NUR 351,NUR,351
BUA 365,BUA,365,"Public Administration 2+2, BS",,,Checksheet,,NUR 352,NUR,352
BUA 365,BUA,365,"Public Administration, PBS",,,Checksheet,,NUR 355,NUR,355
BUA 365,BUA,365,POS 365,POS,365,CrossList,,NUR 358,NUR,358
BUA 365,BUA,365,Cultural Perspectives,,,GenEd,,NUR 389,NUR,389
BUA 369,BUA,369,"Accounting, BSBA",,,Checksheet,,NUR 396,NUR,396
BUA 369,BUA,369,Business Administration Minor,,,Checksheet,,NUR 412,NUR,412
BUA 369,BUA,369,"Business Administration, PBS",,,Checksheet,,NUR 414,NUR,414
BUA 369,BUA,369,Communications Minor,,,Checksheet,,NUR 415,NUR,415
BUA 369,BUA,369,"Management, BSBA",,,Checksheet,,NUR 420,NUR,420
BUA 369,BUA,369,Social Media Certificate,,,Checksheet,,NUR 445,NUR,445
BUA 369,BUA,369,BUA 420,BUA,420,Prereq,,NUR 450,NUR,450
BUA 369,BUA,369,BUA 459,BUA,459,Prereq,,NUR 410W,NUR,410W
BUA 376,BUA,376,"Accounting, BSBA",,,Checksheet,,NUR 450W,NUR,450W
BUA 379,BUA,379,Accounting Certificate,,,Checksheet,,NUR 499W,NUR,499W
BUA 379,BUA,379,"Accounting, BSBA",,,Checksheet,,PHI 103,PHI,103
BUA 379,BUA,379,"Accounting, PBSBA",,,Checksheet,,PHI 135,PHI,135
BUA 387,BUA,387,"Accounting, BSBA",,,Checksheet,,PHI 250,PHI,250
BUA 387,BUA,387,"Business Administration, PBS",,,Checksheet,,PHI 289,PHI,289
BUA 387,BUA,387,Fraud Examination Certificate (Business Administration),,,Checksheet,,PHI 294,PHI,294
BUA 387,BUA,387,Fraud Examination Certificate (Justice Studies),,,Checksheet,,PHI 340,PHI,340
BUA 387,BUA,387,Fraud Examination Minor,,,Checksheet,,PHI 351,PHI,351
BUA 387,BUA,387,"Management, BSBA",,,Checksheet,,PHI 357,PHI,357
BUA 388,BUA,388,"Accounting, BSBA",,,Checksheet,,PHI 362,PHI,362
BUA 388,BUA,388,"Accounting, PBSBA",,,Checksheet,,PHI 389,PHI,389
BUA 420,BUA,420,"Accounting, BSBA",,,Checksheet,,PHI 394,PHI,394
BUA 420,BUA,420,"Business Administration, PBS",,,Checksheet,,PHI 450,PHI,450
BUA 420,BUA,420,Leadership Concentration,,,Checksheet,,PHI 489,PHI,489
BUA 420,BUA,420,Cultural Perspectives,,,GenEd,,PHI 494,PHI,494
BUA 448,BUA,448,Accounting Certificate,,,Checksheet,,PHI 550,PHI,550
BUA 448,BUA,448,"Accounting, BSBA",,,Checksheet,,PHY 115,PHY,115
BUA 448,BUA,448,"Accounting, PBSBA",,,Checksheet,,PHY 116,PHY,116
BUA 448,BUA,448,Fraud Examination Certificate (Business Administration),,,Checksheet,,POS 101,POS,101
BUA 448,BUA,448,Fraud Examination Certificate (Justice Studies),,,Checksheet,,POS 223,POS,223
BUA 450,BUA,450,"Business Administration, PBS",,,Checksheet,,POS 234,POS,234
BUA 450,BUA,450,"Data Science, BS",,,Checksheet,,POS 245,POS,245
BUA 450,BUA,450,"Data Science, Minor",,,Checksheet,,POS 246,POS,246
BUA 450,BUA,450,"Data Science, PBS",,,Checksheet,,POS 247,POS,247
BUA 450,BUA,450,"Management, BSBA",,,Checksheet,,POS 248,POS,248
BUA 450,BUA,450,CIS 450,CIS,450,CrossList,,POS 290,POS,290
BUA 450,BUA,450,DSC 450,DSC,450,CrossList,,POS 319,POS,319
BUA 450,BUA,450,MAT 450,MAT,450,CrossList,,POS 354,POS,354
BUA 459,BUA,459,"Accounting, BSBA",,,Checksheet,,POS 361,POS,361
BUA 459,BUA,459,"Business Administration, PBS",,,Checksheet,,POS 362,POS,362
BUA 459,BUA,459,"Management, BSBA",,,Checksheet,,POS 365,POS,365
BUA 487,BUA,487,"Accounting, BSBA",,,Checksheet,,POS 370,POS,370
BUA 487,BUA,487,"Accounting, PBSBA",,,Checksheet,,POS 383,POS,383
BUA 487,BUA,487,Fraud Examination Certificate (Business Administration),,,Checksheet,,POS 405,POS,405
BUA 487,BUA,487,Fraud Examination Certificate (Justice Studies),,,Checksheet,,POS 420,POS,420
BUA 487,BUA,487,Fraud Examination Minor,,,Checksheet,,POS 485,POS,485
BUA 495,BUA,495,"Accounting, BSBA",,,Checksheet,,POS 487,POS,487
CGM 228,CGM,228,Computer Gaming Certificate (18 Credit Hours),,,Checksheet,,POS 308W,POS,308W
CGM 228,CGM,228,CIS 228,CIS,228,CrossList,,PSY 100,PSY,100
CGM 228,CGM,228,CIS 328,CIS,328,Prereq,,PSY 202,PSY,202
CGM 328,CGM,328,Computer Gaming Certificate (18 Credit Hours),,,Checksheet,,PSY 229,PSY,229
CGM 328,CGM,328,CIS 328,CIS,328,CrossList,,PSY 289,PSY,289
CHY 100,CHY,100,"Community Policing, AS",,,Checksheet,,PSY 294,PSY,294
CHY 100,CHY,100,Forensic Science Certificate,,,Checksheet,,PSY 300,PSY,300
CHY 100,CHY,100,Natural Science,,,GenEd,,PSY 302,PSY,302
CHY 103,CHY,103,"Dental Hygiene, AS",,,Checksheet,,PSY 304,PSY,304
CHY 103,CHY,103,"Dental Hygiene, BS",,,Checksheet,,PSY 306,PSY,306
CHY 103,CHY,103,"Dental Hygiene, BS (Pending Accreditation)",,,Checksheet,,PSY 308,PSY,308
CHY 103,CHY,103,"Neuropsychology, Minor",,,Checksheet,,PSY 309,PSY,309
CHY 103,CHY,103,"Nursing (4-Year), BSN",,,Checksheet,,PSY 310,PSY,310
CHY 103,CHY,103,"Veterinary Technology, AS",,,Checksheet,,PSY 312,PSY,312
CHY 103,CHY,103,"Veterinary Technology, BS",,,Checksheet,,PSY 330,PSY,330
CHY 103,CHY,103,BIO 235,BIO,235,Coreq,,PSY 336,PSY,336
CHY 103,CHY,103,Natural Science,,,GenEd,,PSY 345,PSY,345
CHY 103,CHY,103,NUR 303,NUR,303,Prereq,,PSY 355,PSY,355
CHY 103,CHY,103,VTE 200,VTE,200,Prereq,,PSY 357,PSY,357
CHY 103,CHY,103,VTE 210,VTE,210,Prereq,,PSY 364,PSY,364
CHY 103,CHY,103,VTE 223,VTE,223,Prereq,,PSY 377,PSY,377
CHY 103,CHY,103,VTE 224,VTE,224,Prereq,,PSY 385,PSY,385
CHY 103,CHY,103,VTE 316,VTE,316,Prereq,,PSY 390,PSY,390
CHY 103,CHY,103,VTE 319,VTE,319,Prereq,,PSY 394,PSY,394
CHY 108,CHY,108,Natural Science,,,GenEd,,PSY 400,PSY,400
CHY 108,CHY,108,DEH 250,DEH,250,Prereq,,PSY 402,PSY,402
CHY 108,CHY,108,DEH 252,DEH,252,Prereq,,PSY 410,PSY,410
CHY 108,CHY,108,DEH 302,DEH,302,Prereq,,PSY 489,PSY,489
CHY 115,CHY,115,"Biology MLT 2+2, BA",,,Checksheet,,PSY 533,PSY,533
CHY 115,CHY,115,"Biology, BA",,,Checksheet,,PSY 401W,PSY,401W
CHY 115,CHY,115,"Biology, BA (Pre-Med Track)",,,Checksheet,,REC 112,REC,112
CHY 115,CHY,115,"Dental Hygiene, AS",,,Checksheet,,REL 110,REL,110
CHY 115,CHY,115,"Dental Hygiene, BS",,,Checksheet,,REL 205,REL,205
CHY 115,CHY,115,"Dental Hygiene, BS (Pending Accreditation)",,,Checksheet,,REL 368,REL,368
CHY 115,CHY,115,"Medical Laboratory Technology, AS",,,Checksheet,,REL 390,REL,390
CHY 115,CHY,115,BIO 235,BIO,235,Coreq,,SCI 110,SCI,110
CHY 115,CHY,115,Natural Science,,,GenEd,,SCI 111,SCI,111
CHY 115,CHY,115,CHY 116,CHY,116,Prereq,,SCI 115,SCI,115
CHY 116,CHY,116,"Biology MLT 2+2, BA",,,Checksheet,,SCI 289,SCI,289
CHY 116,CHY,116,"Biology, BA",,,Checksheet,,SCI 294,SCI,294
CHY 116,CHY,116,"Biology, BA (Pre-Med Track)",,,Checksheet,,SCI 489,SCI,489
CHY 116,CHY,116,"Dental Hygiene, AS",,,Checksheet,,SCI 494,SCI,494
CHY 116,CHY,116,"Dental Hygiene, BS",,,Checksheet,,SED 202,SED,202
CHY 116,CHY,116,"Dental Hygiene, BS (Pending Accreditation)",,,Checksheet,,SED 262,SED,262
CHY 116,CHY,116,"Medical Laboratory Technology, AS",,,Checksheet,,SED 330,SED,330
CHY 116,CHY,116,Natural Science,,,GenEd,,SED 362,SED,362
CHY 116,CHY,116,CHY 211,CHY,211,Prereq,,SED 365,SED,365
CHY 117,CHY,117,"Biology MLT 2+2, BA",,,Checksheet,,SED 370,SED,370
CHY 117,CHY,117,"Biology, BA",,,Checksheet,,SED 380,SED,380
CHY 117,CHY,117,"Dental Hygiene, AS",,,Checksheet,,SED 420,SED,420
CHY 117,CHY,117,"Dental Hygiene, BS",,,Checksheet,,SED 425,SED,425
CHY 117,CHY,117,"Dental Hygiene, BS (Pending Accreditation)",,,Checksheet,,SED 435,SED,435
CHY 117,CHY,117,Natural Science,,,GenEd,,SED 445,SED,445
CHY 117,CHY,117,BIO 322,BIO,322,Prereq,,SED 455,SED,455
CHY 211,CHY,211,"Biology MLT 2+2, BA",,,Checksheet,,SOC 101,SOC,101
CHY 211,CHY,211,"Biology, BA",,,Checksheet,,SOC 201,SOC,201
CHY 211,CHY,211,"Biology, BA (Pre-Med Track)",,,Checksheet,,SOC 240,SOC,240
CHY 211,CHY,211,BIO 322,BIO,322,Prereq,,SOC 289,SOC,289
CHY 211,CHY,211,CHY 212,CHY,212,Prereq,,SOC 294,SOC,294
CHY 212,CHY,212,"Biology, BA (Pre-Med Track)",,,Checksheet,,SOC 300,SOC,300
CIS 100,CIS,100,"Dental Hygiene, BS",,,Checksheet,,SOC 302,SOC,302
CIS 100,CIS,100,"Dental Hygiene, BS (Pending Accreditation)",,,Checksheet,,SOC 315,SOC,315
CIS 100,CIS,100,"Information & Library Science, AS",,,Checksheet,,SOC 316,SOC,316
CIS 100,CIS,100,"Information & Library Science, BS",,,Checksheet,,SOC 319,SOC,319
CIS 100,CIS,100,"Social Science, AA",,,Checksheet,,SOC 330,SOC,330
CIS 100,CIS,100,BUA 303,BUA,303,Prereq,,SOC 331,SOC,331
CIS 100,CIS,100,CIS 135,CIS,135,Prereq,,SOC 340,SOC,340
CIS 100,CIS,100,CIS 303,CIS,303,Prereq,,SOC 353,SOC,353
CIS 100,CIS,100,ILS 365,ILS,365,Prereq,,SOC 355,SOC,355
CIS 100,CIS,100,ILS 412,ILS,412,Prereq,,SOC 370,SOC,370
CIS 100,CIS,100,ISS 372,ISS,372,Prereq,,SOC 375,SOC,375
CIS 101,CIS,101,"Accounting, BSBA",,,Checksheet,,SOC 394,SOC,394
CIS 101,CIS,101,Applied Bachelor of Science in Public Administration (90-credit program),,,Checksheet,,SOC 475,SOC,475
CIS 101,CIS,101,"Business Administration, AS",,,Checksheet,,SOC 489,SOC,489
CIS 101,CIS,101,Computer Information Systems Minor,,,Checksheet,,SOC 308W,SOC,308W
CIS 101,CIS,101,"Computer Information Systems, AS",,,Checksheet,,SPA 101,SPA,101
CIS 101,CIS,101,"Computer Information Systems, BS",,,Checksheet,,SPA 102,SPA,102
CIS 101,CIS,101,"Computer Information Systems, PBS",,,Checksheet,,SSC 100,SSC,100
CIS 101,CIS,101,Computer Networking Minor,,,Checksheet,,SSC 110,SSC,110
CIS 101,CIS,101,Crime Analysis and GIS Certificate,,,Checksheet,,SSC 200,SSC,200
CIS 101,CIS,101,Cyber Forensics Minor,,,Checksheet,,SSC 204,SSC,204
CIS 101,CIS,101,Cybersecurity Certificate,,,Checksheet,,SSC 205,SSC,205
CIS 101,CIS,101,Cybersecurity Fundamentals Certificate,,,Checksheet,,SSC 220,SSC,220
CIS 101,CIS,101,"Cybersecurity Operations, Certificate",,,Checksheet,,SSC 289,SSC,289
CIS 101,CIS,101,"Cybersecurity, AS",,,Checksheet,,SSC 294,SSC,294
CIS 101,CIS,101,"Cybersecurity, BS",,,Checksheet,,SSC 305,SSC,305
CIS 101,CIS,101,"Cybersecurity, PBS",,,Checksheet,,SSC 314,SSC,314
CIS 101,CIS,101,"Data Science, BS",,,Checksheet,,SSC 317,SSC,317
CIS 101,CIS,101,"Data Science, Minor",,,Checksheet,,SSC 320,SSC,320
CIS 101,CIS,101,"Data Science, PBS",,,Checksheet,,SSC 325,SSC,325
CIS 101,CIS,101,"Dental Hygiene, BS",,,Checksheet,,SSC 330,SSC,330
CIS 101,CIS,101,"Dental Hygiene, BS (Pending Accreditation)",,,Checksheet,,SSC 332,SSC,332
CIS 101,CIS,101,"Elementary Education, BS",,,Checksheet,,SSC 334,SSC,334
CIS 101,CIS,101,Health Informatics Certificate,,,Checksheet,,SSC 336,SSC,336
CIS 101,CIS,101,"Information & Library Science, AS",,,Checksheet,,SSC 360,SSC,360
CIS 101,CIS,101,"Management, BSBA",,,Checksheet,,SSC 362,SSC,362
CIS 101,CIS,101,"Mental Health & Human Services, AS",,,Checksheet,,SSC 364,SSC,364
CIS 101,CIS,101,Networking Certificate,,,Checksheet,,SSC 389,SSC,389
CIS 101,CIS,101,"Public Administration 2+2, BS",,,Checksheet,,SSC 394,SSC,394
CIS 101,CIS,101,"Public Administration, AS",,,Checksheet,,SSC 450,SSC,450
CIS 101,CIS,101,"Public Administration, BS",,,Checksheet,,SSC 489,SSC,489
CIS 101,CIS,101,"Secondary Education, BS",,,Checksheet,,SSC 490,SSC,490
CIS 101,CIS,101,"Social Science, AA",,,Checksheet,,SSC 516,SSC,516
CIS 101,CIS,101,"Social Science, BA",,,Checksheet,,SSC 531,SSC,531
CIS 101,CIS,101,Software Development Certificate,,,Checksheet,,SSC 420W,SSC,420W
CIS 101,CIS,101,Systems Administration Certificate,,,Checksheet,,TEM 500,TEM,500
CIS 101,CIS,101,Web Development Certificate,,,Checksheet,,TEM 505,TEM,505
CIS 101,CIS,101,Computer Literacy,,,GenEd,,TEM 511,TEM,511
CIS 101,CIS,101,BUA 303,BUA,303,Prereq,,TEM 512,TEM,512
CIS 101,CIS,101,BUA 379,BUA,379,Prereq,,TEM 515,TEM,515
CIS 101,CIS,101,CIS 135,CIS,135,Prereq,,TEM 516,TEM,516
CIS 101,CIS,101,CIS 240,CIS,240,Prereq,,TEM 520,TEM,520
CIS 101,CIS,101,CIS 255,CIS,255,Prereq,,TEM 521,TEM,521
CIS 101,CIS,101,CIS 303,CIS,303,Prereq,,TEM 522,TEM,522
CIS 101,CIS,101,CIS 330,CIS,330,Prereq,,TEM 527,TEM,527
CIS 101,CIS,101,CIS 338,CIS,338,Prereq,,TEM 528,TEM,528
CIS 101,CIS,101,CIS 352,CIS,352,Prereq,,TEM 530,TEM,530
CIS 101,CIS,101,DSC 255,DSC,255,Prereq,,TEM 531,TEM,531
CIS 101,CIS,101,DSC 352,DSC,352,Prereq,,TEM 532,TEM,532
CIS 101,CIS,101,ILS 225,ILS,225,Prereq,,TEM 533,TEM,533
CIS 101,CIS,101,INT 352,INT,352,Prereq,,TEM 537,TEM,537
CIS 101,CIS,101,ISS 224,ISS,224,Prereq,,TEM 544,TEM,544
CIS 101,CIS,101,ISS 226,ISS,226,Prereq,,TEM 548,TEM,548
CIS 101,CIS,101,ISS 325,ISS,325,Prereq,,TEM 550,TEM,550
CIS 101,CIS,101,ISS 372,ISS,372,Prereq,,TEM 552,TEM,552
CIS 103,CIS,103,"Elementary Education, BS",,,Checksheet,,TEM 558,TEM,558
CIS 103,CIS,103,"Information & Library Science, AS",,,Checksheet,,TEM 561,TEM,561
CIS 103,CIS,103,"Mental Health & Human Services, AS",,,Checksheet,,TEM 580,TEM,580
CIS 103,CIS,103,"Public Administration, BS",,,Checksheet,,TEM 587,TEM,587
CIS 103,CIS,103,"Secondary Education, BS",,,Checksheet,,TEM 589,TEM,589
CIS 103,CIS,103,"Social Science, BA",,,Checksheet,,TEM 590,TEM,590
CIS 103,CIS,103,"Veterinary Technology, BS",,,Checksheet,,TEM 594,TEM,594
CIS 103,CIS,103,Computer Literacy,,,GenEd,,TEM 595,TEM,595
CIS 110,CIS,110,Artificial Intelligence Essentials Certificate,,,Checksheet,,TEM 599,TEM,599
CIS 110,CIS,110,Computer Gaming Certificate (18 Credit Hours),,,Checksheet,,TEM 689,TEM,689
CIS 110,CIS,110,Computer Information Systems Minor,,,Checksheet,,UAS 109,UAS,109
CIS 110,CIS,110,"Computer Information Systems, AS",,,Checksheet,,UAS 110,UAS,110
CIS 110,CIS,110,"Computer Information Systems, BS",,,Checksheet,,UAS 130,UAS,130
CIS 110,CIS,110,"Computer Information Systems, PBS",,,Checksheet,,UAS 210,UAS,210
CIS 110,CIS,110,Cybersecurity Certificate,,,Checksheet,,UAS 220,UAS,220
CIS 110,CIS,110,"Cybersecurity, AS",,,Checksheet,,UAS 230,UAS,230
CIS 110,CIS,110,"Cybersecurity, BS",,,Checksheet,,UAS 289,UAS,289
CIS 110,CIS,110,"Cybersecurity, PBS",,,Checksheet,,UAS 310,UAS,310
CIS 110,CIS,110,"Data Science, BS",,,Checksheet,,UAS 410,UAS,410
CIS 110,CIS,110,"Data Science, PBS",,,Checksheet,,UAS 420,UAS,420
CIS 110,CIS,110,"Machine Learning, Minor",,,Checksheet,,UAS 490,UAS,490
CIS 110,CIS,110,Software Development Certificate,,,Checksheet,,VTE 100,VTE,100
CIS 110,CIS,110,BUA 275,BUA,275,Prereq,,VTE 115,VTE,115
CIS 110,CIS,110,CGM 228,CGM,228,Prereq,,VTE 200,VTE,200
CIS 110,CIS,110,CIS 120,CIS,120,Prereq,,VTE 210,VTE,210
CIS 110,CIS,110,CIS 212,CIS,212,Prereq,,VTE 223,VTE,223
CIS 110,CIS,110,CIS 214,CIS,214,Prereq,,VTE 224,VTE,224
CIS 110,CIS,110,CIS 215,CIS,215,Prereq,,VTE 228,VTE,228
CIS 110,CIS,110,CIS 216,CIS,216,Prereq,,VTE 300,VTE,300
CIS 110,CIS,110,CIS 218,CIS,218,Prereq,,VTE 314,VTE,314
CIS 110,CIS,110,CIS 219,CIS,219,Prereq,,VTE 315,VTE,315
CIS 110,CIS,110,CIS 228,CIS,228,Prereq,,VTE 316,VTE,316
CIS 110,CIS,110,CIS 275,CIS,275,Prereq,,VTE 319,VTE,319
CIS 110,CIS,110,CIS 319,CIS,319,Prereq,,VTE 324,VTE,324
CIS 110,CIS,110,CIS 325,CIS,325,Prereq,,VTE 325,VTE,325
CIS 110,CIS,110,CIS 330,CIS,330,Prereq,,VTE 326,VTE,326
CIS 110,CIS,110,CIS 353,CIS,353,Prereq,,VTE 330,VTE,330
CIS 110,CIS,110,CIS 455,CIS,455,Prereq,,VTE 394,VTE,394
CIS 110,CIS,110,DSC 325,DSC,325,Prereq,,VTE 200L,VTE,200L
CIS 110,CIS,110,DSC 455,DSC,455,Prereq,,VTE 210L,VTE,210L
CIS 110,CIS,110,DSC 555,DSC,555,Prereq,,VTE 224L,VTE,224L
CIS 110,CIS,110,ISS 212,ISS,212,Prereq,,VTE 228L,VTE,228L
CIS 110,CIS,110,ISS 385,ISS,385,Prereq,,VTE 314L,VTE,314L
CIS 120,CIS,120,"Computer Information Systems, AS",,,Checksheet,,VTE 325L,VTE,325L
CIS 120,CIS,120,"Computer Information Systems, BS",,,Checksheet,,VTE 326L,VTE,326L
CIS 120,CIS,120,"Computer Information Systems, PBS",,,Checksheet,,WGS 102,WGS,102
CIS 120,CIS,120,"Cybersecurity, PBS",,,Checksheet,,WGS 190,WGS,190
CIS 120,CIS,120,"Data Science, BS",,,Checksheet,,WGS 289,WGS,289
CIS 120,CIS,120,"Data Science, PBS",,,Checksheet,,WGS 294,WGS,294
CIS 120,CIS,120,"Machine Learning, Minor",,,Checksheet,,WGS 302,WGS,302
CIS 120,CIS,120,Software Development Certificate,,,Checksheet,,WGS 303,WGS,303
CIS 120,CIS,120,CIS 315,CIS,315,Prereq,,WGS 305,WGS,305
CIS 120,CIS,120,CIS 325,CIS,325,Prereq,,WGS 306,WGS,306
CIS 120,CIS,120,CIS 354,CIS,354,Prereq,,WGS 309,WGS,309
CIS 120,CIS,120,DSC 325,DSC,325,Prereq,,WGS 318,WGS,318
CIS 131,CIS,131,Computer Information Systems Minor,,,Checksheet,,WGS 335,WGS,335
CIS 131,CIS,131,"Computer Information Systems, AS",,,Checksheet,,WGS 337,WGS,337
CIS 131,CIS,131,"Computer Information Systems, BS",,,Checksheet,,WGS 340,WGS,340
CIS 131,CIS,131,"Computer Information Systems, PBS",,,Checksheet,,WGS 345,WGS,345
CIS 131,CIS,131,"Management, BSBA",,,Checksheet,,WGS 349,WGS,349
CIS 131,CIS,131,Small Business Management Minor,,,Checksheet,,WGS 353,WGS,353
CIS 131,CIS,131,Social Media Certificate,,,Checksheet,,WGS 389,WGS,389
CIS 131,CIS,131,Web Applications Minor,,,Checksheet,,WGS 394,WGS,394
CIS 131,CIS,131,Web Development Certificate,,,Checksheet,,WGS 420,WGS,420
CIS 131,CIS,131,CIS 231,CIS,231,Prereq,,WGS 430,WGS,430
CIS 131,CIS,131,CIS 243,CIS,243,Prereq,,WGS 440,WGS,440
CIS 131,CIS,131,CIS 251,CIS,251,Prereq,,WGS 489,WGS,489
CIS 131,CIS,131,CIS 333,CIS,333,Prereq,,WGS 494,WGS,494
CIS 131,CIS,131,CIS 338,CIS,338,Prereq,,WGS 101W,WGS,101W
CIS 131,CIS,131,CIS 339,CIS,339,Prereq,,WGS 301W,WGS,301W
CIS 131,CIS,131,CIS 353,CIS,353,Prereq,,WGS 304W,WGS,304W
CIS 131,CIS,131,CIS 438,CIS,438,Prereq,,WGS 310W,WGS,310W
CIS 135,CIS,135,Data Science Certificate,,,Checksheet,,WGS 311W,WGS,311W
CIS 135,CIS,135,BUA 303,BUA,303,Prereq,,WGS 330W,WGS,330W
CIS 135,CIS,135,BUA 350,BUA,350,Prereq,,WGS 350W,WGS,350W
CIS 135,CIS,135,BUA 379,BUA,379,Prereq,,WGS 370W,WGS,370W
CIS 135,CIS,135,CIS 255,CIS,255,Prereq,,,,
CIS 135,CIS,135,CIS 303,CIS,303,Prereq,,,,
CIS 135,CIS,135,CIS 338,CIS,338,Prereq,,,,
CIS 135,CIS,135,CIS 352,CIS,352,Prereq,,,,
CIS 135,CIS,135,CIS 355,CIS,355,Prereq,,,,
CIS 135,CIS,135,CIS 438,CIS,438,Prereq,,,,
CIS 135,CIS,135,DSC 255,DSC,255,Prereq,,,,
CIS 135,CIS,135,DSC 352,DSC,352,Prereq,,,,
CIS 135,CIS,135,DSC 355,DSC,355,Prereq,,,,
CIS 135,CIS,135,INT 352,INT,352,Prereq,,,,
CIS 150,CIS,150,"Accounting, BSBA",,,Checksheet,,,,
CIS 150,CIS,150,"Architecture, B.Arch",,,Checksheet,,,,
CIS 150,CIS,150,Artificial Intelligence Essentials Certificate,,,Checksheet,,,,
CIS 150,CIS,150,"Aviation - Aviation Maintenance Concentration, Bachelor of Science",,,Checksheet,,,,
CIS 150,CIS,150,"Aviation-Flight Instructor Concentration, BS",,,Checksheet,,,,
CIS 150,CIS,150,"Aviation-Uncrewed Aircraft Systems Concentration, BS",,,Checksheet,,,,
CIS 150,CIS,150,"Business Administration, PBS",,,Checksheet,,,,
CIS 150,CIS,150,Computer Information Systems Minor,,,Checksheet,,,,
CIS 150,CIS,150,"Computer Information Systems, AS",,,Checksheet,,,,
CIS 150,CIS,150,"Computer Information Systems, BS",,,Checksheet,,,,
CIS 150,CIS,150,"Computer Information Systems, PBS",,,Checksheet,,,,
CIS 150,CIS,150,"Cybersecurity, BS",,,Checksheet,,,,
CIS 150,CIS,150,Data Science Certificate,,,Checksheet,,,,
CIS 150,CIS,150,"Data Science, BS",,,Checksheet,,,,
CIS 150,CIS,150,"Data Science, Minor",,,Checksheet,,,,
CIS 150,CIS,150,"Data Science, PBS",,,Checksheet,,,,
CIS 150,CIS,150,"Dental Hygiene, BS (Pending Accreditation)",,,Checksheet,,,,
CIS 150,CIS,150,Geographic Information Systems Minor,,,Checksheet,,,,
CIS 150,CIS,150,"Information & Library Science, AS",,,Checksheet,,,,
CIS 150,CIS,150,"Information & Library Science, BS",,,Checksheet,,,,
CIS 150,CIS,150,"Justice Studies, AS",,,Checksheet,,,,
CIS 150,CIS,150,"Justice Studies, BS",,,Checksheet,,,,
CIS 150,CIS,150,"Management, BSBA",,,Checksheet,,,,
CIS 150,CIS,150,"Mental Health & Human Services, AS",,,Checksheet,,,,
CIS 150,CIS,150,"Mental Health & Human Services, BS",,,Checksheet,,,,
CIS 150,CIS,150,Information Literacy,,,GenEd,,,,
CIS 150,CIS,150,BUA 300,BUA,300,Prereq,,,,
CIS 150,CIS,150,CIS 218,CIS,218,Prereq,,,,
CIS 150,CIS,150,CIS 255,CIS,255,Prereq,,,,
CIS 150,CIS,150,CIS 325,CIS,325,Prereq,,,,
CIS 150,CIS,150,CIS 352,CIS,352,Prereq,,,,
CIS 150,CIS,150,CIS 355,CIS,355,Prereq,,,,
CIS 150,CIS,150,CIS 370,CIS,370,Prereq,,,,
CIS 150,CIS,150,CIS 455,CIS,455,Prereq,,,,
CIS 150,CIS,150,DSC 255,DSC,255,Prereq,,,,
CIS 150,CIS,150,DSC 325,DSC,325,Prereq,,,,
CIS 150,CIS,150,DSC 352,DSC,352,Prereq,,,,
CIS 150,CIS,150,DSC 355,DSC,355,Prereq,,,,
CIS 150,CIS,150,DSC 370,DSC,370,Prereq,,,,
CIS 150,CIS,150,DSC 455,DSC,455,Prereq,,,,
CIS 150,CIS,150,DSC 555,DSC,555,Prereq,,,,
CIS 150,CIS,150,INT 352,INT,352,Prereq,,,,
CIS 150,CIS,150,MAT 370,MAT,370,Prereq,,,,
CIS 212,CIS,212,"Computer Information Systems, AS",,,Checksheet,,,,
CIS 212,CIS,212,"Computer Information Systems, BS",,,Checksheet,,,,
CIS 212,CIS,212,"Computer Information Systems, PBS",,,Checksheet,,,,
CIS 212,CIS,212,"Management, BSBA",,,Checksheet,,,,
CIS 212,CIS,212,Software Development Certificate,,,Checksheet,,,,
CIS 212,CIS,212,CIS 312,CIS,312,Prereq,,,,
CIS 212,CIS,212,CIS 325,CIS,325,Prereq,,,,
CIS 212,CIS,212,DSC 325,DSC,325,Prereq,,,,
CIS 214,CIS,214,"Computer Information Systems, AS",,,Checksheet,,,,
CIS 214,CIS,214,"Computer Information Systems, BS",,,Checksheet,,,,
CIS 214,CIS,214,"Computer Information Systems, PBS",,,Checksheet,,,,
CIS 214,CIS,214,"Management, BSBA",,,Checksheet,,,,
CIS 214,CIS,214,Software Development Certificate,,,Checksheet,,,,
CIS 214,CIS,214,CGM 228,CGM,228,Prereq,,,,
CIS 214,CIS,214,CIS 228,CIS,228,Prereq,,,,
CIS 214,CIS,214,CIS 314,CIS,314,Prereq,,,,
CIS 214,CIS,214,CIS 325,CIS,325,Prereq,,,,
CIS 214,CIS,214,DSC 325,DSC,325,Prereq,,,,
CIS 215,CIS,215,"Computer Information Systems, AS",,,Checksheet,,,,
CIS 215,CIS,215,"Computer Information Systems, BS",,,Checksheet,,,,
CIS 215,CIS,215,"Computer Information Systems, PBS",,,Checksheet,,,,
CIS 215,CIS,215,"Management, BSBA",,,Checksheet,,,,
CIS 215,CIS,215,Software Development Certificate,,,Checksheet,,,,
CIS 215,CIS,215,CIS 325,CIS,325,Prereq,,,,
CIS 215,CIS,215,DSC 325,DSC,325,Prereq,,,,
CIS 216,CIS,216,"Computer Information Systems, AS",,,Checksheet,,,,
CIS 216,CIS,216,"Computer Information Systems, BS",,,Checksheet,,,,
CIS 216,CIS,216,"Computer Information Systems, PBS",,,Checksheet,,,,
CIS 216,CIS,216,Software Development Certificate,,,Checksheet,,,,
CIS 216,CIS,216,CIS 325,CIS,325,Prereq,,,,
CIS 216,CIS,216,DSC 325,DSC,325,Prereq,,,,
CIS 218,CIS,218,"Computer Information Systems, AS",,,Checksheet,,,,
CIS 218,CIS,218,"Computer Information Systems, BS",,,Checksheet,,,,
CIS 218,CIS,218,Data Science Certificate,,,Checksheet,,,,
CIS 218,CIS,218,"Data Science, BS",,,Checksheet,,,,
CIS 218,CIS,218,"Data Science, Minor",,,Checksheet,,,,
CIS 218,CIS,218,"Data Science, PBS",,,Checksheet,,,,
CIS 218,CIS,218,Software Development Certificate,,,Checksheet,,,,
CIS 218,CIS,218,Web Development Certificate,,,Checksheet,,,,
CIS 219,CIS,219,"Computer Information Systems, AS",,,Checksheet,,,,
CIS 219,CIS,219,"Computer Information Systems, BS",,,Checksheet,,,,
CIS 219,CIS,219,Software Development Certificate,,,Checksheet,,,,
CIS 220,CIS,220,Computer Networking Minor,,,Checksheet,,,,
CIS 220,CIS,220,Cyber Forensics Certificate,,,Checksheet,,,,
CIS 220,CIS,220,Cyber Forensics Minor,,,Checksheet,,,,
CIS 220,CIS,220,"Cybersecurity Operations, Certificate",,,Checksheet,,,,
CIS 220,CIS,220,Management Information Systems Concentration,,,Checksheet,,,,
CIS 220,CIS,220,Networking Certificate,,,Checksheet,,,,
CIS 220,CIS,220,Systems Administration Certificate,,,Checksheet,,,,
CIS 220,CIS,220,CIS 242,CIS,242,Prereq,,,,
CIS 220,CIS,220,CIS 246,CIS,246,Prereq,,,,
CIS 220,CIS,220,CIS 345,CIS,345,Prereq,,,,
CIS 220,CIS,220,ISS 430,ISS,430,Prereq,,,,
CIS 221,CIS,221,"Computer Information Systems, AS",,,Checksheet,,,,
CIS 221,CIS,221,"Computer Information Systems, BS",,,Checksheet,,,,
CIS 221,CIS,221,"Computer Information Systems, PBS",,,Checksheet,,,,
CIS 221,CIS,221,Cybersecurity Fundamentals Certificate,,,Checksheet,,,,
CIS 221,CIS,221,Cybersecurity Minor,,,Checksheet,,,,
CIS 221,CIS,221,"Cybersecurity Operations, Certificate",,,Checksheet,,,,
CIS 221,CIS,221,"Cybersecurity, AS",,,Checksheet,,,,
CIS 221,CIS,221,"Cybersecurity, BS",,,Checksheet,,,,
CIS 221,CIS,221,"Cybersecurity, PBS",,,Checksheet,,,,
CIS 221,CIS,221,ISS 282,ISS,282,Prereq,,,,
CIS 221,CIS,221,ISS 320,ISS,320,Prereq,,,,
CIS 221,CIS,221,ISS 360,ISS,360,Prereq,,,,
CIS 221,CIS,221,ISS 385,ISS,385,Prereq,,,,
CIS 225,CIS,225,"Data Science, BS",,,Checksheet,,,,
CIS 225,CIS,225,"Data Science, PBS",,,Checksheet,,,,
CIS 225,CIS,225,Health Informatics Certificate,,,Checksheet,,,,
CIS 225,CIS,225,"Nursing (4-Year), BSN",,,Checksheet,,,,
CIS 225,CIS,225,"Nursing (RN-BSN Completion), BSN",,,Checksheet,,,,
CIS 225,CIS,225,NUR 226,NUR,226,Coreq,,,,
CIS 225,CIS,225,DSC 225,DSC,225,CrossList,,,,
CIS 225,CIS,225,NUR 225,NUR,225,CrossList,,,,
CIS 225,CIS,225,Computer Literacy,,,GenEd,,,,
CIS 225,CIS,225,NUR 310,NUR,310,Prereq,,,,
CIS 228,CIS,228,Computer Gaming Certificate (18 Credit Hours),,,Checksheet,,,,
CIS 228,CIS,228,CGM 228,CGM,228,CrossList,,,,
CIS 228,CIS,228,CIS 328,CIS,328,Prereq,,,,
CIS 231,CIS,231,"Management, BSBA",,,Checksheet,,,,
CIS 231,CIS,231,Web Applications Minor,,,Checksheet,,,,
CIS 231,CIS,231,Web Development Certificate,,,Checksheet,,,,
CIS 240,CIS,240,Computer Information Systems Minor,,,Checksheet,,,,
CIS 240,CIS,240,"Computer Information Systems, AS",,,Checksheet,,,,
CIS 240,CIS,240,"Computer Information Systems, BS",,,Checksheet,,,,
CIS 240,CIS,240,"Computer Information Systems, PBS",,,Checksheet,,,,
CIS 240,CIS,240,Computer Networking Minor,,,Checksheet,,,,
CIS 240,CIS,240,Cybersecurity Certificate,,,Checksheet,,,,
CIS 240,CIS,240,Cybersecurity Fundamentals Certificate,,,Checksheet,,,,
CIS 240,CIS,240,Cybersecurity Minor,,,Checksheet,,,,
CIS 240,CIS,240,"Cybersecurity Operations, Certificate",,,Checksheet,,,,
CIS 240,CIS,240,"Cybersecurity, AS",,,Checksheet,,,,
CIS 240,CIS,240,"Cybersecurity, BS",,,Checksheet,,,,
CIS 240,CIS,240,"Cybersecurity, PBS",,,Checksheet,,,,
CIS 240,CIS,240,"Management, BSBA",,,Checksheet,,,,
CIS 240,CIS,240,Networking Certificate,,,Checksheet,,,,
CIS 240,CIS,240,Systems Administration Certificate,,,Checksheet,,,,
CIS 240,CIS,240,CIS 241,CIS,241,Prereq,,,,
CIS 240,CIS,240,CIS 242,CIS,242,Prereq,,,,
CIS 240,CIS,240,CIS 245,CIS,245,Prereq,,,,
CIS 240,CIS,240,CIS 246,CIS,246,Prereq,,,,
CIS 240,CIS,240,CIS 260,CIS,260,Prereq,,,,
CIS 240,CIS,240,CIS 330,CIS,330,Prereq,,,,
CIS 240,CIS,240,CIS 345,CIS,345,Prereq,,,,
CIS 240,CIS,240,CIS 440,CIS,440,Prereq,,,,
CIS 240,CIS,240,ISS 282,ISS,282,Prereq,,,,
CIS 240,CIS,240,ISS 310,ISS,310,Prereq,,,,
CIS 240,CIS,240,ISS 320,ISS,320,Prereq,,,,
CIS 240,CIS,240,ISS 360,ISS,360,Prereq,,,,
CIS 241,CIS,241,CIS 340,CIS,340,Prereq,,,,
CIS 242,CIS,242,Systems Administration Certificate,,,Checksheet,,,,
CIS 242,CIS,242,CIS 244,CIS,244,Prereq,,,,
CIS 242,CIS,242,CIS 342,CIS,342,Prereq,,,,
CIS 244,CIS,244,Systems Administration Certificate,,,Checksheet,,,,
CIS 245,CIS,245,Computer Networking Minor,,,Checksheet,,,,
CIS 245,CIS,245,Networking Certificate,,,Checksheet,,,,
CIS 246,CIS,246,Networking Certificate,,,Checksheet,,,,
CIS 246,CIS,246,Systems Administration Certificate,,,Checksheet,,,,
CIS 246,CIS,246,CIS 248,CIS,248,Prereq,,,,
CIS 246,CIS,246,CIS 342,CIS,342,Prereq,,,,
CIS 246,CIS,246,ISS 320,ISS,320,Prereq,,,,
CIS 248,CIS,248,Systems Administration Certificate,,,Checksheet,,,,
CIS 251,CIS,251,Web Applications Minor,,,Checksheet,,,,
CIS 251,CIS,251,Web Development Certificate,,,Checksheet,,,,
CIS 255,CIS,255,Computer Information Systems Minor,,,Checksheet,,,,
CIS 255,CIS,255,"Computer Information Systems, AS",,,Checksheet,,,,
CIS 255,CIS,255,"Computer Information Systems, BS",,,Checksheet,,,,
CIS 255,CIS,255,"Computer Information Systems, PBS",,,Checksheet,,,,
CIS 255,CIS,255,"Data Science, BS",,,Checksheet,,,,
CIS 255,CIS,255,"Data Science, Minor",,,Checksheet,,,,
CIS 255,CIS,255,"Data Science, PBS",,,Checksheet,,,,
CIS 255,CIS,255,DSC 255,DSC,255,CrossList,,,,
CIS 255,CIS,255,BUA 450,BUA,450,Prereq,,,,
CIS 255,CIS,255,CIS 218,CIS,218,Prereq,,,,
CIS 255,CIS,255,CIS 330,CIS,330,Prereq,,,,
CIS 255,CIS,255,CIS 350,CIS,350,Prereq,,,,
CIS 255,CIS,255,CIS 449,CIS,449,Prereq,,,,
CIS 255,CIS,255,CIS 450,CIS,450,Prereq,,,,
CIS 255,CIS,255,DSC 449,DSC,449,Prereq,,,,
CIS 255,CIS,255,DSC 450,DSC,450,Prereq,,,,
CIS 255,CIS,255,MAT 449,MAT,449,Prereq,,,,
CIS 255,CIS,255,MAT 450,MAT,450,Prereq,,,,
CIS 260,CIS,260,Computer Networking Minor,,,Checksheet,,,,
CIS 260,CIS,260,Networking Certificate,,,Checksheet,,,,
CIS 260,CIS,260,CIS 262,CIS,262,Prereq,,,,
CIS 262,CIS,262,Computer Networking Minor,,,Checksheet,,,,
CIS 262,CIS,262,Networking Certificate,,,Checksheet,,,,
CIS 262,CIS,262,CIS 362,CIS,362,Prereq,,,,
CIS 275,CIS,275,Artificial Intelligence Essentials Certificate,,,Checksheet,,,,
CIS 275,CIS,275,"Data Science, BS",,,Checksheet,,,,
CIS 275,CIS,275,BUA 275,BUA,275,CrossList,,,,
CIS 303,CIS,303,Applied Bachelor of Science in Public Administration (90-credit program),,,Checksheet,,,,
CIS 303,CIS,303,Business Administration Minor,,,Checksheet,,,,
CIS 303,CIS,303,"Business Administration, PBS",,,Checksheet,,,,
CIS 303,CIS,303,Human Resource Management Certificate,,,Checksheet,,,,
CIS 303,CIS,303,Human Resource Management Minor,,,Checksheet,,,,
CIS 303,CIS,303,Management Information Systems Concentration,,,Checksheet,,,,
CIS 303,CIS,303,"Management, BSBA",,,Checksheet,,,,
CIS 303,CIS,303,"Public Administration, BS",,,Checksheet,,,,
CIS 303,CIS,303,Small Business Management Minor,,,Checksheet,,,,
CIS 303,CIS,303,BUA 303,BUA,303,CrossList,,,,
CIS 303,CIS,303,BUA 450,BUA,450,Prereq,,,,
CIS 303,CIS,303,CIS 450,CIS,450,Prereq,,,,
CIS 303,CIS,303,DSC 450,DSC,450,Prereq,,,,
CIS 303,CIS,303,MAT 450,MAT,450,Prereq,,,,
CIS 312,CIS,312,"Management, BSBA",,,Checksheet,,,,
CIS 312,CIS,312,Software Development Certificate,,,Checksheet,,,,
CIS 314,CIS,314,"Management, BSBA",,,Checksheet,,,,
CIS 314,CIS,314,Software Development Certificate,,,Checksheet,,,,
CIS 315,CIS,315,Software Development Certificate,,,Checksheet,,,,
CIS 319,CIS,319,Software Development Certificate,,,Checksheet,,,,
CIS 325,CIS,325,Artificial Intelligence Essentials Certificate,,,Checksheet,,,,
CIS 325,CIS,325,"Data Science, BS",,,Checksheet,,,,
CIS 325,CIS,325,"Data Science, PBS",,,Checksheet,,,,
CIS 325,CIS,325,"Machine Learning, Minor",,,Checksheet,,,,
CIS 325,CIS,325,DSC 325,DSC,325,CrossList,,,,
CIS 325,CIS,325,CIS 454,CIS,454,Prereq,,,,
CIS 325,CIS,325,DSC 454,DSC,454,Prereq,,,,
CIS 328,CIS,328,Computer Gaming Certificate (18 Credit Hours),,,Checksheet,,,,
CIS 328,CIS,328,CGM 328,CGM,328,CrossList,,,,
CIS 330,CIS,330,Computer Information Systems Minor,,,Checksheet,,,,
CIS 330,CIS,330,"Computer Information Systems, BS",,,Checksheet,,,,
CIS 330,CIS,330,"Computer Information Systems, PBS",,,Checksheet,,,,
CIS 330,CIS,330,Health Informatics Certificate,,,Checksheet,,,,
CIS 330,CIS,330,Information Assurance Certificate,,,Checksheet,,,,
CIS 330,CIS,330,"Management, BSBA",,,Checksheet,,,,
CIS 330,CIS,330,BUA 450,BUA,450,Prereq,,,,
CIS 330,CIS,330,CIS 450,CIS,450,Prereq,,,,
CIS 330,CIS,330,CIS 470,CIS,470,Prereq,,,,
CIS 330,CIS,330,DSC 450,DSC,450,Prereq,,,,
CIS 330,CIS,330,MAT 450,MAT,450,Prereq,,,,
CIS 333,CIS,333,"Computer Information Systems, PBS",,,Checksheet,,,,
CIS 333,CIS,333,Software Development Certificate,,,Checksheet,,,,
CIS 333,CIS,333,Web Applications Minor,,,Checksheet,,,,
CIS 333,CIS,333,Web Development Certificate,,,Checksheet,,,,
CIS 333,CIS,333,CIS 334,CIS,334,Prereq,,,,
CIS 333,CIS,333,CIS 438,CIS,438,Prereq,,,,
CIS 334,CIS,334,Software Development Certificate,,,Checksheet,,,,
CIS 334,CIS,334,Web Applications Minor,,,Checksheet,,,,
CIS 334,CIS,334,Web Development Certificate,,,Checksheet,,,,
CIS 338,CIS,338,Web Development Certificate,,,Checksheet,,,,
CIS 339,CIS,339,Web Development Certificate,,,Checksheet,,,,
CIS 340,CIS,340,CIS 348,CIS,348,Prereq,,,,
CIS 342,CIS,342,Networking Certificate,,,Checksheet,,,,
CIS 342,CIS,342,Systems Administration Certificate,,,Checksheet,,,,
CIS 345,CIS,345,Networking Certificate,,,Checksheet,,,,
CIS 345,CIS,345,Systems Administration Certificate,,,Checksheet,,,,
CIS 345,CIS,345,CIS 346,CIS,346,Prereq,,,,
CIS 346,CIS,346,Systems Administration Certificate,,,Checksheet,,,,
CIS 350,CIS,350,"Data Science, BS",,,Checksheet,,,,
CIS 350,CIS,350,"Data Science, PBS",,,Checksheet,,,,
CIS 350,CIS,350,Health Informatics Certificate,,,Checksheet,,,,
CIS 350,CIS,350,"Management, BSBA",,,Checksheet,,,,
CIS 350,CIS,350,CIS 351,CIS,351,Prereq,,,,
CIS 352,CIS,352,"Business Administration, PBS",,,Checksheet,,,,
CIS 352,CIS,352,Crime Analysis and GIS Certificate,,,Checksheet,,,,
CIS 352,CIS,352,Data Science Certificate,,,Checksheet,,,,
CIS 352,CIS,352,"Data Science, BS",,,Checksheet,,,,
CIS 352,CIS,352,"Data Science, Minor",,,Checksheet,,,,
CIS 352,CIS,352,"Data Science, PBS",,,Checksheet,,,,
CIS 352,CIS,352,Health Informatics Certificate,,,Checksheet,,,,
CIS 352,CIS,352,"Management, BSBA",,,Checksheet,,,,
CIS 352,CIS,352,DSC 352,DSC,352,CrossList,,,,
CIS 352,CIS,352,INT 352,INT,352,CrossList,,,,
CIS 352,CIS,352,Fine Arts,,,GenEd,,,,
CIS 352,CIS,352,ART 550,ART,550,Prereq,,,,
CIS 352,CIS,352,CIS 449,CIS,449,Prereq,,,,
CIS 352,CIS,352,DSC 449,DSC,449,Prereq,,,,
CIS 352,CIS,352,MAT 449,MAT,449,Prereq,,,,
CIS 353,CIS,353,"Data Science, BS",,,Checksheet,,,,
CIS 353,CIS,353,Software Development Certificate,,,Checksheet,,,,
CIS 353,CIS,353,Web Development Certificate,,,Checksheet,,,,
CIS 353,CIS,353,Cultural Perspectives,,,GenEd,,,,
CIS 354,CIS,354,"Computer Information Systems, BS",,,Checksheet,,,,
CIS 354,CIS,354,"Data Science, BS",,,Checksheet,,,,
CIS 354,CIS,354,"Data Science, Minor",,,Checksheet,,,,
CIS 354,CIS,354,"Data Science, PBS",,,Checksheet,,,,
CIS 354,CIS,354,"Machine Learning, Minor",,,Checksheet,,,,
CIS 354,CIS,354,"Management, BSBA",,,Checksheet,,,,
CIS 354,CIS,354,Software Development Certificate,,,Checksheet,,,,
CIS 354,CIS,354,CIS 454,CIS,454,Prereq,,,,
CIS 354,CIS,354,DSC 454,DSC,454,Prereq,,,,
CIS 355,CIS,355,"Data Science, BS",,,Checksheet,,,,
CIS 355,CIS,355,"Data Science, Minor",,,Checksheet,,,,
CIS 355,CIS,355,"Data Science, PBS",,,Checksheet,,,,
CIS 355,CIS,355,DSC 355,DSC,355,CrossList,,,,
CIS 360,CIS,360,Applied Bachelor of Science in Public Administration (90-credit program),,,Checksheet,,,,
CIS 360,CIS,360,Crime Analysis and GIS Certificate,,,Checksheet,,,,
CIS 360,CIS,360,"Data Science, BS",,,Checksheet,,,,
CIS 360,CIS,360,"Data Science, Minor",,,Checksheet,,,,
CIS 360,CIS,360,"Data Science, PBS",,,Checksheet,,,,
CIS 360,CIS,360,Geographic Information Systems Minor,,,Checksheet,,,,
CIS 360,CIS,360,Health Informatics Certificate,,,Checksheet,,,,
CIS 360,CIS,360,Networking Certificate,,,Checksheet,,,,
CIS 360,CIS,360,"Public Administration 2+2, BS",,,Checksheet,,,,
CIS 360,CIS,360,"Public Administration, PBS",,,Checksheet,,,,
CIS 360,CIS,360,DSC 360,DSC,360,CrossList,,,,
CIS 360,CIS,360,GEO 360,GEO,360,CrossList,,,,
CIS 360,CIS,360,BUA 450,BUA,450,Prereq,,,,
CIS 360,CIS,360,CIS 218,CIS,218,Prereq,,,,
CIS 360,CIS,360,CIS 255,CIS,255,Prereq,,,,
CIS 360,CIS,360,CIS 352,CIS,352,Prereq,,,,
CIS 360,CIS,360,CIS 355,CIS,355,Prereq,,,,
CIS 360,CIS,360,CIS 449,CIS,449,Prereq,,,,
CIS 360,CIS,360,CIS 450,CIS,450,Prereq,,,,
CIS 360,CIS,360,DSC 255,DSC,255,Prereq,,,,
CIS 360,CIS,360,DSC 352,DSC,352,Prereq,,,,
CIS 360,CIS,360,DSC 355,DSC,355,Prereq,,,,
CIS 360,CIS,360,DSC 449,DSC,449,Prereq,,,,
CIS 360,CIS,360,DSC 450,DSC,450,Prereq,,,,
CIS 360,CIS,360,INT 352,INT,352,Prereq,,,,
CIS 360,CIS,360,MAT 449,MAT,449,Prereq,,,,
CIS 360,CIS,360,MAT 450,MAT,450,Prereq,,,,
CIS 362,CIS,362,Computer Networking Minor,,,Checksheet,,,,
CIS 370,CIS,370,"Data Science, BS",,,Checksheet,,,,
CIS 370,CIS,370,"Data Science, Minor",,,Checksheet,,,,
CIS 370,CIS,370,"Data Science, PBS",,,Checksheet,,,,
CIS 370,CIS,370,DSC 370,DSC,370,CrossList,,,,
CIS 370,CIS,370,MAT 370,MAT,370,CrossList,,,,
CIS 380,CIS,380,"Computer Information Systems, BS",,,Checksheet,,,,
CIS 410,CIS,410,"Data Science, BS",,,Checksheet,,,,
CIS 410,CIS,410,Software Development Certificate,,,Checksheet,,,,
CIS 438,CIS,438,Web Applications Minor,,,Checksheet,,,,
CIS 438,CIS,438,Web Development Certificate,,,Checksheet,,,,
CIS 440,CIS,440,"Computer Information Systems, BS",,,Checksheet,,,,
CIS 440,CIS,440,Computer Networking Minor,,,Checksheet,,,,
CIS 440,CIS,440,Cybersecurity Certificate,,,Checksheet,,,,
CIS 440,CIS,440,"Cybersecurity Operations, Certificate",,,Checksheet,,,,
CIS 440,CIS,440,"Cybersecurity, BS",,,Checksheet,,,,
CIS 440,CIS,440,"Cybersecurity, PBS",,,Checksheet,,,,
CIS 440,CIS,440,Networking Certificate,,,Checksheet,,,,
CIS 449,CIS,449,"Computer Information Systems, BS",,,Checksheet,,,,
CIS 449,CIS,449,"Computer Information Systems, PBS",,,Checksheet,,,,
CIS 449,CIS,449,Data Science Certificate,,,Checksheet,,,,
CIS 449,CIS,449,"Data Science, BS",,,Checksheet,,,,
CIS 449,CIS,449,"Data Science, Minor",,,Checksheet,,,,
CIS 449,CIS,449,"Data Science, PBS",,,Checksheet,,,,
CIS 449,CIS,449,DSC 449,DSC,449,CrossList,,,,
CIS 449,CIS,449,MAT 449,MAT,449,CrossList,,,,
CIS 449,CIS,449,CIS 325,CIS,325,Prereq,,,,
CIS 449,CIS,449,DSC 325,DSC,325,Prereq,,,,
CIS 450,CIS,450,"Business Administration, PBS",,,Checksheet,,,,
CIS 450,CIS,450,"Data Science, BS",,,Checksheet,,,,
CIS 450,CIS,450,"Data Science, Minor",,,Checksheet,,,,
CIS 450,CIS,450,"Data Science, PBS",,,Checksheet,,,,
CIS 450,CIS,450,"Management, BSBA",,,Checksheet,,,,
CIS 450,CIS,450,BUA 450,BUA,450,CrossList,,,,
CIS 450,CIS,450,DSC 450,DSC,450,CrossList,,,,
CIS 450,CIS,450,MAT 450,MAT,450,CrossList,,,,
CIS 454,CIS,454,Artificial Intelligence Essentials Certificate,,,Checksheet,,,,
CIS 454,CIS,454,"Data Science, BS",,,Checksheet,,,,
CIS 454,CIS,454,"Data Science, PBS",,,Checksheet,,,,
CIS 454,CIS,454,DSC 454,DSC,454,CrossList,,,,
CIS 455,CIS,455,"Data Science, BS",,,Checksheet,,,,
CIS 455,CIS,455,"Data Science, PBS",,,Checksheet,,,,
CIS 455,CIS,455,DSC 455,DSC,455,CrossList,,,,
CIS 460,CIS,460,American Studies Minor,,,Checksheet,,,,
CIS 460,CIS,460,Applied Bachelor of Science in Public Administration (90-credit program),,,Checksheet,,,,
CIS 460,CIS,460,Artificial Intelligence Essentials Certificate,,,Checksheet,,,,
CIS 460,CIS,460,Computer Information Systems Minor,,,Checksheet,,,,
CIS 460,CIS,460,"Computer Information Systems, BS",,,Checksheet,,,,
CIS 460,CIS,460,"Computer Information Systems, PBS",,,Checksheet,,,,
CIS 460,CIS,460,"Cybersecurity, BS",,,Checksheet,,,,
CIS 460,CIS,460,"Cybersecurity, PBS",,,Checksheet,,,,
CIS 460,CIS,460,"Data Science, BS",,,Checksheet,,,,
CIS 460,CIS,460,"Data Science, PBS",,,Checksheet,,,,
CIS 460,CIS,460,"Public Administration, BS",,,Checksheet,,,,
CIS 460,CIS,460,Social Media Certificate,,,Checksheet,,,,
CIS 460,CIS,460,Ethical Reasoning,,,GenEd,,,,
CIS 470,CIS,470,"Computer Information Systems, BS",,,Checksheet,,,,
CIS 470,CIS,470,"Computer Information Systems, PBS",,,Checksheet,,,,
CNB 100,CNB,100,JUS 365,JUS,365,Prereq,,,,
CNB 100,CNB,100,SOC 240,SOC,240,Prereq,,,,
COL 123,COL,123,"Liberal Studies, AA",,,Checksheet,,,,
COL 123,COL,123,Cultural Perspectives,,,GenEd,,,,
COL 214,COL,214,HUS 279,HUS,279,Prereq,,,,
COM 101,COM,101,"Architecture, B.Arch",,,Checksheet,,,,
COM 101,COM,101,Communications Minor,,,Checksheet,,,,
COM 101,COM,101,Dental Assisting Certificate,,,Checksheet,,,,
COM 101,COM,101,"Dental Assisting, AS",,,Checksheet,,,,
COM 101,COM,101,"Dental Hygiene, AS",,,Checksheet,,,,
COM 101,COM,101,"Dental Hygiene, BS",,,Checksheet,,,,
COM 101,COM,101,"Liberal Studies, AA",,,Checksheet,,,,
COM 101,COM,101,"Psychology, AA",,,Checksheet,,,,
COM 101,COM,101,Critical Thinking,,,GenEd,,,,
COM 101,COM,101,Oral Communication,,,GenEd,,,,
COM 101,COM,101,ARC 408,ARC,408,Prereq,,,,
COM 101,COM,101,COM 305,COM,305,Prereq,,,,
COM 101,COM,101,SSC 325,SSC,325,Prereq,,,,
COM 102,COM,102,Behavioral Science Minor,,,Checksheet,,,,
COM 102,COM,102,Child & Youth Care Practitioner Certificate,,,Checksheet,,,,
COM 102,COM,102,Communications Minor,,,Checksheet,,,,
COM 102,COM,102,Dental Assisting Certificate,,,Checksheet,,,,
COM 102,COM,102,"Dental Hygiene, AS",,,Checksheet,,,,
COM 102,COM,102,"Dental Hygiene, BS",,,Checksheet,,,,
COM 102,COM,102,"Liberal Studies, AA",,,Checksheet,,,,
COM 102,COM,102,"Psychology, AA",,,Checksheet,,,,
COM 102,COM,102,Social Science Minor,,,Checksheet,,,,
COM 102,COM,102,"Social Science, AA",,,Checksheet,,,,
COM 102,COM,102,"Social Science, BA",,,Checksheet,,,,
COM 102,COM,102,"Veterinary Technology, AS",,,Checksheet,,,,
COM 102,COM,102,"Veterinary Technology, BS",,,Checksheet,,,,
COM 102,COM,102,Oral Communication,,,GenEd,,,,
COM 102,COM,102,COM 300,COM,300,Prereq,,,,
COM 104,COM,104,Behavioral Science Minor,,,Checksheet,,,,
COM 104,COM,104,Communications Minor,,,Checksheet,,,,
COM 104,COM,104,"Dental Hygiene, BS",,,Checksheet,,,,
COM 104,COM,104,Human Resource Management Certificate,,,Checksheet,,,,
COM 104,COM,104,Human Resource Management Minor,,,Checksheet,,,,
COM 104,COM,104,"Liberal Studies, AA",,,Checksheet,,,,
COM 104,COM,104,Social Science Minor,,,Checksheet,,,,
COM 104,COM,104,"Social Science, AA",,,Checksheet,,,,
COM 104,COM,104,"Social Science, BA",,,Checksheet,,,,
COM 104,COM,104,Critical Thinking,,,GenEd,,,,
COM 104,COM,104,Oral Communication,,,GenEd,,,,
COM 104,COM,104,COM 300,COM,300,Prereq,,,,
COM 106,COM,106,Communications Minor,,,Checksheet,,,,
COM 106,COM,106,"Dental Hygiene, BS",,,Checksheet,,,,
COM 106,COM,106,"Liberal Studies, AA",,,Checksheet,,,,
COM 106,COM,106,DRA 106,DRA,106,CrossList,,,,
COM 106,COM,106,Fine Arts,,,GenEd,,,,
COM 106,COM,106,Humanities,,,GenEd,,,,
COM 106,COM,106,Oral Communication,,,GenEd,,,,
COM 160,COM,160,Communications Minor,,,Checksheet,,,,
COM 160,COM,160,"Liberal Studies, AA",,,Checksheet,,,,
COM 160,COM,160,Oral Communication,,,GenEd,,,,
COM 190,COM,190,Behavioral Science Minor,,,Checksheet,,,,
COM 190,COM,190,Communications Minor,,,Checksheet,,,,
COM 190,COM,190,Embodied Social Justice Certificate,,,Checksheet,,,,
COM 190,COM,190,Embodied Social Justice Minor,,,Checksheet,,,,
COM 190,COM,190,"Liberal Studies, AA",,,Checksheet,,,,
COM 190,COM,190,Social Science Minor,,,Checksheet,,,,
COM 190,COM,190,"Social Science, AA",,,Checksheet,,,,
COM 190,COM,190,Oral Communication,,,GenEd,,,,
COM 300,COM,300,Behavioral Science Minor,,,Checksheet,,,,
COM 300,COM,300,Social Science Minor,,,Checksheet,,,,
COM 305,COM,305,Advocacy Minor,,,Checksheet,,,,
COM 305,COM,305,Behavioral Science Minor,,,Checksheet,,,,
COM 317,COM,317,Behavioral Science Minor,,,Checksheet,,,,
COM 320,COM,320,Behavioral Science Minor,,,Checksheet,,,,
COM 320,COM,320,Embodied Social Justice Certificate,,,Checksheet,,,,
COM 320,COM,320,"Nursing (4-Year), BSN",,,Checksheet,,,,
COM 320,COM,320,"Nursing (RN-BSN Completion), BSN",,,Checksheet,,,,
COM 330,COM,330,Advocacy Minor,,,Checksheet,,,,
COM 330,COM,330,Communications Minor,,,Checksheet,,,,
COM 330,COM,330,PSY 330,PSY,330,CrossList,,,,
COM 330,COM,330,COM 475,COM,475,Prereq,,,,
COM 330,COM,330,SOC 475,SOC,475,Prereq,,,,
COM 375,COM,375,"Data Science, PBS",,,Checksheet,,,,
COM 375,COM,375,Social Media Certificate,,,Checksheet,,,,
COM 375,COM,375,SOC 375,SOC,375,CrossList,,,,
COM 410,COM,410,Behavioral Science Minor,,,Checksheet,,,,
COM 410,COM,410,Embodied Social Justice Certificate,,,Checksheet,,,,
COM 475,COM,475,Behavioral Science Minor,,,Checksheet,,,,
COM 475,COM,475,"Data Science, BS",,,Checksheet,,,,
COM 475,COM,475,"Data Science, PBS",,,Checksheet,,,,
COM 475,COM,475,Social Media Certificate,,,Checksheet,,,,
COM 475,COM,475,SOC 475,SOC,475,CrossList,,,,
COM 480,COM,480,Behavioral Science Minor,,,Checksheet,,,,
COM 580,COM,580,"Trauma-Informed Emergency Management, Graduate Certificate",,,Checksheet,,,,
COM 580,COM,580,TEM 580,TEM,580,CrossList,,,,
CYB 501,CYB,501,"Cybersecurity, Graduate Certificate",,,Checksheet,,,,
CYB 501,CYB,501,"Cybersecurity, MS",,,Checksheet,,,,
CYB 501,CYB,501,CYB 520,CYB,520,Prereq,,,,
CYB 501,CYB,501,CYB 530,CYB,530,Prereq,,,,
CYB 501,CYB,501,CYB 572,CYB,572,Prereq,,,,
CYB 501,CYB,501,CYB 576,CYB,576,Prereq,,,,
CYB 501,CYB,501,CYB 583,CYB,583,Prereq,,,,
CYB 501,CYB,501,CYB 590,CYB,590,Prereq,,,,
CYB 502,CYB,502,CYB 532,CYB,532,Prereq,,,,
CYB 502,CYB,502,CYB 533,CYB,533,Prereq,,,,
CYB 502,CYB,502,CYB 534,CYB,534,Prereq,,,,
CYB 502,CYB,502,CYB 535,CYB,535,Prereq,,,,
CYB 502,CYB,502,CYB 536,CYB,536,Prereq,,,,
CYB 502,CYB,502,CYB 537,CYB,537,Prereq,,,,
CYB 502,CYB,502,CYB 538,CYB,538,Prereq,,,,
CYB 502,CYB,502,CYB 539,CYB,539,Prereq,,,,
CYB 503,CYB,503,CYB 504,CYB,504,Prereq,,,,
CYB 503,CYB,503,CYB 552,CYB,552,Prereq,,,,
CYB 503,CYB,503,CYB 581,CYB,581,Prereq,,,,
CYB 515,CYB,515,"Cybersecurity, Graduate Certificate",,,Checksheet,,,,
CYB 515,CYB,515,"Cybersecurity, MS",,,Checksheet,,,,
CYB 515,CYB,515,"Data Science, BS",,,Checksheet,,,,
CYB 515,CYB,515,CYB 698,CYB,698,Prereq,,,,
CYB 520,CYB,520,CYB 572,CYB,572,Prereq,,,,
CYB 524,CYB,524,CYB 578,CYB,578,Prereq,,,,
CYB 530,CYB,530,"Cybersecurity, MS",,,Checksheet,,,,
CYB 532,CYB,532,CYB 533,CYB,533,Prereq,,,,
CYB 532,CYB,532,CYB 538,CYB,538,Prereq,,,,
CYB 532,CYB,532,CYB 539,CYB,539,Prereq,,,,
CYB 533,CYB,533,CYB 538,CYB,538,Prereq,,,,
CYB 533,CYB,533,CYB 539,CYB,539,Prereq,,,,
CYB 551,CYB,551,"Cybersecurity, MS",,,Checksheet,,,,
CYB 576,CYB,576,"Cybersecurity, MS",,,Checksheet,,,,
CYB 582,CYB,582,"Cybersecurity, Graduate Certificate",,,Checksheet,,,,
CYB 582,CYB,582,"Cybersecurity, MS",,,Checksheet,,,,
CYB 583,CYB,583,"Cybersecurity, MS",,,Checksheet,,,,
CYB 584,CYB,584,"Cybersecurity, Graduate Certificate",,,Checksheet,,,,
CYB 584,CYB,584,"Cybersecurity, MS",,,Checksheet,,,,
CYB 586,CYB,586,CYB 574,CYB,574,Prereq,,,,
CYB 586,CYB,586,CYB 578,CYB,578,Prereq,,,,
CYB 698,CYB,698,"Cybersecurity, MS",,,Checksheet,,,,
DEA 102,DEA,102,Dental Assisting Certificate,,,Checksheet,,,,
DEA 102,DEA,102,"Dental Assisting, AS",,,Checksheet,,,,
DEA 102,DEA,102,DEA 152,DEA,152,Prereq,,,,
DEA 102,DEA,102,DEA 154,DEA,154,Prereq,,,,
DEA 102,DEA,102,DEA 213,DEA,213,Prereq,,,,
DEA 102,DEA,102,DEA 250,DEA,250,Prereq,,,,
DEA 102,DEA,102,DEA 253,DEA,253,Prereq,,,,
DEA 103,DEA,103,Dental Assisting Certificate,,,Checksheet,,,,
DEA 103,DEA,103,"Dental Assisting, AS",,,Checksheet,,,,
DEA 103,DEA,103,DEA 200,DEA,200,Coreq,,,,
DEA 103,DEA,103,DEA 201,DEA,201,Coreq,,,,
DEA 103,DEA,103,DEA 152,DEA,152,Prereq,,,,
DEA 103,DEA,103,DEA 154,DEA,154,Prereq,,,,
DEA 103,DEA,103,DEA 213,DEA,213,Prereq,,,,
DEA 103,DEA,103,DEA 250,DEA,250,Prereq,,,,
DEA 103,DEA,103,DEA 253,DEA,253,Prereq,,,,
DEA 152,DEA,152,Dental Assisting Certificate,,,Checksheet,,,,
DEA 152,DEA,152,"Dental Assisting, AS",,,Checksheet,,,,
DEA 152,DEA,152,DEA 154,DEA,154,Coreq,,,,
DEA 152,DEA,152,DEA 213,DEA,213,Coreq,,,,
DEA 152,DEA,152,DEA 250,DEA,250,Coreq,,,,
DEA 152,DEA,152,DEA 253,DEA,253,Coreq,,,,
DEA 154,DEA,154,Dental Assisting Certificate,,,Checksheet,,,,
DEA 154,DEA,154,"Dental Assisting, AS",,,Checksheet,,,,
DEA 154,DEA,154,DEA 200,DEA,200,Coreq,,,,
DEA 154,DEA,154,DEA 201,DEA,201,Coreq,,,,
DEA 200,DEA,200,Dental Assisting Certificate,,,Checksheet,,,,
DEA 200,DEA,200,"Dental Assisting, AS",,,Checksheet,,,,
DEA 200,DEA,200,"Dental Hygiene, BS",,,Checksheet,,,,
DEA 200,DEA,200,DEA 103,DEA,103,Coreq,,,,
DEA 200,DEA,200,DEA 201,DEA,201,Coreq,,,,
DEA 200,DEA,200,DEA 152,DEA,152,Prereq,,,,
DEA 200,DEA,200,DEA 154,DEA,154,Prereq,,,,
DEA 200,DEA,200,DEA 213,DEA,213,Prereq,,,,
DEA 200,DEA,200,DEA 250,DEA,250,Prereq,,,,
DEA 200,DEA,200,DEA 253,DEA,253,Prereq,,,,
DEA 201,DEA,201,Dental Assisting Certificate,,,Checksheet,,,,
DEA 201,DEA,201,"Dental Assisting, AS",,,Checksheet,,,,
DEA 201,DEA,201,"Dental Hygiene, BS",,,Checksheet,,,,
DEA 201,DEA,201,DEA 103,DEA,103,Coreq,,,,
DEA 201,DEA,201,DEA 200,DEA,200,Coreq,,,,
DEA 201,DEA,201,DEA 204,DEA,204,Coreq,,,,
DEA 201,DEA,201,DEH 203,DEH,203,Coreq,,,,
DEA 201,DEA,201,DEA 152,DEA,152,Prereq,,,,
DEA 201,DEA,201,DEA 154,DEA,154,Prereq,,,,
DEA 201,DEA,201,DEA 213,DEA,213,Prereq,,,,
DEA 201,DEA,201,DEA 250,DEA,250,Prereq,,,,
DEA 201,DEA,201,DEA 253,DEA,253,Prereq,,,,
DEA 204,DEA,204,Dental Assisting Certificate,,,Checksheet,,,,
DEA 204,DEA,204,"Dental Hygiene, BS",,,Checksheet,,,,
DEA 204,DEA,204,DEH 203,DEH,203,Coreq,,,,
DEA 213,DEA,213,Dental Assisting Certificate,,,Checksheet,,,,
DEA 213,DEA,213,"Dental Assisting, AS",,,Checksheet,,,,
DEA 213,DEA,213,DEA 152,DEA,152,Coreq,,,,
DEA 213,DEA,213,DEA 154,DEA,154,Coreq,,,,
DEA 213,DEA,213,DEA 250,DEA,250,Coreq,,,,
DEA 213,DEA,213,DEA 253,DEA,253,Coreq,,,,
DEA 250,DEA,250,Dental Assisting Certificate,,,Checksheet,,,,
DEA 250,DEA,250,"Dental Assisting, AS",,,Checksheet,,,,
DEA 250,DEA,250,DEA 152,DEA,152,Coreq,,,,
DEA 250,DEA,250,DEA 154,DEA,154,Coreq,,,,
DEA 250,DEA,250,DEA 213,DEA,213,Coreq,,,,
DEA 250,DEA,250,DEA 253,DEA,253,Coreq,,,,
DEA 253,DEA,253,Dental Assisting Certificate,,,Checksheet,,,,
DEA 253,DEA,253,"Dental Assisting, AS",,,Checksheet,,,,
DEA 253,DEA,253,DEA 152,DEA,152,Coreq,,,,
DEA 253,DEA,253,DEA 154,DEA,154,Coreq,,,,
DEA 253,DEA,253,DEA 213,DEA,213,Coreq,,,,
DEA 253,DEA,253,DEA 250,DEA,250,Coreq,,,,
DEA 370,DEA,370,"Dental Assisting, AS",,,Checksheet,,,,
DEA 370,DEA,370,"Dental Hygiene, BS",,,Checksheet,,,,
DEA 370,DEA,370,"Expanded Function Dental Assisting, Certificate",,,Checksheet,,,,
DEA 370,DEA,370,DEA 371L,DEA,371L,Coreq,,,,
DEA 370,DEA,370,DEA 381,DEA,381,Prereq,,,,
DEA 371L,DEA,371L,"Dental Assisting, AS",,,Checksheet,,,,
DEA 371L,DEA,371L,"Dental Hygiene, BS",,,Checksheet,,,,
DEA 371L,DEA,371L,"Expanded Function Dental Assisting, Certificate",,,Checksheet,,,,
DEA 371L,DEA,371L,DEA 370,DEA,370,Coreq,,,,
DEA 371L,DEA,371L,DEA 381,DEA,381,Prereq,,,,
DEA 372,DEA,372,"Dental Assisting, AS",,,Checksheet,,,,
DEA 381,DEA,381,"Dental Assisting, AS",,,Checksheet,,,,
DEA 381,DEA,381,"Dental Hygiene, BS",,,Checksheet,,,,
DEA 381,DEA,381,"Expanded Function Dental Assisting, Certificate",,,Checksheet,,,,
DEH 200L,DEH,200L,"Dental Hygiene, AS",,,Checksheet,,,,
DEH 200L,DEH,200L,"Dental Hygiene, BS (Pending Accreditation)",,,Checksheet,,,,
DEH 200L,DEH,200L,DEH 201,DEH,201,Coreq,,,,
DEH 200L,DEH,200L,DEH 228,DEH,228,Coreq,,,,
DEH 200L,DEH,200L,DEH 250,DEH,250,Prereq,,,,
DEH 200L,DEH,200L,DEH 251,DEH,251,Prereq,,,,
DEH 200L,DEH,200L,DEH 251L,DEH,251L,Prereq,,,,
DEH 200L,DEH,200L,DEH 255,DEH,255,Prereq,,,,
DEH 200L,DEH,200L,DEH 330,DEH,330,Prereq,,,,
DEH 200L,DEH,200L,DEH 360,DEH,360,Prereq,,,,
DEH 201,DEH,201,"Dental Hygiene, AS",,,Checksheet,,,,
DEH 201,DEH,201,"Dental Hygiene, BS (Pending Accreditation)",,,Checksheet,,,,
DEH 201,DEH,201,DEA 204,DEA,204,Coreq,,,,
DEH 201,DEH,201,DEH 200L,DEH,200L,Coreq,,,,
DEH 201,DEH,201,DEH 203,DEH,203,Coreq,,,,
DEH 201,DEH,201,DEH 228,DEH,228,Coreq,,,,
DEH 201,DEH,201,DEH 250,DEH,250,Prereq,,,,
DEH 201,DEH,201,DEH 251,DEH,251,Prereq,,,,
DEH 201,DEH,201,DEH 251L,DEH,251L,Prereq,,,,
DEH 201,DEH,201,DEH 255,DEH,255,Prereq,,,,
DEH 201,DEH,201,DEH 330,DEH,330,Prereq,,,,
DEH 201,DEH,201,DEH 360,DEH,360,Prereq,,,,
DEH 202,DEH,202,"Dental Hygiene, AS",,,Checksheet,,,,
DEH 202,DEH,202,"Dental Hygiene, BS",,,Checksheet,,,,
DEH 202,DEH,202,"Dental Hygiene, BS (Pending Accreditation)",,,Checksheet,,,,
DEH 202,DEH,202,DEH 202,DEH,202,Coreq,,,,
DEH 202,DEH,202,DEH 202L,DEH,202L,Coreq,,,,
DEH 202,DEH,202,DEH 250,DEH,250,Prereq,,,,
DEH 202,DEH,202,DEH 252,DEH,252,Prereq,,,,
DEH 202,DEH,202,DEH 255,DEH,255,Prereq,,,,
DEH 202,DEH,202,DEH 304,DEH,304,Prereq,,,,
DEH 202,DEH,202,DEH 304L,DEH,304L,Prereq,,,,
DEH 202L,DEH,202L,"Dental Hygiene, BS (Pending Accreditation)",,,Checksheet,,,,
DEH 202L,DEH,202L,DEH 202,DEH,202,Coreq,,,,
DEH 203,DEH,203,Dental Assisting Certificate,,,Checksheet,,,,
DEH 203,DEH,203,"Dental Assisting, AS",,,Checksheet,,,,
DEH 203,DEH,203,"Dental Hygiene, AS",,,Checksheet,,,,
DEH 203,DEH,203,"Dental Hygiene, BS",,,Checksheet,,,,
DEH 203,DEH,203,"Dental Hygiene, BS (Pending Accreditation)",,,Checksheet,,,,
DEH 203,DEH,203,DEA 103,DEA,103,Coreq,,,,
DEH 203,DEH,203,DEA 200,DEA,200,Coreq,,,,
DEH 203,DEH,203,DEA 201,DEA,201,Coreq,,,,
DEH 203,DEH,203,DEA 204,DEA,204,Coreq,,,,
DEH 203,DEH,203,DEH 204L,DEH,204L,Coreq,,,,
DEH 203,DEH,203,DEA 152,DEA,152,Prereq,,,,
DEH 203,DEH,203,DEA 154,DEA,154,Prereq,,,,
DEH 203,DEH,203,DEA 213,DEA,213,Prereq,,,,
DEH 203,DEH,203,DEA 250,DEA,250,Prereq,,,,
DEH 203,DEH,203,DEA 253,DEA,253,Prereq,,,,
DEH 203,DEH,203,DEH 250,DEH,250,Prereq,,,,
DEH 203,DEH,203,DEH 255,DEH,255,Prereq,,,,
DEH 203,DEH,203,DEH 300,DEH,300,Prereq,,,,
DEH 203,DEH,203,DEH 360,DEH,360,Prereq,,,,
DEH 204L,DEH,204L,"Dental Assisting, AS",,,Checksheet,,,,
DEH 204L,DEH,204L,"Dental Hygiene, AS",,,Checksheet,,,,
DEH 204L,DEH,204L,"Dental Hygiene, BS (Pending Accreditation)",,,Checksheet,,,,
DEH 204L,DEH,204L,DEA 103,DEA,103,Coreq,,,,
DEH 204L,DEH,204L,DEA 200,DEA,200,Coreq,,,,
DEH 204L,DEH,204L,DEA 201,DEA,201,Coreq,,,,
DEH 204L,DEH,204L,DEH 203,DEH,203,Coreq,,,,
DEH 204L,DEH,204L,DEA 152,DEA,152,Prereq,,,,
DEH 204L,DEH,204L,DEA 154,DEA,154,Prereq,,,,
DEH 204L,DEH,204L,DEA 213,DEA,213,Prereq,,,,
DEH 204L,DEH,204L,DEA 250,DEA,250,Prereq,,,,
DEH 204L,DEH,204L,DEA 253,DEA,253,Prereq,,,,
DEH 204L,DEH,204L,DEH 360,DEH,360,Prereq,,,,
DEH 225,DEH,225,Dental Assisting Certificate,,,Checksheet,,,,
DEH 225,DEH,225,"Dental Assisting, AS",,,Checksheet,,,,
DEH 225,DEH,225,"Dental Hygiene, AS",,,Checksheet,,,,
DEH 225,DEH,225,"Dental Hygiene, BS",,,Checksheet,,,,
DEH 225,DEH,225,"Dental Hygiene, BS (Pending Accreditation)",,,Checksheet,,,,
DEH 225,DEH,225,DEA 102,DEA,102,Coreq,,,,
DEH 225,DEH,225,DEA 103,DEA,103,Coreq,,,,
DEH 225,DEH,225,DEA 152,DEA,152,Prereq,,,,
DEH 225,DEH,225,DEA 154,DEA,154,Prereq,,,,
DEH 225,DEH,225,DEA 213,DEA,213,Prereq,,,,
DEH 225,DEH,225,DEA 250,DEA,250,Prereq,,,,
DEH 225,DEH,225,DEA 253,DEA,253,Prereq,,,,
DEH 228,DEH,228,"Dental Hygiene, BS (Pending Accreditation)",,,Checksheet,,,,
DEH 228,DEH,228,DEH 200L,DEH,200L,Coreq,,,,
DEH 228,DEH,228,DEH 201,DEH,201,Coreq,,,,
DEH 250,DEH,250,"Dental Hygiene, AS",,,Checksheet,,,,
DEH 250,DEH,250,"Dental Hygiene, BS",,,Checksheet,,,,
DEH 250,DEH,250,"Dental Hygiene, BS (Pending Accreditation)",,,Checksheet,,,,
DEH 250,DEH,250,DEH 254,DEH,254,Coreq,,,,
DEH 250,DEH,250,DEH 302,DEH,302,Coreq,,,,
DEH 250,DEH,250,DEH 330,DEH,330,Coreq,,,,
DEH 250,DEH,250,DEH 360,DEH,360,Coreq,,,,
DEH 250,DEH,250,DEH 300,DEH,300,Prereq,,,,
DEH 250,DEH,250,DEH 301,DEH,301,Prereq,,,,
DEH 250,DEH,250,DEH 301L,DEH,301L,Prereq,,,,
DEH 250,DEH,250,DEH 303,DEH,303,Prereq,,,,
DEH 250,DEH,250,DEH 304,DEH,304,Prereq,,,,
DEH 250,DEH,250,DEH 304L,DEH,304L,Prereq,,,,
DEH 250,DEH,250,DEH 405,DEH,405,Prereq,,,,
DEH 251,DEH,251,"Dental Hygiene, AS",,,Checksheet,,,,
DEH 251,DEH,251,"Dental Hygiene, BS",,,Checksheet,,,,
DEH 251,DEH,251,"Dental Hygiene, BS (Pending Accreditation)",,,Checksheet,,,,
DEH 251,DEH,251,DEH 251,DEH,251,Coreq,,,,
DEH 251,DEH,251,DEH 251L,DEH,251L,Coreq,,,,
DEH 251,DEH,251,DEH 330,DEH,330,Coreq,,,,
DEH 251,DEH,251,DEH 300,DEH,300,Prereq,,,,
DEH 251,DEH,251,DEH 301,DEH,301,Prereq,,,,
DEH 251,DEH,251,DEH 301L,DEH,301L,Prereq,,,,
DEH 251,DEH,251,DEH 303,DEH,303,Prereq,,,,
DEH 251L,DEH,251L,"Dental Hygiene, BS (Pending Accreditation)",,,Checksheet,,,,
DEH 251L,DEH,251L,DEH 251,DEH,251,Coreq,,,,
DEH 252,DEH,252,"Dental Hygiene, AS",,,Checksheet,,,,
DEH 252,DEH,252,"Dental Hygiene, BS",,,Checksheet,,,,
DEH 252,DEH,252,"Dental Hygiene, BS (Pending Accreditation)",,,Checksheet,,,,
DEH 252,DEH,252,DEH 302,DEH,302,Coreq,,,,
DEH 252,DEH,252,DEH 300,DEH,300,Prereq,,,,
DEH 252,DEH,252,DEH 303,DEH,303,Prereq,,,,
DEH 252,DEH,252,DEH 304,DEH,304,Prereq,,,,
DEH 252,DEH,252,DEH 304L,DEH,304L,Prereq,,,,
DEH 254,DEH,254,"Dental Hygiene, AS",,,Checksheet,,,,
DEH 254,DEH,254,"Dental Hygiene, BS",,,Checksheet,,,,
DEH 254,DEH,254,"Dental Hygiene, BS (Pending Accreditation)",,,Checksheet,,,,
DEH 254,DEH,254,DEH 300,DEH,300,Prereq,,,,
DEH 255,DEH,255,"Dental Hygiene, AS",,,Checksheet,,,,
DEH 255,DEH,255,"Dental Hygiene, BS",,,Checksheet,,,,
DEH 255,DEH,255,"Dental Hygiene, BS (Pending Accreditation)",,,Checksheet,,,,
DEH 265,DEH,265,"Dental Hygiene, BS (Pending Accreditation)",,,Checksheet,,,,
DEH 265,DEH,265,DEH 201,DEH,201,Prereq,,,,
DEH 270,DEH,270,"Dental Hygiene, BS (Pending Accreditation)",,,Checksheet,,,,
DEH 300,DEH,300,"Dental Hygiene, AS",,,Checksheet,,,,
DEH 300,DEH,300,"Dental Hygiene, BS",,,Checksheet,,,,
DEH 300,DEH,300,"Dental Hygiene, BS (Pending Accreditation)",,,Checksheet,,,,
DEH 300,DEH,300,DEH 301,DEH,301,Coreq,,,,
DEH 300,DEH,300,DEH 301L,DEH,301L,Coreq,,,,
DEH 300,DEH,300,DEH 304,DEH,304,Coreq,,,,
DEH 300,DEH,300,DEH 304L,DEH,304L,Coreq,,,,
DEH 300,DEH,300,DEH 305,DEH,305,Coreq,,,,
DEH 300,DEH,300,DEH 405,DEH,405,Coreq,,,,
DEH 300,DEH,300,DEH 350,DEH,350,Prereq,,,,
DEH 300,DEH,300,DEH 430,DEH,430,Prereq,,,,
DEH 301,DEH,301,"Dental Hygiene, AS",,,Checksheet,,,,
DEH 301,DEH,301,"Dental Hygiene, BS",,,Checksheet,,,,
DEH 301,DEH,301,"Dental Hygiene, BS (Pending Accreditation)",,,Checksheet,,,,
DEH 301,DEH,301,DEH 301,DEH,301,Coreq,,,,
DEH 301,DEH,301,DEH 301L,DEH,301L,Coreq,,,,
DEH 301,DEH,301,DEH 350,DEH,350,Prereq,,,,
DEH 301L,DEH,301L,"Dental Hygiene, BS (Pending Accreditation)",,,Checksheet,,,,
DEH 301L,DEH,301L,DEH 301,DEH,301,Coreq,,,,
DEH 302,DEH,302,"Dental Hygiene, AS",,,Checksheet,,,,
DEH 302,DEH,302,"Dental Hygiene, BS",,,Checksheet,,,,
DEH 302,DEH,302,"Dental Hygiene, BS (Pending Accreditation)",,,Checksheet,,,,
DEH 302,DEH,302,DEH 304,DEH,304,Prereq,,,,
DEH 302,DEH,302,DEH 304L,DEH,304L,Prereq,,,,
DEH 302,DEH,302,DEH 350,DEH,350,Prereq,,,,
DEH 302,DEH,302,DEH 405,DEH,405,Prereq,,,,
DEH 303,DEH,303,"Dental Hygiene, AS",,,Checksheet,,,,
DEH 303,DEH,303,"Dental Hygiene, BS",,,Checksheet,,,,
DEH 303,DEH,303,"Dental Hygiene, BS (Pending Accreditation)",,,Checksheet,,,,
DEH 303,DEH,303,DEH 350,DEH,350,Prereq,,,,
DEH 304,DEH,304,"Dental Hygiene, AS",,,Checksheet,,,,
DEH 304,DEH,304,"Dental Hygiene, BS",,,Checksheet,,,,
DEH 304,DEH,304,"Dental Hygiene, BS (Pending Accreditation)",,,Checksheet,,,,
DEH 304,DEH,304,DEH 304,DEH,304,Coreq,,,,
DEH 304,DEH,304,DEH 304L,DEH,304L,Coreq,,,,
DEH 304,DEH,304,DEH 350,DEH,350,Prereq,,,,
DEH 304L,DEH,304L,"Dental Hygiene, BS (Pending Accreditation)",,,Checksheet,,,,
DEH 304L,DEH,304L,DEH 304,DEH,304,Coreq,,,,
DEH 305,DEH,305,"Dental Hygiene, AS",,,Checksheet,,,,
DEH 305,DEH,305,"Dental Hygiene, BS",,,Checksheet,,,,
DEH 305,DEH,305,"Dental Hygiene, BS (Pending Accreditation)",,,Checksheet,,,,
DEH 305,DEH,305,DEH 351,DEH,351,Prereq,,,,
DEH 305,DEH,305,DEH 353,DEH,353,Prereq,,,,
DEH 330,DEH,330,"Dental Hygiene, BS (Pending Accreditation)",,,Checksheet,,,,
DEH 350,DEH,350,"Dental Hygiene, AS",,,Checksheet,,,,
DEH 350,DEH,350,"Dental Hygiene, BS",,,Checksheet,,,,
DEH 350,DEH,350,"Dental Hygiene, BS (Pending Accreditation)",,,Checksheet,,,,
DEH 350,DEH,350,DEH 351,DEH,351,Coreq,,,,
DEH 350,DEH,350,DEH 352,DEH,352,Coreq,,,,
DEH 350,DEH,350,DEH 353,DEH,353,Coreq,,,,
DEH 350,DEH,350,DEH 354,DEH,354,Coreq,,,,
DEH 350,DEH,350,DEH 430,DEH,430,Coreq,,,,
DEH 351,DEH,351,"Dental Hygiene, AS",,,Checksheet,,,,
DEH 351,DEH,351,"Dental Hygiene, BS",,,Checksheet,,,,
DEH 351,DEH,351,"Dental Hygiene, BS (Pending Accreditation)",,,Checksheet,,,,
DEH 351,DEH,351,DEH 400,DEH,400,Prereq,,,,
DEH 351,DEH,351,DEH 449,DEH,449,Prereq,,,,
DEH 351,DEH,351,DEH 489,DEH,489,Prereq,,,,
DEH 352,DEH,352,"Dental Hygiene, BS",,,Checksheet,,,,
DEH 353,DEH,353,"Dental Hygiene, AS",,,Checksheet,,,,
DEH 353,DEH,353,"Dental Hygiene, BS",,,Checksheet,,,,
DEH 353,DEH,353,"Dental Hygiene, BS (Pending Accreditation)",,,Checksheet,,,,
DEH 353,DEH,353,DEH 400,DEH,400,Prereq,,,,
DEH 353,DEH,353,DEH 449,DEH,449,Prereq,,,,
DEH 353,DEH,353,DEH 489,DEH,489,Prereq,,,,
DEH 354,DEH,354,"Dental Hygiene, AS",,,Checksheet,,,,
DEH 354,DEH,354,"Dental Hygiene, BS",,,Checksheet,,,,
DEH 354,DEH,354,"Dental Hygiene, BS (Pending Accreditation)",,,Checksheet,,,,
DEH 360,DEH,360,"Dental Hygiene, BS (Pending Accreditation)",,,Checksheet,,,,
DEH 400,DEH,400,"Dental Hygiene, BS",,,Checksheet,,,,
DEH 405,DEH,405,"Dental Hygiene, BS (Pending Accreditation)",,,Checksheet,,,,
DEH 430,DEH,430,"Dental Hygiene, BS (Pending Accreditation)",,,Checksheet,,,,
DEH 449,DEH,449,"Dental Hygiene, BS",,,Checksheet,,,,
DEH 489,DEH,489,"Dental Hygiene, BS",,,Checksheet,,,,
DEH 494,DEH,494,"Dental Hygiene, BS",,,Checksheet,,,,
DRA 101,DRA,101,Fine Arts,,,GenEd,,,,
DRA 101,DRA,101,Humanities,,,GenEd,,,,
DRA 101,DRA,101,DRA 294,DRA,294,Prereq,,,,
DRA 101,DRA,101,DRA 355,DRA,355,Prereq,,,,
DRA 101,DRA,101,DRA 394,DRA,394,Prereq,,,,
DRA 101,DRA,101,DRA 494,DRA,494,Prereq,,,,
DRA 101,DRA,101,ENG 355,ENG,355,Prereq,,,,
DRA 106,DRA,106,Communications Minor,,,Checksheet,,,,
DRA 106,DRA,106,"Dental Hygiene, BS",,,Checksheet,,,,
DRA 106,DRA,106,"Liberal Studies, AA",,,Checksheet,,,,
DRA 106,DRA,106,COM 106,COM,106,CrossList,,,,
DRA 106,DRA,106,Fine Arts,,,GenEd,,,,
DRA 106,DRA,106,Humanities,,,GenEd,,,,
DRA 106,DRA,106,Oral Communication,,,GenEd,,,,
DRA 251,DRA,251,Fine Arts,,,GenEd,,,,
DRA 251,DRA,251,Humanities,,,GenEd,,,,
DRA 265,DRA,265,American Studies Minor,,,Checksheet,,,,
DRA 265,DRA,265,AME 265,AME,265,CrossList,,,,
DRA 265,DRA,265,Critical Thinking,,,GenEd,,,,
DRA 265,DRA,265,Cultural Perspectives,,,GenEd,,,,
DRA 265,DRA,265,Fine Arts,,,GenEd,,,,
DRA 265,DRA,265,Humanities,,,GenEd,,,,
DRA 265,DRA,265,DRA 389,DRA,389,Prereq,,,,
DRA 265,DRA,265,DRA 394,DRA,394,Prereq,,,,
DRA 265,DRA,265,DRA 494,DRA,494,Prereq,,,,
DRA 280,DRA,280,Fine Arts,,,GenEd,,,,
DRA 280,DRA,280,Humanities,,,GenEd,,,,
DRA 280,DRA,280,DRA 389,DRA,389,Prereq,,,,
DRA 280,DRA,280,DRA 394,DRA,394,Prereq,,,,
DRA 280,DRA,280,DRA 494,DRA,494,Prereq,,,,
DRA 294,DRA,294,Fine Arts,,,GenEd,,,,
DRA 294,DRA,294,Humanities,,,GenEd,,,,
DRA 309,DRA,309,French: Language & Culture Track Minor,,,Checksheet,,,,
DRA 309,DRA,309,"Women's, Gender, & Sexuality Studies, Minor",,,Checksheet,,,,
DRA 309,DRA,309,FRE 309,FRE,309,CrossList,,,,
DRA 309,DRA,309,HUM 309,HUM,309,CrossList,,,,
DRA 309,DRA,309,WGS 309,WGS,309,CrossList,,,,
DRA 309,DRA,309,Cultural Perspectives,,,GenEd,,,,
DRA 309,DRA,309,Fine Arts,,,GenEd,,,,
DRA 309,DRA,309,Humanities,,,GenEd,,,,
DRA 315,DRA,315,Fine Arts,,,GenEd,,,,
DRA 315,DRA,315,Humanities,,,GenEd,,,,
DRA 355,DRA,355,ENG 355,ENG,355,CrossList,,,,
DRA 355,DRA,355,Cultural Perspectives,,,GenEd,,,,
DRA 355,DRA,355,Fine Arts,,,GenEd,,,,
DRA 355,DRA,355,Humanities,,,GenEd,,,,
DRA 365,DRA,365,Critical Thinking,,,GenEd,,,,
DRA 389,DRA,389,Fine Arts,,,GenEd,,,,
DRA 389,DRA,389,Humanities,,,GenEd,,,,
DRA 394,DRA,394,Fine Arts,,,GenEd,,,,
DRA 394,DRA,394,Humanities,,,GenEd,,,,
DRA 494,DRA,494,Fine Arts,,,GenEd,,,,
DRA 494,DRA,494,Humanities,,,GenEd,,,,
DSC 100,DSC,100,"Data Science, PBS",,,Checksheet,,,,
DSC 225,DSC,225,"Data Science, BS",,,Checksheet,,,,
DSC 225,DSC,225,"Data Science, PBS",,,Checksheet,,,,
DSC 225,DSC,225,Health Informatics Certificate,,,Checksheet,,,,
DSC 225,DSC,225,"Nursing (4-Year), BSN",,,Checksheet,,,,
DSC 225,DSC,225,"Nursing (RN-BSN Completion), BSN",,,Checksheet,,,,
DSC 225,DSC,225,NUR 226,NUR,226,Coreq,,,,
DSC 225,DSC,225,CIS 225,CIS,225,CrossList,,,,
DSC 225,DSC,225,NUR 225,NUR,225,CrossList,,,,
DSC 225,DSC,225,Computer Literacy,,,GenEd,,,,
DSC 225,DSC,225,NUR 310,NUR,310,Prereq,,,,
DSC 255,DSC,255,Computer Information Systems Minor,,,Checksheet,,,,
DSC 255,DSC,255,"Computer Information Systems, AS",,,Checksheet,,,,
DSC 255,DSC,255,"Computer Information Systems, BS",,,Checksheet,,,,
DSC 255,DSC,255,"Computer Information Systems, PBS",,,Checksheet,,,,
DSC 255,DSC,255,"Data Science, BS",,,Checksheet,,,,
DSC 255,DSC,255,"Data Science, Minor",,,Checksheet,,,,
DSC 255,DSC,255,"Data Science, PBS",,,Checksheet,,,,
DSC 255,DSC,255,CIS 255,CIS,255,CrossList,,,,
DSC 255,DSC,255,BUA 450,BUA,450,Prereq,,,,
DSC 255,DSC,255,CIS 218,CIS,218,Prereq,,,,
DSC 255,DSC,255,CIS 330,CIS,330,Prereq,,,,
DSC 255,DSC,255,CIS 350,CIS,350,Prereq,,,,
DSC 255,DSC,255,CIS 449,CIS,449,Prereq,,,,
DSC 255,DSC,255,CIS 450,CIS,450,Prereq,,,,
DSC 255,DSC,255,DSC 449,DSC,449,Prereq,,,,
DSC 255,DSC,255,DSC 450,DSC,450,Prereq,,,,
DSC 255,DSC,255,MAT 449,MAT,449,Prereq,,,,
DSC 255,DSC,255,MAT 450,MAT,450,Prereq,,,,
DSC 289,DSC,289,"Data Science, PBS",,,Checksheet,,,,
DSC 325,DSC,325,Artificial Intelligence Essentials Certificate,,,Checksheet,,,,
DSC 325,DSC,325,"Data Science, BS",,,Checksheet,,,,
DSC 325,DSC,325,"Data Science, PBS",,,Checksheet,,,,
DSC 325,DSC,325,"Machine Learning, Minor",,,Checksheet,,,,
DSC 325,DSC,325,CIS 325,CIS,325,CrossList,,,,
DSC 325,DSC,325,CIS 454,CIS,454,Prereq,,,,
DSC 325,DSC,325,DSC 454,DSC,454,Prereq,,,,
DSC 352,DSC,352,"Business Administration, PBS",,,Checksheet,,,,
DSC 352,DSC,352,Crime Analysis and GIS Certificate,,,Checksheet,,,,
DSC 352,DSC,352,Data Science Certificate,,,Checksheet,,,,
DSC 352,DSC,352,"Data Science, BS",,,Checksheet,,,,
DSC 352,DSC,352,"Data Science, Minor",,,Checksheet,,,,
DSC 352,DSC,352,"Data Science, PBS",,,Checksheet,,,,
DSC 352,DSC,352,Health Informatics Certificate,,,Checksheet,,,,
DSC 352,DSC,352,"Management, BSBA",,,Checksheet,,,,
DSC 352,DSC,352,CIS 352,CIS,352,CrossList,,,,
DSC 352,DSC,352,INT 352,INT,352,CrossList,,,,
DSC 352,DSC,352,Fine Arts,,,GenEd,,,,
DSC 352,DSC,352,ART 550,ART,550,Prereq,,,,
DSC 352,DSC,352,CIS 449,CIS,449,Prereq,,,,
DSC 352,DSC,352,DSC 449,DSC,449,Prereq,,,,
DSC 352,DSC,352,MAT 449,MAT,449,Prereq,,,,
DSC 355,DSC,355,"Data Science, BS",,,Checksheet,,,,
DSC 355,DSC,355,"Data Science, Minor",,,Checksheet,,,,
DSC 355,DSC,355,"Data Science, PBS",,,Checksheet,,,,
DSC 355,DSC,355,CIS 355,CIS,355,CrossList,,,,
DSC 360,DSC,360,Applied Bachelor of Science in Public Administration (90-credit program),,,Checksheet,,,,
DSC 360,DSC,360,Crime Analysis and GIS Certificate,,,Checksheet,,,,
DSC 360,DSC,360,"Data Science, BS",,,Checksheet,,,,
DSC 360,DSC,360,"Data Science, Minor",,,Checksheet,,,,
DSC 360,DSC,360,"Data Science, PBS",,,Checksheet,,,,
DSC 360,DSC,360,Geographic Information Systems Minor,,,Checksheet,,,,
DSC 360,DSC,360,Health Informatics Certificate,,,Checksheet,,,,
DSC 360,DSC,360,Networking Certificate,,,Checksheet,,,,
DSC 360,DSC,360,"Public Administration 2+2, BS",,,Checksheet,,,,
DSC 360,DSC,360,"Public Administration, PBS",,,Checksheet,,,,
DSC 360,DSC,360,CIS 360,CIS,360,CrossList,,,,
DSC 360,DSC,360,GEO 360,GEO,360,CrossList,,,,
DSC 360,DSC,360,BUA 450,BUA,450,Prereq,,,,
DSC 360,DSC,360,CIS 218,CIS,218,Prereq,,,,
DSC 360,DSC,360,CIS 255,CIS,255,Prereq,,,,
DSC 360,DSC,360,CIS 352,CIS,352,Prereq,,,,
DSC 360,DSC,360,CIS 355,CIS,355,Prereq,,,,
DSC 360,DSC,360,CIS 449,CIS,449,Prereq,,,,
DSC 360,DSC,360,CIS 450,CIS,450,Prereq,,,,
DSC 360,DSC,360,DSC 255,DSC,255,Prereq,,,,
DSC 360,DSC,360,DSC 352,DSC,352,Prereq,,,,
DSC 360,DSC,360,DSC 355,DSC,355,Prereq,,,,
DSC 360,DSC,360,DSC 449,DSC,449,Prereq,,,,
DSC 360,DSC,360,DSC 450,DSC,450,Prereq,,,,
DSC 360,DSC,360,INT 352,INT,352,Prereq,,,,
DSC 360,DSC,360,MAT 449,MAT,449,Prereq,,,,
DSC 360,DSC,360,MAT 450,MAT,450,Prereq,,,,
DSC 370,DSC,370,"Data Science, BS",,,Checksheet,,,,
DSC 370,DSC,370,"Data Science, Minor",,,Checksheet,,,,
DSC 370,DSC,370,"Data Science, PBS",,,Checksheet,,,,
DSC 370,DSC,370,CIS 370,CIS,370,CrossList,,,,
DSC 370,DSC,370,MAT 370,MAT,370,CrossList,,,,
DSC 389,DSC,389,"Data Science, PBS",,,Checksheet,,,,
DSC 449,DSC,449,"Computer Information Systems, BS",,,Checksheet,,,,
DSC 449,DSC,449,"Computer Information Systems, PBS",,,Checksheet,,,,
DSC 449,DSC,449,Data Science Certificate,,,Checksheet,,,,
DSC 449,DSC,449,"Data Science, BS",,,Checksheet,,,,
DSC 449,DSC,449,"Data Science, Minor",,,Checksheet,,,,
DSC 449,DSC,449,"Data Science, PBS",,,Checksheet,,,,
DSC 449,DSC,449,CIS 449,CIS,449,CrossList,,,,
DSC 449,DSC,449,MAT 449,MAT,449,CrossList,,,,
DSC 449,DSC,449,CIS 325,CIS,325,Prereq,,,,
DSC 449,DSC,449,DSC 325,DSC,325,Prereq,,,,
DSC 450,DSC,450,"Business Administration, PBS",,,Checksheet,,,,
DSC 450,DSC,450,"Data Science, BS",,,Checksheet,,,,
DSC 450,DSC,450,"Data Science, Minor",,,Checksheet,,,,
DSC 450,DSC,450,"Data Science, PBS",,,Checksheet,,,,
DSC 450,DSC,450,"Management, BSBA",,,Checksheet,,,,
DSC 450,DSC,450,BUA 450,BUA,450,CrossList,,,,
DSC 450,DSC,450,CIS 450,CIS,450,CrossList,,,,
DSC 450,DSC,450,MAT 450,MAT,450,CrossList,,,,
DSC 454,DSC,454,Artificial Intelligence Essentials Certificate,,,Checksheet,,,,
DSC 454,DSC,454,"Data Science, BS",,,Checksheet,,,,
DSC 454,DSC,454,"Data Science, PBS",,,Checksheet,,,,
DSC 454,DSC,454,CIS 454,CIS,454,CrossList,,,,
DSC 455,DSC,455,"Data Science, BS",,,Checksheet,,,,
DSC 455,DSC,455,"Data Science, PBS",,,Checksheet,,,,
DSC 455,DSC,455,CIS 455,CIS,455,CrossList,,,,
DSC 489,DSC,489,"Data Science, PBS",,,Checksheet,,,,
DSC 525,DSC,525,"Data Science, BS",,,Checksheet,,,,
DSC 525,DSC,525,"Data Science, PBS",,,Checksheet,,,,
DSC 549,DSC,549,"Data Science, BS",,,Checksheet,,,,
DSC 549,DSC,549,"Data Science, PBS",,,Checksheet,,,,
DSC 550,DSC,550,"Data Science, BS",,,Checksheet,,,,
DSC 550,DSC,550,"Data Science, PBS",,,Checksheet,,,,
DSC 550,DSC,550,"Data Visualization, Graduate Certificate",,,Checksheet,,,,
DSC 550,DSC,550,ART 610,ART,610,Coreq,,,,
DSC 550,DSC,550,TEM 550,TEM,550,CrossList,,,,
DSC 552,DSC,552,"Data Science, BS",,,Checksheet,,,,
DSC 552,DSC,552,"Data Science, PBS",,,Checksheet,,,,
DSC 552,DSC,552,"Data Visualization, Graduate Certificate",,,Checksheet,,,,
DSC 552,DSC,552,ART 610,ART,610,Coreq,,,,
DSC 552,DSC,552,TEM 552,TEM,552,CrossList,,,,
DSC 552,DSC,552,Fine Arts,,,GenEd,,,,
DSC 552,DSC,552,ART 550,ART,550,Prereq,,,,
DSC 554,DSC,554,"Data Science, PBS",,,Checksheet,,,,
DSC 555,DSC,555,"Data Science, BS",,,Checksheet,,,,
DSC 555,DSC,555,"Data Science, PBS",,,Checksheet,,,,
DSC 561,DSC,561,TEM 561,TEM,561,CrossList,,,,
DSC 589,DSC,589,"Data Science, PBS",,,Checksheet,,,,
ECO 100,ECO,100,Business Administration Minor,,,Checksheet,,,,
ECO 100,ECO,100,"Business Administration, PBS",,,Checksheet,,,,
ECO 100,ECO,100,Small Business Management Minor,,,Checksheet,,,,
ECO 100,ECO,100,Social Science Minor,,,Checksheet,,,,
ECO 100,ECO,100,"Social Science, AA",,,Checksheet,,,,
ECO 100,ECO,100,"Social Science, BA",,,Checksheet,,,,
ECO 100,ECO,100,Social Science,,,GenEd,,,,
ECO 201,ECO,201,"Accounting, BSBA",,,Checksheet,,,,
ECO 201,ECO,201,Applied Bachelor of Science in Public Administration (90-credit program),,,Checksheet,,,,
ECO 201,ECO,201,Business Administration Minor,,,Checksheet,,,,
ECO 201,ECO,201,"Business Administration, AS",,,Checksheet,,,,
ECO 201,ECO,201,"Liberal Studies, AA",,,Checksheet,,,,
ECO 201,ECO,201,"Management, BSBA",,,Checksheet,,,,
ECO 201,ECO,201,"Public Administration 2+2, BS",,,Checksheet,,,,
ECO 201,ECO,201,"Public Administration, AS",,,Checksheet,,,,
ECO 201,ECO,201,"Public Administration, BS",,,Checksheet,,,,
ECO 201,ECO,201,Small Business Management Minor,,,Checksheet,,,,
ECO 201,ECO,201,Social Science,,,GenEd,,,,
ECO 201,ECO,201,BUA 357,BUA,357,Prereq,,,,
ECO 201,ECO,201,BUA 420,BUA,420,Prereq,,,,
ECO 201,ECO,201,ECO 289,ECO,289,Prereq,,,,
ECO 201,ECO,201,ECO 489,ECO,489,Prereq,,,,
ECO 202,ECO,202,"Accounting, BSBA",,,Checksheet,,,,
ECO 202,ECO,202,Applied Bachelor of Science in Public Administration (90-credit program),,,Checksheet,,,,
ECO 202,ECO,202,Business Administration Minor,,,Checksheet,,,,
ECO 202,ECO,202,"Business Administration, AS",,,Checksheet,,,,
ECO 202,ECO,202,"Liberal Studies, AA",,,Checksheet,,,,
ECO 202,ECO,202,"Management, BSBA",,,Checksheet,,,,
ECO 202,ECO,202,"Public Administration 2+2, BS",,,Checksheet,,,,
ECO 202,ECO,202,"Public Administration, AS",,,Checksheet,,,,
ECO 202,ECO,202,Small Business Management Minor,,,Checksheet,,,,
ECO 202,ECO,202,Social Science,,,GenEd,,,,
ECO 202,ECO,202,BUA 357,BUA,357,Prereq,,,,
ECO 202,ECO,202,BUA 420,BUA,420,Prereq,,,,
ECO 202,ECO,202,ECO 289,ECO,289,Prereq,,,,
ECO 202,ECO,202,ECO 489,ECO,489,Prereq,,,,
EDU 100,EDU,100,Early Childhood Teacher (081) Minor,,,Checksheet,,,,
EDU 100,EDU,100,"Elementary Education, BS",,,Checksheet,,,,
EDU 100,EDU,100,"Elementary Education, PBS",,,Checksheet,,,,
EDU 100,EDU,100,"Secondary Education, BS",,,Checksheet,,,,
EDU 100,EDU,100,"Secondary Education, PBS",,,Checksheet,,,,
EDU 100,EDU,100,Special Education (282) Minor,,,Checksheet,,,,
EDU 100,EDU,100,Ethical Reasoning,,,GenEd,,,,
EDU 195,EDU,195,Early Childhood Teacher (081) Minor,,,Checksheet,,,,
EDU 200W,EDU,200W,Early Childhood Teacher (081) Minor,,,Checksheet,,,,
EDU 200W,EDU,200W,Education Studies Minor,,,Checksheet,,,,
EDU 200W,EDU,200W,"Elementary Education, BS",,,Checksheet,,,,
EDU 200W,EDU,200W,"Elementary Education, PBS",,,Checksheet,,,,
EDU 200W,EDU,200W,"Information & Library Science, AS",,,Checksheet,,,,
EDU 200W,EDU,200W,"Information & Library Science, BS",,,Checksheet,,,,
EDU 200W,EDU,200W,"Secondary Education, BS",,,Checksheet,,,,
EDU 200W,EDU,200W,"Secondary Education, PBS",,,Checksheet,,,,
EDU 200W,EDU,200W,Special Education (282) Minor,,,Checksheet,,,,
EDU 200W,EDU,200W,Cultural Perspectives,,,GenEd,,,,
EDU 200W,EDU,200W,Writing Intensive,,,GenEd,,,,
EDU 200W,EDU,200W,EDU 215,EDU,215,Prereq,,,,
EDU 210W,EDU,210W,Early Childhood Teacher (081) Minor,,,Checksheet,,,,
EDU 210W,EDU,210W,"Elementary Education, BS",,,Checksheet,,,,
EDU 210W,EDU,210W,"Secondary Education, BS",,,Checksheet,,,,
EDU 210W,EDU,210W,Special Education (282) Minor,,,Checksheet,,,,
EDU 210W,EDU,210W,Writing Intensive,,,GenEd,,,,
EDU 215,EDU,215,Early Childhood Teacher (081) Minor,,,Checksheet,,,,
EDU 215,EDU,215,"Elementary Education, BS",,,Checksheet,,,,
EDU 215,EDU,215,"Elementary Education, PBS",,,Checksheet,,,,
EDU 215,EDU,215,"Secondary Education, BS",,,Checksheet,,,,
EDU 215,EDU,215,"Secondary Education, PBS",,,Checksheet,,,,
EDU 215,EDU,215,Special Education (282) Minor,,,Checksheet,,,,
EDU 250,EDU,250,Early Childhood Teacher (081) Minor,,,Checksheet,,,,
EDU 250,EDU,250,Education Studies Minor,,,Checksheet,,,,
EDU 250,EDU,250,"Elementary Education, BS",,,Checksheet,,,,
EDU 250,EDU,250,"Secondary Education, BS",,,Checksheet,,,,
EDU 250,EDU,250,Special Education (282) Minor,,,Checksheet,,,,
EDU 250,EDU,250,Critical Thinking,,,GenEd,,,,
EDU 250,EDU,250,EDU 340,EDU,340,Prereq,,,,
EDU 250,EDU,250,PHI 340,PHI,340,Prereq,,,,
EDU 251,EDU,251,Early Childhood Teacher (081) Minor,,,Checksheet,,,,
EDU 251,EDU,251,"Elementary Education, BS",,,Checksheet,,,,
EDU 251,EDU,251,"Elementary Education, PBS",,,Checksheet,,,,
EDU 251,EDU,251,"Secondary Education, BS",,,Checksheet,,,,
EDU 251,EDU,251,"Secondary Education, PBS",,,Checksheet,,,,
EDU 251,EDU,251,Special Education (282) Minor,,,Checksheet,,,,
EDU 251,EDU,251,EDU 340,EDU,340,Prereq,,,,
EDU 251,EDU,251,EDU 370,EDU,370,Prereq,,,,
EDU 251,EDU,251,PHI 340,PHI,340,Prereq,,,,
EDU 261,EDU,261,Early Childhood Services Minor,,,Checksheet,,,,
EDU 261,EDU,261,Early Childhood Teacher (081) Minor,,,Checksheet,,,,
EDU 261,EDU,261,Mental Health Electives,,,Checksheet,,,,
EDU 263,EDU,263,Early Childhood Teacher (081) Minor,,,Checksheet,,,,
EDU 300W,EDU,300W,Writing Intensive,,,GenEd,,,,
EDU 325,EDU,325,Early Childhood Teacher (081) Minor,,,Checksheet,,,,
EDU 326,EDU,326,Early Childhood Teacher (081) Minor,,,Checksheet,,,,
EDU 327,EDU,327,Early Childhood Teacher (081) Minor,,,Checksheet,,,,
EDU 328,EDU,328,"Child & Family Services Concentration, BSMHHS",,,Checksheet,,,,
EDU 328,EDU,328,Early Childhood Teacher (081) Minor,,,Checksheet,,,,
EDU 328,EDU,328,Mental Health Electives,,,Checksheet,,,,
EDU 328,EDU,328,HUS 328,HUS,328,CrossList,,,,
EDU 329,EDU,329,Early Childhood Teacher (081) Minor,,,Checksheet,,,,
EDU 330W,EDU,330W,Writing Intensive,,,GenEd,,,,
EDU 331,EDU,331,American Studies Minor,,,Checksheet,,,,
EDU 331,EDU,331,SOC 331,SOC,331,CrossList,,,,
EDU 335,EDU,335,Education Studies Minor,,,Checksheet,,,,
EDU 335,EDU,335,"Elementary Education, BS",,,Checksheet,,,,
EDU 335,EDU,335,"Elementary Education, PBS",,,Checksheet,,,,
EDU 335,EDU,335,"Secondary Education, BS",,,Checksheet,,,,
EDU 335,EDU,335,"Secondary Education, PBS",,,Checksheet,,,,
EDU 335,EDU,335,Cultural Perspectives,,,GenEd,,,,
EDU 340,EDU,340,Philosophy Minor,,,Checksheet,,,,
EDU 340,EDU,340,PHI 340,PHI,340,CrossList,,,,
EDU 340,EDU,340,Humanities,,,GenEd,,,,
EDU 341W,EDU,341W,Writing Intensive,,,GenEd,,,,
EDU 345W,EDU,345W,Early Childhood Teacher (081) Minor,,,Checksheet,,,,
EDU 345W,EDU,345W,Education Studies Minor,,,Checksheet,,,,
EDU 345W,EDU,345W,"Secondary Education, PBS",,,Checksheet,,,,
EDU 345W,EDU,345W,Special Education (282) Minor,,,Checksheet,,,,
EDU 345W,EDU,345W,Writing Intensive,,,GenEd,,,,
EDU 351W,EDU,351W,Writing Intensive,,,GenEd,,,,
EDU 352,EDU,352,"Child & Family Services Concentration, BSMHHS",,,Checksheet,,,,
EDU 352,EDU,352,Early Childhood Services Minor,,,Checksheet,,,,
EDU 352,EDU,352,Early Childhood Teacher (081) Minor,,,Checksheet,,,,
EDU 352,EDU,352,Human Services Minor,,,Checksheet,,,,
EDU 352,EDU,352,Mental Health Electives,,,Checksheet,,,,
EDU 352,EDU,352,"Optional Women's, Gender, and Sexuality Studies Concentration",,,Checksheet,,,,
EDU 352,EDU,352,HUS 352,HUS,352,CrossList,,,,
EDU 362,EDU,362,Early Childhood Teacher (081) Minor,,,Checksheet,,,,
EDU 362,EDU,362,Mental Health Electives,,,Checksheet,,,,
EDU 363,EDU,363,Early Childhood Services Minor,,,Checksheet,,,,
EDU 363,EDU,363,Early Childhood Teacher (081) Minor,,,Checksheet,,,,
EDU 363,EDU,363,Mental Health Electives,,,Checksheet,,,,
EDU 365,EDU,365,SED 365,SED,365,CrossList,,,,
EDU 366W,EDU,366W,Early Childhood Teacher (081) Minor,,,Checksheet,,,,
EDU 366W,EDU,366W,"Elementary Education, BS",,,Checksheet,,,,
EDU 366W,EDU,366W,"Information & Library Science, BS",,,Checksheet,,,,
EDU 366W,EDU,366W,"Secondary Education, BS",,,Checksheet,,,,
EDU 366W,EDU,366W,ENG 366W,ENG,366W,CrossList,,,,
EDU 366W,EDU,366W,Cultural Perspectives,,,GenEd,,,,
EDU 366W,EDU,366W,Humanities,,,GenEd,,,,
EDU 366W,EDU,366W,Information Literacy,,,GenEd,,,,
EDU 366W,EDU,366W,Writing Intensive,,,GenEd,,,,
EDU 380,EDU,380,"Secondary Education, PBS",,,Checksheet,,,,
EDU 385W,EDU,385W,"Secondary Education, PBS",,,Checksheet,,,,
EDU 385W,EDU,385W,Writing Intensive,,,GenEd,,,,
EDU 387,EDU,387,"Secondary Education, BS",,,Checksheet,,,,
EDU 387,EDU,387,"Secondary Education, PBS",,,Checksheet,,,,
EDU 387,EDU,387,Special Education (282) Minor,,,Checksheet,,,,
EDU 387,EDU,387,EDU 392,EDU,392,Prereq,,,,
EDU 387,EDU,387,SED 202,SED,202,Prereq,,,,
EDU 387,EDU,387,SED 330,SED,330,Prereq,,,,
EDU 387,EDU,387,SED 362,SED,362,Prereq,,,,
EDU 387,EDU,387,SED 365,SED,365,Prereq,,,,
EDU 387,EDU,387,SED 370,SED,370,Prereq,,,,
EDU 387,EDU,387,SED 380,SED,380,Prereq,,,,
EDU 387,EDU,387,SED 420,SED,420,Prereq,,,,
EDU 387,EDU,387,SED 425,SED,425,Prereq,,,,
EDU 387,EDU,387,SED 435,SED,435,Prereq,,,,
EDU 387,EDU,387,SED 445,SED,445,Prereq,,,,
EDU 387,EDU,387,SED 455,SED,455,Prereq,,,,
EDU 390W,EDU,390W,"Secondary Education, PBS",,,Checksheet,,,,
EDU 390W,EDU,390W,Writing Intensive,,,GenEd,,,,
EDU 395,EDU,395,Early Childhood Teacher (081) Minor,,,Checksheet,,,,
EDU 395,EDU,395,"Elementary Education, BS",,,Checksheet,,,,
EDU 395,EDU,395,"Elementary Education, PBS",,,Checksheet,,,,
EDU 395,EDU,395,"Secondary Education, PBS",,,Checksheet,,,,
EDU 395,EDU,395,Special Education (282) Minor,,,Checksheet,,,,
EDU 395,EDU,395,EDU 396,EDU,396,Prereq,,,,
EDU 396,EDU,396,Early Childhood Teacher (081) Minor,,,Checksheet,,,,
EDU 396,EDU,396,"Elementary Education, BS",,,Checksheet,,,,
EDU 396,EDU,396,"Elementary Education, PBS",,,Checksheet,,,,
EDU 396,EDU,396,"Secondary Education, PBS",,,Checksheet,,,,
EDU 396,EDU,396,Special Education (282) Minor,,,Checksheet,,,,
EDU 396,EDU,396,EDU 395,EDU,395,Coreq,,,,
EDU 399,EDU,399,Early Childhood Teacher (081) Minor,,,Checksheet,,,,
EDU 399,EDU,399,"Elementary Education, BS",,,Checksheet,,,,
EDU 399,EDU,399,"Elementary Education, PBS",,,Checksheet,,,,
EDU 399,EDU,399,"Secondary Education, PBS",,,Checksheet,,,,
EDU 399,EDU,399,EDU 490,EDU,490,Coreq,,,,
EDU 400,EDU,400,Wholeness-Centered Teaching and Learning Certificate of Study,,,Checksheet,,,,
EDU 401W,EDU,401W,Behavioral Science Minor,,,Checksheet,,,,
EDU 401W,EDU,401W,Education Studies Minor,,,Checksheet,,,,
EDU 401W,EDU,401W,"Secondary Education, PBS",,,Checksheet,,,,
EDU 401W,EDU,401W,PSY 401W,PSY,401W,CrossList,,,,
EDU 401W,EDU,401W,Writing Intensive,,,GenEd,,,,
EDU 420,EDU,420,Education Studies Minor,,,Checksheet,,,,
EDU 420,EDU,420,Master of Arts in Whole Child Education,,,Checksheet,,,,
EDU 420,EDU,420,Wholeness-Centered Teaching and Learning Certificate of Study,,,Checksheet,,,,
EDU 444,EDU,444,Master of Arts in Whole Child Education,,,Checksheet,,,,
EDU 444,EDU,444,Wholeness-Centered Teaching and Learning Certificate of Study,,,Checksheet,,,,
EDU 479,EDU,479,Master of Arts in Whole Child Education,,,Checksheet,,,,
EDU 479,EDU,479,Wholeness-Centered Teaching and Learning Certificate of Study,,,Checksheet,,,,
EDU 490,EDU,490,"Elementary Education, BS",,,Checksheet,,,,
EDU 490,EDU,490,"Elementary Education, PBS",,,Checksheet,,,,
EDU 490,EDU,490,"Secondary Education, PBS",,,Checksheet,,,,
EDU 490,EDU,490,EDU 399,EDU,399,Coreq,,,,
EDU 496,EDU,496,Early Childhood Teacher (081) Minor,,,Checksheet,,,,
EDU 497,EDU,497,Master of Arts in Whole Child Education,,,Checksheet,,,,
EDU 497,EDU,497,Wholeness-Centered Teaching and Learning Certificate of Study,,,Checksheet,,,,
EDU 500,EDU,500,Wholeness-Centered Teaching and Learning Certificate of Study,,,Checksheet,,,,
EDU 510,EDU,510,Master of Arts in Whole Child Education,,,Checksheet,,,,
EDU 520,EDU,520,Master of Arts in Whole Child Education,,,Checksheet,,,,
EDU 520,EDU,520,Wholeness-Centered Teaching and Learning Certificate of Study,,,Checksheet,,,,
EDU 530,EDU,530,Master of Arts in Whole Child Education,,,Checksheet,,,,
EDU 540,EDU,540,Master of Arts in Whole Child Education,,,Checksheet,,,,
EDU 544,EDU,544,Master of Arts in Whole Child Education,,,Checksheet,,,,
EDU 544,EDU,544,Wholeness-Centered Teaching and Learning Certificate of Study,,,Checksheet,,,,
EDU 550,EDU,550,Master of Arts in Whole Child Education,,,Checksheet,,,,
EDU 579,EDU,579,Master of Arts in Whole Child Education,,,Checksheet,,,,
EDU 579,EDU,579,Wholeness-Centered Teaching and Learning Certificate of Study,,,Checksheet,,,,
EDU 580,EDU,580,Master of Arts in Whole Child Education,,,Checksheet,,,,
EDU 590,EDU,590,Master of Arts in Whole Child Education,,,Checksheet,,,,
EDU 597,EDU,597,Master of Arts in Whole Child Education,,,Checksheet,,,,
EDU 597,EDU,597,Wholeness-Centered Teaching and Learning Certificate of Study,,,Checksheet,,,,
ENG 100,ENG,100,"Dental Hygiene, BS",,,Checksheet,,,,
ENG 100,ENG,100,"Information & Library Science, BS",,,Checksheet,,,,
ENG 100,ENG,100,"Medical Laboratory Technology, AS",,,Checksheet,,,,
ENG 100,ENG,100,ARC 101,ARC,101,Prereq,,,,
ENG 100,ENG,100,BIO 104,BIO,104,Prereq,,,,
ENG 100,ENG,100,BIO 110,BIO,110,Prereq,,,,
ENG 100,ENG,100,BIO 115,BIO,115,Prereq,,,,
ENG 100,ENG,100,BIO 289,BIO,289,Prereq,,,,
ENG 100,ENG,100,CHY 108,CHY,108,Prereq,,,,
ENG 100,ENG,100,ECO 100,ECO,100,Prereq,,,,
ENG 100,ENG,100,ENG 101,ENG,101,Prereq,,,,
ENG 100,ENG,100,GEY 101,GEY,101,Prereq,,,,
ENG 100,ENG,100,MEP 100,MEP,100,Prereq,,,,
ENG 100,ENG,100,SCI 115,SCI,115,Prereq,,,,
ENG 101,ENG,101,"Accounting, BSBA",,,Checksheet,,,,
ENG 101,ENG,101,American Studies Minor,,,Checksheet,,,,
ENG 101,ENG,101,Applied Bachelor of Science in Public Administration (90-credit program),,,Checksheet,,,,
ENG 101,ENG,101,"Applied Science, AAS",,,Checksheet,,,,
ENG 101,ENG,101,"Applied Science, BAS",,,Checksheet,,,,
ENG 101,ENG,101,"Architecture, B.Arch",,,Checksheet,,,,
ENG 101,ENG,101,"Art, BA",,,Checksheet,,,,
ENG 101,ENG,101,"Aviation - Aviation Maintenance Concentration, Bachelor of Science",,,Checksheet,,,,
ENG 101,ENG,101,"Aviation-Flight Instructor Concentration, BS",,,Checksheet,,,,
ENG 101,ENG,101,"Aviation-Uncrewed Aircraft Systems Concentration, BS",,,Checksheet,,,,
ENG 101,ENG,101,"Biology MLT 2+2, BA",,,Checksheet,,,,
ENG 101,ENG,101,"Biology, BA",,,Checksheet,,,,
ENG 101,ENG,101,"Biology, BA (Pre-Med Track)",,,Checksheet,,,,
ENG 101,ENG,101,"Business Administration, AS",,,Checksheet,,,,
ENG 101,ENG,101,"Community Policing, AS",,,Checksheet,,,,
ENG 101,ENG,101,"Computer Information Systems, AS",,,Checksheet,,,,
ENG 101,ENG,101,"Computer Information Systems, BS",,,Checksheet,,,,
ENG 101,ENG,101,"Contemporary & Popular Music, AS",,,Checksheet,,,,
ENG 101,ENG,101,"Cybersecurity, AS",,,Checksheet,,,,
ENG 101,ENG,101,"Cybersecurity, BS",,,Checksheet,,,,
ENG 101,ENG,101,"Data Science, BS",,,Checksheet,,,,
ENG 101,ENG,101,"Dental Assisting, AS",,,Checksheet,,,,
ENG 101,ENG,101,"Dental Hygiene, AS",,,Checksheet,,,,
ENG 101,ENG,101,"Dental Hygiene, BS",,,Checksheet,,,,
ENG 101,ENG,101,"Dental Hygiene, BS (Pending Accreditation)",,,Checksheet,,,,
ENG 101,ENG,101,"Elementary Education, BS",,,Checksheet,,,,
ENG 101,ENG,101,"English Literature, Minor",,,Checksheet,,,,
ENG 101,ENG,101,English Minor,,,Checksheet,,,,
ENG 101,ENG,101,English Writing Minor,,,Checksheet,,,,
ENG 101,ENG,101,"English, BA",,,Checksheet,,,,
ENG 101,ENG,101,"Information & Library Science, AS",,,Checksheet,,,,
ENG 101,ENG,101,"Information & Library Science, BS",,,Checksheet,,,,
ENG 101,ENG,101,"Interdisciplinary Studies, AA",,,Checksheet,,,,
ENG 101,ENG,101,"Interdisciplinary Studies, BA",,,Checksheet,,,,
ENG 101,ENG,101,"Justice Studies, AS",,,Checksheet,,,,
ENG 101,ENG,101,"Justice Studies, BS",,,Checksheet,,,,
ENG 101,ENG,101,"Liberal Studies, AA",,,Checksheet,,,,
ENG 101,ENG,101,"Management, BSBA",,,Checksheet,,,,
ENG 101,ENG,101,"Medical Laboratory Science, BS",,,Checksheet,,,,
ENG 101,ENG,101,"Medical Laboratory Technology, AS",,,Checksheet,,,,
ENG 101,ENG,101,"Mental Health & Human Services, AS",,,Checksheet,,,,
ENG 101,ENG,101,"Mental Health & Human Services, BS",,,Checksheet,,,,
ENG 101,ENG,101,"Nursing (4-Year), BSN",,,Checksheet,,,,
ENG 101,ENG,101,"Nursing (RN-BSN Completion), BSN",,,Checksheet,,,,
ENG 101,ENG,101,"Psychology, AA",,,Checksheet,,,,
ENG 101,ENG,101,"Public Administration 2+2, BS",,,Checksheet,,,,
ENG 101,ENG,101,"Public Administration, AS",,,Checksheet,,,,
ENG 101,ENG,101,"Public Administration, BS",,,Checksheet,,,,
ENG 101,ENG,101,"Secondary Education, BS",,,Checksheet,,,,
ENG 101,ENG,101,Social Media Certificate,,,Checksheet,,,,
ENG 101,ENG,101,"Social Science, AA",,,Checksheet,,,,
ENG 101,ENG,101,"Social Science, BA",,,Checksheet,,,,
ENG 101,ENG,101,"Veterinary Technology, AS",,,Checksheet,,,,
ENG 101,ENG,101,"Veterinary Technology, BS",,,Checksheet,,,,
ENG 101,ENG,101,Written Communication,,,GenEd,,,,
ENG 101,ENG,101,AME 121,AME,121,Prereq,,,,
ENG 101,ENG,101,AME 122,AME,122,Prereq,,,,
ENG 101,ENG,101,AME 201W,AME,201W,Prereq,,,,
ENG 101,ENG,101,AME 264,AME,264,Prereq,,,,
ENG 101,ENG,101,AME 265,AME,265,Prereq,,,,
ENG 101,ENG,101,AME 289,AME,289,Prereq,,,,
ENG 101,ENG,101,AME 303,AME,303,Prereq,,,,
ENG 101,ENG,101,AME 304W,AME,304W,Prereq,,,,
ENG 101,ENG,101,AME 306,AME,306,Prereq,,,,
ENG 101,ENG,101,AME 308W,AME,308W,Prereq,,,,
ENG 101,ENG,101,AME 335,AME,335,Prereq,,,,
ENG 101,ENG,101,AME 340,AME,340,Prereq,,,,
ENG 101,ENG,101,AME 345,AME,345,Prereq,,,,
ENG 101,ENG,101,AME 370W,AME,370W,Prereq,,,,
ENG 101,ENG,101,AME 476,AME,476,Prereq,,,,
ENG 101,ENG,101,ANT 121,ANT,121,Prereq,,,,
ENG 101,ENG,101,ANT 122,ANT,122,Prereq,,,,
ENG 101,ENG,101,ANT 308,ANT,308,Prereq,,,,
ENG 101,ENG,101,ARC 212,ARC,212,Prereq,,,,
ENG 101,ENG,101,ARC 441,ARC,441,Prereq,,,,
ENG 101,ENG,101,ARH 214W,ARH,214W,Prereq,,,,
ENG 101,ENG,101,ARH 370W,ARH,370W,Prereq,,,,
ENG 101,ENG,101,ARH 375,ARH,375,Prereq,,,,
ENG 101,ENG,101,ART 203,ART,203,Prereq,,,,
ENG 101,ENG,101,AVI 120,AVI,120,Prereq,,,,
ENG 101,ENG,101,BIO 100,BIO,100,Prereq,,,,
ENG 101,ENG,101,BUA 223,BUA,223,Prereq,,,,
ENG 101,ENG,101,BUA 252,BUA,252,Prereq,,,,
ENG 101,ENG,101,BUA 369,BUA,369,Prereq,,,,
ENG 101,ENG,101,DRA 265,DRA,265,Prereq,,,,
ENG 101,ENG,101,DRA 280,DRA,280,Prereq,,,,
ENG 101,ENG,101,DRA 309,DRA,309,Prereq,,,,
ENG 101,ENG,101,DRA 315,DRA,315,Prereq,,,,
ENG 101,ENG,101,EDU 200W,EDU,200W,Prereq,,,,
ENG 101,ENG,101,EDU 210W,EDU,210W,Prereq,,,,
ENG 101,ENG,101,EDU 250,EDU,250,Prereq,,,,
ENG 101,ENG,101,EDU 251,EDU,251,Prereq,,,,
ENG 101,ENG,101,EDU 335,EDU,335,Prereq,,,,
ENG 101,ENG,101,EDU 345W,EDU,345W,Prereq,,,,
ENG 101,ENG,101,EDU 350,EDU,350,Prereq,,,,
ENG 101,ENG,101,EDU 366W,EDU,366W,Prereq,,,,
ENG 101,ENG,101,EDU 370,EDU,370,Prereq,,,,
ENG 101,ENG,101,EDU 387,EDU,387,Prereq,,,,
ENG 101,ENG,101,EDU 392,EDU,392,Prereq,,,,
ENG 101,ENG,101,EDU 400,EDU,400,Prereq,,,,
ENG 101,ENG,101,EDU 401W,EDU,401W,Prereq,,,,
ENG 101,ENG,101,EDU 444,EDU,444,Prereq,,,,
ENG 101,ENG,101,EDU 479,EDU,479,Prereq,,,,
ENG 101,ENG,101,EDU 497,EDU,497,Prereq,,,,
ENG 101,ENG,101,ENG 102W,ENG,102W,Prereq,,,,
ENG 101,ENG,101,ENG 111W,ENG,111W,Prereq,,,,
ENG 101,ENG,101,ENG 201W,ENG,201W,Prereq,,,,
ENG 101,ENG,101,ENG 210W,ENG,210W,Prereq,,,,
ENG 101,ENG,101,ENG 214W,ENG,214W,Prereq,,,,
ENG 101,ENG,101,ENG 294,ENG,294,Prereq,,,,
ENG 101,ENG,101,ENG 303,ENG,303,Prereq,,,,
ENG 101,ENG,101,ENG 310W,ENG,310W,Prereq,,,,
ENG 101,ENG,101,ENG 311W,ENG,311W,Prereq,,,,
ENG 101,ENG,101,ENG 316,ENG,316,Prereq,,,,
ENG 101,ENG,101,ENG 317W,ENG,317W,Prereq,,,,
ENG 101,ENG,101,ENG 319W,ENG,319W,Prereq,,,,
ENG 101,ENG,101,ENG 320W,ENG,320W,Prereq,,,,
ENG 101,ENG,101,ENG 323W,ENG,323W,Prereq,,,,
ENG 101,ENG,101,ENG 325W,ENG,325W,Prereq,,,,
ENG 101,ENG,101,ENG 332,ENG,332,Prereq,,,,
ENG 101,ENG,101,ENG 344W,ENG,344W,Prereq,,,,
ENG 101,ENG,101,ENG 353W,ENG,353W,Prereq,,,,
ENG 101,ENG,101,ENG 357W,ENG,357W,Prereq,,,,
ENG 101,ENG,101,ENG 366W,ENG,366W,Prereq,,,,
ENG 101,ENG,101,ENG 380,ENG,380,Prereq,,,,
ENG 101,ENG,101,ENG 394,ENG,394,Prereq,,,,
ENG 101,ENG,101,ENG 494,ENG,494,Prereq,,,,
ENG 101,ENG,101,FRE 309,FRE,309,Prereq,,,,
ENG 101,ENG,101,FRE 350W,FRE,350W,Prereq,,,,
ENG 101,ENG,101,HGH 301,HGH,301,Prereq,,,,
ENG 101,ENG,101,HGH 345,HGH,345,Prereq,,,,
ENG 101,ENG,101,HGH 367,HGH,367,Prereq,,,,
ENG 101,ENG,101,HON 208,HON,208,Prereq,,,,
ENG 101,ENG,101,HTY 103,HTY,103,Prereq,,,,
ENG 101,ENG,101,HTY 104,HTY,104,Prereq,,,,
ENG 101,ENG,101,HTY 105,HTY,105,Prereq,,,,
ENG 101,ENG,101,HTY 106,HTY,106,Prereq,,,,
ENG 101,ENG,101,HTY 120,HTY,120,Prereq,,,,
ENG 101,ENG,101,HTY 207,HTY,207,Prereq,,,,
ENG 101,ENG,101,HTY 289,HTY,289,Prereq,,,,
ENG 101,ENG,101,HTY 304,HTY,304,Prereq,,,,
ENG 101,ENG,101,HTY 310,HTY,310,Prereq,,,,
ENG 101,ENG,101,HTY 321,HTY,321,Prereq,,,,
ENG 101,ENG,101,HTY 325,HTY,325,Prereq,,,,
ENG 101,ENG,101,HTY 330W,HTY,330W,Prereq,,,,
ENG 101,ENG,101,HTY 335,HTY,335,Prereq,,,,
ENG 101,ENG,101,HTY 340,HTY,340,Prereq,,,,
ENG 101,ENG,101,HTY 341,HTY,341,Prereq,,,,
ENG 101,ENG,101,HTY 350,HTY,350,Prereq,,,,
ENG 101,ENG,101,HTY 359,HTY,359,Prereq,,,,
ENG 101,ENG,101,HTY 365,HTY,365,Prereq,,,,
ENG 101,ENG,101,HTY 375,HTY,375,Prereq,,,,
ENG 101,ENG,101,HTY 389,HTY,389,Prereq,,,,
ENG 101,ENG,101,HTY 476,HTY,476,Prereq,,,,
ENG 101,ENG,101,HTY 489,HTY,489,Prereq,,,,
ENG 101,ENG,101,HUM 110,HUM,110,Prereq,,,,
ENG 101,ENG,101,HUM 289,HUM,289,Prereq,,,,
ENG 101,ENG,101,HUM 308,HUM,308,Prereq,,,,
ENG 101,ENG,101,HUM 309,HUM,309,Prereq,,,,
ENG 101,ENG,101,HUM 310W,HUM,310W,Prereq,,,,
ENG 101,ENG,101,HUM 350W,HUM,350W,Prereq,,,,
ENG 101,ENG,101,HUM 380,HUM,380,Prereq,,,,
ENG 101,ENG,101,HUM 389,HUM,389,Prereq,,,,
ENG 101,ENG,101,HUM 489,HUM,489,Prereq,,,,
ENG 101,ENG,101,ILS 150,ILS,150,Prereq,,,,
ENG 101,ENG,101,ILS 204,ILS,204,Prereq,,,,
ENG 101,ENG,101,ILS 205,ILS,205,Prereq,,,,
ENG 101,ENG,101,ILS 289,ILS,289,Prereq,,,,
ENG 101,ENG,101,ILS 389,ILS,389,Prereq,,,,
ENG 101,ENG,101,ILS 412,ILS,412,Prereq,,,,
ENG 101,ENG,101,INT 110,INT,110,Prereq,,,,
ENG 101,ENG,101,INT 208,INT,208,Prereq,,,,
ENG 101,ENG,101,INT 264,INT,264,Prereq,,,,
ENG 101,ENG,101,INT 319W,INT,319W,Prereq,,,,
ENG 101,ENG,101,INT 331,INT,331,Prereq,,,,
ENG 101,ENG,101,INT 335,INT,335,Prereq,,,,
ENG 101,ENG,101,INT 344W,INT,344W,Prereq,,,,
ENG 101,ENG,101,INT 345,INT,345,Prereq,,,,
ENG 101,ENG,101,INT 349,INT,349,Prereq,,,,
ENG 101,ENG,101,INT 357,INT,357,Prereq,,,,
ENG 101,ENG,101,JUS 231,JUS,231,Prereq,,,,
ENG 101,ENG,101,JUS 271W,JUS,271W,Prereq,,,,
ENG 101,ENG,101,JUS 296W,JUS,296W,Prereq,,,,
ENG 101,ENG,101,JUS 306,JUS,306,Prereq,,,,
ENG 101,ENG,101,JUS 313,JUS,313,Prereq,,,,
ENG 101,ENG,101,JUS 324,JUS,324,Prereq,,,,
ENG 101,ENG,101,JUS 441,JUS,441,Prereq,,,,
ENG 101,ENG,101,JUS 488W,JUS,488W,Prereq,,,,
ENG 101,ENG,101,MAT 130,MAT,130,Prereq,,,,
ENG 101,ENG,101,MAT 131,MAT,131,Prereq,,,,
ENG 101,ENG,101,MUH 302,MUH,302,Prereq,,,,
ENG 101,ENG,101,MUH 303,MUH,303,Prereq,,,,
ENG 101,ENG,101,NUR 331,NUR,331,Prereq,,,,
ENG 101,ENG,101,NUR 338,NUR,338,Prereq,,,,
ENG 101,ENG,101,PHI 103,PHI,103,Prereq,,,,
ENG 101,ENG,101,PHI 250,PHI,250,Prereq,,,,
ENG 101,ENG,101,PHI 289,PHI,289,Prereq,,,,
ENG 101,ENG,101,PHI 357,PHI,357,Prereq,,,,
ENG 101,ENG,101,PHI 362,PHI,362,Prereq,,,,
ENG 101,ENG,101,POS 223,POS,223,Prereq,,,,
ENG 101,ENG,101,POS 308W,POS,308W,Prereq,,,,
ENG 101,ENG,101,PSY 357,PSY,357,Prereq,,,,
ENG 101,ENG,101,PSY 401W,PSY,401W,Prereq,,,,
ENG 101,ENG,101,REL 110,REL,110,Prereq,,,,
ENG 101,ENG,101,SCI 110,SCI,110,Prereq,,,,
ENG 101,ENG,101,SOC 308W,SOC,308W,Prereq,,,,
ENG 101,ENG,101,SSC 314,SSC,314,Prereq,,,,
ENG 101,ENG,101,SSC 317,SSC,317,Prereq,,,,
ENG 101,ENG,101,SSC 420W,SSC,420W,Prereq,,,,
ENG 101,ENG,101,WGS 101W,WGS,101W,Prereq,,,,
ENG 101,ENG,101,WGS 302,WGS,302,Prereq,,,,
ENG 101,ENG,101,WGS 303,WGS,303,Prereq,,,,
ENG 101,ENG,101,WGS 304W,WGS,304W,Prereq,,,,
ENG 101,ENG,101,WGS 306,WGS,306,Prereq,,,,
ENG 101,ENG,101,WGS 309,WGS,309,Prereq,,,,
ENG 101,ENG,101,WGS 310W,WGS,310W,Prereq,,,,
ENG 101,ENG,101,WGS 311W,WGS,311W,Prereq,,,,
ENG 101,ENG,101,WGS 330W,WGS,330W,Prereq,,,,
ENG 101,ENG,101,WGS 335,WGS,335,Prereq,,,,
ENG 101,ENG,101,WGS 340,WGS,340,Prereq,,,,
ENG 101,ENG,101,WGS 345,WGS,345,Prereq,,,,
ENG 101,ENG,101,WGS 349,WGS,349,Prereq,,,,
ENG 101,ENG,101,WGS 370W,WGS,370W,Prereq,,,,
ENG 102W,ENG,102W,"Accounting, BSBA",,,Checksheet,,,,
ENG 102W,ENG,102W,"Architecture, B.Arch",,,Checksheet,,,,
ENG 102W,ENG,102W,"Biology MLT 2+2, BA",,,Checksheet,,,,
ENG 102W,ENG,102W,"Biology, BA",,,Checksheet,,,,
ENG 102W,ENG,102W,"Biology, BA (Pre-Med Track)",,,Checksheet,,,,
ENG 102W,ENG,102W,"Dental Hygiene, AS",,,Checksheet,,,,
ENG 102W,ENG,102W,"Elementary Education, BS",,,Checksheet,,,,
ENG 102W,ENG,102W,"English Literature, Minor",,,Checksheet,,,,
ENG 102W,ENG,102W,English Minor,,,Checksheet,,,,
ENG 102W,ENG,102W,English Writing Minor,,,Checksheet,,,,
ENG 102W,ENG,102W,"English, BA",,,Checksheet,,,,
ENG 102W,ENG,102W,"Liberal Studies, AA",,,Checksheet,,,,
ENG 102W,ENG,102W,"Management, BSBA",,,Checksheet,,,,
ENG 102W,ENG,102W,"Secondary Education, BS",,,Checksheet,,,,
ENG 102W,ENG,102W,"Social Science, BA",,,Checksheet,,,,
ENG 102W,ENG,102W,Cultural Perspectives,,,GenEd,,,,
ENG 102W,ENG,102W,Humanities,,,GenEd,,,,
ENG 102W,ENG,102W,Writing Intensive,,,GenEd,,,,
ENG 102W,ENG,102W,AME 318,AME,318,Prereq,,,,
ENG 102W,ENG,102W,ARC 421,ARC,421,Prereq,,,,
ENG 102W,ENG,102W,ARC 431,ARC,431,Prereq,,,,
ENG 102W,ENG,102W,ART 330,ART,330,Prereq,,,,
ENG 102W,ENG,102W,DRA 355,DRA,355,Prereq,,,,
ENG 102W,ENG,102W,ENG 185W,ENG,185W,Prereq,,,,
ENG 102W,ENG,102W,ENG 202W,ENG,202W,Prereq,,,,
ENG 102W,ENG,102W,ENG 203W,ENG,203W,Prereq,,,,
ENG 102W,ENG,102W,ENG 250W,ENG,250W,Prereq,,,,
ENG 102W,ENG,102W,ENG 251W,ENG,251W,Prereq,,,,
ENG 102W,ENG,102W,ENG 289,ENG,289,Prereq,,,,
ENG 102W,ENG,102W,ENG 294,ENG,294,Prereq,,,,
ENG 102W,ENG,102W,ENG 300W,ENG,300W,Prereq,,,,
ENG 102W,ENG,102W,ENG 301W,ENG,301W,Prereq,,,,
ENG 102W,ENG,102W,ENG 305W,ENG,305W,Prereq,,,,
ENG 102W,ENG,102W,ENG 311W,ENG,311W,Prereq,,,,
ENG 102W,ENG,102W,ENG 313W,ENG,313W,Prereq,,,,
ENG 102W,ENG,102W,ENG 315,ENG,315,Prereq,,,,
ENG 102W,ENG,102W,ENG 318,ENG,318,Prereq,,,,
ENG 102W,ENG,102W,ENG 321W,ENG,321W,Prereq,,,,
ENG 102W,ENG,102W,ENG 330,ENG,330,Prereq,,,,
ENG 102W,ENG,102W,ENG 331W,ENG,331W,Prereq,,,,
ENG 102W,ENG,102W,ENG 335W,ENG,335W,Prereq,,,,
ENG 102W,ENG,102W,ENG 336W,ENG,336W,Prereq,,,,
ENG 102W,ENG,102W,ENG 337,ENG,337,Prereq,,,,
ENG 102W,ENG,102W,ENG 340,ENG,340,Prereq,,,,
ENG 102W,ENG,102W,ENG 341W,ENG,341W,Prereq,,,,
ENG 102W,ENG,102W,ENG 347W,ENG,347W,Prereq,,,,
ENG 102W,ENG,102W,ENG 348W,ENG,348W,Prereq,,,,
ENG 102W,ENG,102W,ENG 350W,ENG,350W,Prereq,,,,
ENG 102W,ENG,102W,ENG 351W,ENG,351W,Prereq,,,,
ENG 102W,ENG,102W,ENG 352,ENG,352,Prereq,,,,
ENG 102W,ENG,102W,ENG 355,ENG,355,Prereq,,,,
ENG 102W,ENG,102W,ENG 357W,ENG,357W,Prereq,,,,
ENG 102W,ENG,102W,ENG 360W,ENG,360W,Prereq,,,,
ENG 102W,ENG,102W,ENG 363W,ENG,363W,Prereq,,,,
ENG 102W,ENG,102W,ENG 370W,ENG,370W,Prereq,,,,
ENG 102W,ENG,102W,ENG 375,ENG,375,Prereq,,,,
ENG 102W,ENG,102W,ENG 389,ENG,389,Prereq,,,,
ENG 102W,ENG,102W,ENG 390W,ENG,390W,Prereq,,,,
ENG 102W,ENG,102W,ENG 394,ENG,394,Prereq,,,,
ENG 102W,ENG,102W,ENG 461W,ENG,461W,Prereq,,,,
ENG 102W,ENG,102W,ENG 470W,ENG,470W,Prereq,,,,
ENG 102W,ENG,102W,ENG 475W,ENG,475W,Prereq,,,,
ENG 102W,ENG,102W,ENG 486,ENG,486,Prereq,,,,
ENG 102W,ENG,102W,ENG 494,ENG,494,Prereq,,,,
ENG 102W,ENG,102W,FRE 340,FRE,340,Prereq,,,,
ENG 102W,ENG,102W,INT 330,INT,330,Prereq,,,,
ENG 102W,ENG,102W,PHI 362,PHI,362,Prereq,,,,
ENG 102W,ENG,102W,WGS 311W,WGS,311W,Prereq,,,,
ENG 102W,ENG,102W,WGS 318,WGS,318,Prereq,,,,
ENG 102W,ENG,102W,WGS 337,WGS,337,Prereq,,,,
ENG 102W,ENG,102W,WGS 350W,WGS,350W,Prereq,,,,
ENG 111W,ENG,111W,Communications Minor,,,Checksheet,,,,
ENG 111W,ENG,111W,English Writing Minor,,,Checksheet,,,,
ENG 111W,ENG,111W,Humanities,,,GenEd,,,,
ENG 111W,ENG,111W,Writing Intensive,,,GenEd,,,,
ENG 185W,ENG,185W,"Optional Women's, Gender, and Sexuality Studies Concentration",,,Checksheet,,,,
ENG 185W,ENG,185W,Humanities,,,GenEd,,,,
ENG 185W,ENG,185W,Writing Intensive,,,GenEd,,,,
ENG 201W,ENG,201W,English Writing Minor,,,Checksheet,,,,
ENG 201W,ENG,201W,Cultural Perspectives,,,GenEd,,,,
ENG 201W,ENG,201W,Humanities,,,GenEd,,,,
ENG 201W,ENG,201W,Writing Intensive,,,GenEd,,,,
ENG 202W,ENG,202W,"Dental Hygiene, AS",,,Checksheet,,,,
ENG 202W,ENG,202W,"English Literature, Minor",,,Checksheet,,,,
ENG 202W,ENG,202W,English Minor,,,Checksheet,,,,
ENG 202W,ENG,202W,"English, BA",,,Checksheet,,,,
ENG 202W,ENG,202W,Cultural Perspectives,,,GenEd,,,,
ENG 202W,ENG,202W,Humanities,,,GenEd,,,,
ENG 202W,ENG,202W,Writing Intensive,,,GenEd,,,,
ENG 203W,ENG,203W,"Dental Hygiene, AS",,,Checksheet,,,,
ENG 203W,ENG,203W,"English Literature, Minor",,,Checksheet,,,,
ENG 203W,ENG,203W,English Minor,,,Checksheet,,,,
ENG 203W,ENG,203W,"English, BA",,,Checksheet,,,,
ENG 203W,ENG,203W,Cultural Perspectives,,,GenEd,,,,
ENG 203W,ENG,203W,Humanities,,,GenEd,,,,
ENG 203W,ENG,203W,Writing Intensive,,,GenEd,,,,
ENG 210W,ENG,210W,"Dental Hygiene, BS",,,Checksheet,,,,
ENG 210W,ENG,210W,"Dental Hygiene, BS (Pending Accreditation)",,,Checksheet,,,,
ENG 210W,ENG,210W,"Liberal Studies, AA",,,Checksheet,,,,
ENG 210W,ENG,210W,"Nursing (4-Year), BSN",,,Checksheet,,,,
ENG 210W,ENG,210W,"Nursing (RN-BSN Completion), BSN",,,Checksheet,,,,
ENG 210W,ENG,210W,"Social Science, BA",,,Checksheet,,,,
ENG 210W,ENG,210W,NUR 304,NUR,304,Coreq,,,,
ENG 210W,ENG,210W,Cultural Perspectives,,,GenEd,,,,
ENG 210W,ENG,210W,Writing Intensive,,,GenEd,,,,
ENG 210W,ENG,210W,NUR 220,NUR,220,Prereq,,,,
ENG 210W,ENG,210W,NUR 224,NUR,224,Prereq,,,,
ENG 210W,ENG,210W,NUR 352,NUR,352,Prereq,,,,
ENG 210W,ENG,210W,NUR 410W,NUR,410W,Prereq,,,,
ENG 214W,ENG,214W,"Art, BA",,,Checksheet,,,,
ENG 214W,ENG,214W,ARH 214W,ARH,214W,CrossList,,,,
ENG 214W,ENG,214W,Cultural Perspectives,,,GenEd,,,,
ENG 214W,ENG,214W,Fine Arts,,,GenEd,,,,
ENG 214W,ENG,214W,Humanities,,,GenEd,,,,
ENG 214W,ENG,214W,Writing Intensive,,,GenEd,,,,
ENG 250W,ENG,250W,American Studies Minor,,,Checksheet,,,,
ENG 250W,ENG,250W,"Dental Hygiene, AS",,,Checksheet,,,,
ENG 250W,ENG,250W,"English Literature, Minor",,,Checksheet,,,,
ENG 250W,ENG,250W,English Minor,,,Checksheet,,,,
ENG 250W,ENG,250W,"English, BA",,,Checksheet,,,,
ENG 250W,ENG,250W,Cultural Perspectives,,,GenEd,,,,
ENG 250W,ENG,250W,Humanities,,,GenEd,,,,
ENG 250W,ENG,250W,Writing Intensive,,,GenEd,,,,
ENG 251W,ENG,251W,American Studies Minor,,,Checksheet,,,,
ENG 251W,ENG,251W,"Dental Hygiene, AS",,,Checksheet,,,,
ENG 251W,ENG,251W,"English Literature, Minor",,,Checksheet,,,,
ENG 251W,ENG,251W,English Minor,,,Checksheet,,,,
ENG 251W,ENG,251W,"English, BA",,,Checksheet,,,,
ENG 251W,ENG,251W,Cultural Perspectives,,,GenEd,,,,
ENG 251W,ENG,251W,Humanities,,,GenEd,,,,
ENG 251W,ENG,251W,Writing Intensive,,,GenEd,,,,
ENG 289,ENG,289,Cultural Perspectives,,,GenEd,,,,
ENG 289,ENG,289,Humanities,,,GenEd,,,,
ENG 294,ENG,294,Cultural Perspectives,,,GenEd,,,,
ENG 294,ENG,294,Humanities,,,GenEd,,,,
ENG 300W,ENG,300W,"English Literature, Minor",,,Checksheet,,,,
ENG 300W,ENG,300W,English Minor,,,Checksheet,,,,
ENG 300W,ENG,300W,"English, BA",,,Checksheet,,,,
ENG 300W,ENG,300W,Cultural Perspectives,,,GenEd,,,,
ENG 300W,ENG,300W,Humanities,,,GenEd,,,,
ENG 300W,ENG,300W,Writing Intensive,,,GenEd,,,,
ENG 300W,ENG,300W,AME 458W,AME,458W,Prereq,,,,
ENG 300W,ENG,300W,ENG 450W,ENG,450W,Prereq,,,,
ENG 300W,ENG,300W,ENG 458W,ENG,458W,Prereq,,,,
ENG 300W,ENG,300W,ENG 499W,ENG,499W,Prereq,,,,
ENG 301W,ENG,301W,Cultural Perspectives,,,GenEd,,,,
ENG 301W,ENG,301W,Humanities,,,GenEd,,,,
ENG 301W,ENG,301W,Writing Intensive,,,GenEd,,,,
ENG 303,ENG,303,American Studies Minor,,,Checksheet,,,,
ENG 303,ENG,303,"Women's, Gender, & Sexuality Studies, Minor",,,Checksheet,,,,
ENG 303,ENG,303,AME 303,AME,303,CrossList,,,,
ENG 303,ENG,303,MUH 303,MUH,303,CrossList,,,,
ENG 303,ENG,303,WGS 303,WGS,303,CrossList,,,,
ENG 303,ENG,303,Cultural Perspectives,,,GenEd,,,,
ENG 303,ENG,303,Humanities,,,GenEd,,,,
ENG 305W,ENG,305W,American Studies Minor,,,Checksheet,,,,
ENG 305W,ENG,305W,"Holocaust, Genocide & Human Rights Studies Minor",,,Checksheet,,,,
ENG 305W,ENG,305W,No Concentration in minor,,,Checksheet,,,,
ENG 305W,ENG,305W,Cultural Perspectives,,,GenEd,,,,
ENG 305W,ENG,305W,Humanities,,,GenEd,,,,
ENG 305W,ENG,305W,Writing Intensive,,,GenEd,,,,
ENG 310W,ENG,310W,English Writing Minor,,,Checksheet,,,,
ENG 310W,ENG,310W,Cultural Perspectives,,,GenEd,,,,
ENG 310W,ENG,310W,Humanities,,,GenEd,,,,
ENG 310W,ENG,310W,Writing Intensive,,,GenEd,,,,
ENG 311W,ENG,311W,"Women's, Gender, & Sexuality Studies, Minor",,,Checksheet,,,,
ENG 311W,ENG,311W,WGS 311W,WGS,311W,CrossList,,,,
ENG 311W,ENG,311W,Cultural Perspectives,,,GenEd,,,,
ENG 311W,ENG,311W,Humanities,,,GenEd,,,,
ENG 311W,ENG,311W,Writing Intensive,,,GenEd,,,,
ENG 313W,ENG,313W,Communications Minor,,,Checksheet,,,,
ENG 313W,ENG,313W,English Writing Minor,,,Checksheet,,,,
ENG 313W,ENG,313W,Cultural Perspectives,,,GenEd,,,,
ENG 313W,ENG,313W,Humanities,,,GenEd,,,,
ENG 313W,ENG,313W,Writing Intensive,,,GenEd,,,,
ENG 315,ENG,315,English Writing Minor,,,Checksheet,,,,
ENG 315,ENG,315,Cultural Perspectives,,,GenEd,,,,
ENG 315,ENG,315,Humanities,,,GenEd,,,,
ENG 316,ENG,316,English Writing Minor,,,Checksheet,,,,
ENG 316,ENG,316,Cultural Perspectives,,,GenEd,,,,
ENG 316,ENG,316,Humanities,,,GenEd,,,,
ENG 317W,ENG,317W,"Accounting, BSBA",,,Checksheet,,,,
ENG 317W,ENG,317W,Applied Bachelor of Science in Public Administration (90-credit program),,,Checksheet,,,,
ENG 317W,ENG,317W,"Applied Science, AAS",,,Checksheet,,,,
ENG 317W,ENG,317W,"Architecture, B.Arch",,,Checksheet,,,,
ENG 317W,ENG,317W,"Aviation - Aviation Maintenance Concentration, Bachelor of Science",,,Checksheet,,,,
ENG 317W,ENG,317W,"Aviation-Flight Instructor Concentration, BS",,,Checksheet,,,,
ENG 317W,ENG,317W,"Aviation-Uncrewed Aircraft Systems Concentration, BS",,,Checksheet,,,,
ENG 317W,ENG,317W,"Biology MLT 2+2, BA",,,Checksheet,,,,
ENG 317W,ENG,317W,"Biology, BA",,,Checksheet,,,,
ENG 317W,ENG,317W,"Biology, BA (Pre-Med Track)",,,Checksheet,,,,
ENG 317W,ENG,317W,Communications Minor,,,Checksheet,,,,
ENG 317W,ENG,317W,"Computer Information Systems, BS",,,Checksheet,,,,
ENG 317W,ENG,317W,"Data Science, BS",,,Checksheet,,,,
ENG 317W,ENG,317W,"Dental Hygiene, BS",,,Checksheet,,,,
ENG 317W,ENG,317W,"Dental Hygiene, BS (Pending Accreditation)",,,Checksheet,,,,
ENG 317W,ENG,317W,"Elementary Education, BS",,,Checksheet,,,,
ENG 317W,ENG,317W,English Writing Minor,,,Checksheet,,,,
ENG 317W,ENG,317W,Human Resource Management Certificate,,,Checksheet,,,,
ENG 317W,ENG,317W,Human Resource Management Minor,,,Checksheet,,,,
ENG 317W,ENG,317W,"Information & Library Science, BS",,,Checksheet,,,,
ENG 317W,ENG,317W,"Justice Studies, BS",,,Checksheet,,,,
ENG 317W,ENG,317W,"Liberal Studies, AA",,,Checksheet,,,,
ENG 317W,ENG,317W,"Management, BSBA",,,Checksheet,,,,
ENG 317W,ENG,317W,"Nursing (RN-BSN Completion), BSN",,,Checksheet,,,,
ENG 317W,ENG,317W,"Public Administration 2+2, BS",,,Checksheet,,,,
ENG 317W,ENG,317W,"Public Administration, AS",,,Checksheet,,,,
ENG 317W,ENG,317W,"Public Administration, BS",,,Checksheet,,,,
ENG 317W,ENG,317W,"Secondary Education, BS",,,Checksheet,,,,
ENG 317W,ENG,317W,"Social Science, BA",,,Checksheet,,,,
ENG 317W,ENG,317W,"Veterinary Technology, BS",,,Checksheet,,,,
ENG 317W,ENG,317W,Cultural Perspectives,,,GenEd,,,,
ENG 317W,ENG,317W,Information Literacy,,,GenEd,,,,
ENG 317W,ENG,317W,Writing Intensive,,,GenEd,,,,
ENG 317W,ENG,317W,ARC 421,ARC,421,Prereq,,,,
ENG 317W,ENG,317W,ARC 431,ARC,431,Prereq,,,,
ENG 317W,ENG,317W,ENG 320W,ENG,320W,Prereq,,,,
ENG 317W,ENG,317W,ENG 323W,ENG,323W,Prereq,,,,
ENG 318,ENG,318,American Studies Minor,,,Checksheet,,,,
ENG 318,ENG,318,"Women's, Gender, & Sexuality Studies, Minor",,,Checksheet,,,,
ENG 318,ENG,318,AME 318,AME,318,CrossList,,,,
ENG 318,ENG,318,WGS 318,WGS,318,CrossList,,,,
ENG 318,ENG,318,Cultural Perspectives,,,GenEd,,,,
ENG 318,ENG,318,Humanities,,,GenEd,,,,
ENG 319W,ENG,319W,Embodied Social Justice Certificate,,,Checksheet,,,,
ENG 319W,ENG,319W,English Writing Minor,,,Checksheet,,,,
ENG 319W,ENG,319W,"Nursing (4-Year), BSN",,,Checksheet,,,,
ENG 319W,ENG,319W,"Nursing (RN-BSN Completion), BSN",,,Checksheet,,,,
ENG 319W,ENG,319W,INT 319W,INT,319W,CrossList,,,,
ENG 319W,ENG,319W,Cultural Perspectives,,,GenEd,,,,
ENG 319W,ENG,319W,Humanities,,,GenEd,,,,
ENG 319W,ENG,319W,Writing Intensive,,,GenEd,,,,
ENG 320W,ENG,320W,Applied Bachelor of Science in Public Administration (90-credit program),,,Checksheet,,,,
ENG 320W,ENG,320W,"Art, BA",,,Checksheet,,,,
ENG 320W,ENG,320W,"Dental Hygiene, BS",,,Checksheet,,,,
ENG 320W,ENG,320W,English Writing Minor,,,Checksheet,,,,
ENG 320W,ENG,320W,"Public Administration 2+2, BS",,,Checksheet,,,,
ENG 320W,ENG,320W,Public Administration Minor,,,Checksheet,,,,
ENG 320W,ENG,320W,"Public Administration, BS",,,Checksheet,,,,
ENG 320W,ENG,320W,"Public Administration, PBS",,,Checksheet,,,,
ENG 320W,ENG,320W,Cultural Perspectives,,,GenEd,,,,
ENG 320W,ENG,320W,Writing Intensive,,,GenEd,,,,
ENG 321,ENG,321,Critical Thinking,,,GenEd,,,,
ENG 321W,ENG,321W,English Writing Minor,,,Checksheet,,,,
ENG 321W,ENG,321W,Cultural Perspectives,,,GenEd,,,,
ENG 321W,ENG,321W,Humanities,,,GenEd,,,,
ENG 321W,ENG,321W,Writing Intensive,,,GenEd,,,,
ENG 323W,ENG,323W,English Writing Minor,,,Checksheet,,,,
ENG 323W,ENG,323W,Cultural Perspectives,,,GenEd,,,,
ENG 323W,ENG,323W,Humanities,,,GenEd,,,,
ENG 323W,ENG,323W,Writing Intensive,,,GenEd,,,,
ENG 325W,ENG,325W,English Writing Minor,,,Checksheet,,,,
ENG 325W,ENG,325W,Critical Thinking,,,GenEd,,,,
ENG 325W,ENG,325W,Cultural Perspectives,,,GenEd,,,,
ENG 325W,ENG,325W,Humanities,,,GenEd,,,,
ENG 325W,ENG,325W,Writing Intensive,,,GenEd,,,,
ENG 330,ENG,330,English Writing Minor,,,Checksheet,,,,
ENG 330,ENG,330,ART 330,ART,330,CrossList,,,,
ENG 330,ENG,330,INT 330,INT,330,CrossList,,,,
ENG 330,ENG,330,Cultural Perspectives,,,GenEd,,,,
ENG 330,ENG,330,Fine Arts,,,GenEd,,,,
ENG 330,ENG,330,Humanities,,,GenEd,,,,
ENG 331W,ENG,331W,American Studies Minor,,,Checksheet,,,,
ENG 331W,ENG,331W,"Holocaust, Genocide & Human Rights Studies Minor",,,Checksheet,,,,
ENG 331W,ENG,331W,No Concentration in minor,,,Checksheet,,,,
ENG 331W,ENG,331W,Cultural Perspectives,,,GenEd,,,,
ENG 331W,ENG,331W,Humanities,,,GenEd,,,,
ENG 331W,ENG,331W,Writing Intensive,,,GenEd,,,,
ENG 332,ENG,332,Cultural Perspectives,,,GenEd,,,,
ENG 332,ENG,332,Humanities,,,GenEd,,,,
ENG 335W,ENG,335W,American Studies Minor,,,Checksheet,,,,
ENG 335W,ENG,335W,"Holocaust, Genocide & Human Rights Studies Minor",,,Checksheet,,,,
ENG 335W,ENG,335W,No Concentration in minor,,,Checksheet,,,,
ENG 335W,ENG,335W,Cultural Perspectives,,,GenEd,,,,
ENG 335W,ENG,335W,Humanities,,,GenEd,,,,
ENG 335W,ENG,335W,Writing Intensive,,,GenEd,,,,
ENG 336W,ENG,336W,Cultural Perspectives,,,GenEd,,,,
ENG 336W,ENG,336W,Humanities,,,GenEd,,,,
ENG 336W,ENG,336W,Writing Intensive,,,GenEd,,,,
ENG 337,ENG,337,"Optional Women's, Gender, and Sexuality Studies Concentration",,,Checksheet,,,,
ENG 337,ENG,337,"Women's, Gender, & Sexuality Studies, Minor",,,Checksheet,,,,
ENG 337,ENG,337,WGS 337,WGS,337,CrossList,,,,
ENG 337,ENG,337,Cultural Perspectives,,,GenEd,,,,
ENG 337,ENG,337,Humanities,,,GenEd,,,,
ENG 340,ENG,340,French Certificate,,,Checksheet,,,,
ENG 340,ENG,340,French: Language & Culture Track Minor,,,Checksheet,,,,
ENG 340,ENG,340,No Concentration in minor,,,Checksheet,,,,
ENG 340,ENG,340,FRE 340,FRE,340,CrossList,,,,
ENG 340,ENG,340,Cultural Perspectives,,,GenEd,,,,
ENG 340,ENG,340,Humanities,,,GenEd,,,,
ENG 341W,ENG,341W,Cultural Perspectives,,,GenEd,,,,
ENG 341W,ENG,341W,Humanities,,,GenEd,,,,
ENG 341W,ENG,341W,Writing Intensive,,,GenEd,,,,
ENG 344W,ENG,344W,"Data Science, BS",,,Checksheet,,,,
ENG 344W,ENG,344W,INT 344W,INT,344W,CrossList,,,,
ENG 344W,ENG,344W,Cultural Perspectives,,,GenEd,,,,
ENG 344W,ENG,344W,Humanities,,,GenEd,,,,
ENG 344W,ENG,344W,Writing Intensive,,,GenEd,,,,
ENG 347W,ENG,347W,American Studies Minor,,,Checksheet,,,,
ENG 347W,ENG,347W,Cultural Perspectives,,,GenEd,,,,
ENG 347W,ENG,347W,Humanities,,,GenEd,,,,
ENG 347W,ENG,347W,Writing Intensive,,,GenEd,,,,
ENG 348W,ENG,348W,Cultural Perspectives,,,GenEd,,,,
ENG 348W,ENG,348W,Humanities,,,GenEd,,,,
ENG 348W,ENG,348W,Writing Intensive,,,GenEd,,,,
ENG 350W,ENG,350W,"Information & Library Science, BS",,,Checksheet,,,,
ENG 350W,ENG,350W,No Concentration in minor,,,Checksheet,,,,
ENG 350W,ENG,350W,"Optional Women's, Gender, and Sexuality Studies Concentration",,,Checksheet,,,,
ENG 350W,ENG,350W,"Women's, Gender, & Sexuality Studies, Minor",,,Checksheet,,,,
ENG 350W,ENG,350W,WGS 350W,WGS,350W,CrossList,,,,
ENG 350W,ENG,350W,Critical Thinking,,,GenEd,,,,
ENG 350W,ENG,350W,Cultural Perspectives,,,GenEd,,,,
ENG 350W,ENG,350W,Ethical Reasoning,,,GenEd,,,,
ENG 350W,ENG,350W,Humanities,,,GenEd,,,,
ENG 350W,ENG,350W,Information Literacy,,,GenEd,,,,
ENG 350W,ENG,350W,Writing Intensive,,,GenEd,,,,
ENG 351,ENG,351,Fine Arts,,,GenEd,,,,
ENG 351W,ENG,351W,"Dental Hygiene, BS",,,Checksheet,,,,
ENG 351W,ENG,351W,English Writing Minor,,,Checksheet,,,,
ENG 351W,ENG,351W,"Liberal Studies, AA",,,Checksheet,,,,
ENG 351W,ENG,351W,Cultural Perspectives,,,GenEd,,,,
ENG 351W,ENG,351W,Humanities,,,GenEd,,,,
ENG 351W,ENG,351W,Writing Intensive,,,GenEd,,,,
ENG 351W,ENG,351W,ENG 452W,ENG,452W,Prereq,,,,
ENG 352,ENG,352,Cultural Perspectives,,,GenEd,,,,
ENG 352,ENG,352,Humanities,,,GenEd,,,,
ENG 353W,ENG,353W,Cultural Perspectives,,,GenEd,,,,
ENG 353W,ENG,353W,Humanities,,,GenEd,,,,
ENG 353W,ENG,353W,Writing Intensive,,,GenEd,,,,
ENG 355,ENG,355,DRA 355,DRA,355,CrossList,,,,
ENG 355,ENG,355,Cultural Perspectives,,,GenEd,,,,
ENG 355,ENG,355,Fine Arts,,,GenEd,,,,
ENG 355,ENG,355,Humanities,,,GenEd,,,,
ENG 357W,ENG,357W,English Writing Minor,,,Checksheet,,,,
ENG 357W,ENG,357W,Critical Thinking,,,GenEd,,,,
ENG 357W,ENG,357W,Cultural Perspectives,,,GenEd,,,,
ENG 357W,ENG,357W,Humanities,,,GenEd,,,,
ENG 357W,ENG,357W,Writing Intensive,,,GenEd,,,,
ENG 360W,ENG,360W,"English, BA",,,Checksheet,,,,
ENG 360W,ENG,360W,Critical Thinking,,,GenEd,,,,
ENG 360W,ENG,360W,Humanities,,,GenEd,,,,
ENG 360W,ENG,360W,Information Literacy,,,GenEd,,,,
ENG 360W,ENG,360W,Writing Intensive,,,GenEd,,,,
ENG 363W,ENG,363W,Cultural Perspectives,,,GenEd,,,,
ENG 363W,ENG,363W,Humanities,,,GenEd,,,,
ENG 363W,ENG,363W,Writing Intensive,,,GenEd,,,,
ENG 366W,ENG,366W,Early Childhood Teacher (081) Minor,,,Checksheet,,,,
ENG 366W,ENG,366W,"Elementary Education, BS",,,Checksheet,,,,
ENG 366W,ENG,366W,"Information & Library Science, BS",,,Checksheet,,,,
ENG 366W,ENG,366W,"Secondary Education, BS",,,Checksheet,,,,
ENG 366W,ENG,366W,EDU 366W,EDU,366W,CrossList,,,,
ENG 366W,ENG,366W,Cultural Perspectives,,,GenEd,,,,
ENG 366W,ENG,366W,Humanities,,,GenEd,,,,
ENG 366W,ENG,366W,Information Literacy,,,GenEd,,,,
ENG 366W,ENG,366W,Writing Intensive,,,GenEd,,,,
ENG 370W,ENG,370W,Critical Thinking,,,GenEd,,,,
ENG 370W,ENG,370W,Cultural Perspectives,,,GenEd,,,,
ENG 370W,ENG,370W,Humanities,,,GenEd,,,,
ENG 370W,ENG,370W,Writing Intensive,,,GenEd,,,,
ENG 375,ENG,375,American Studies Minor,,,Checksheet,,,,
ENG 375,ENG,375,"Holocaust, Genocide & Human Rights Studies Minor",,,Checksheet,,,,
ENG 375,ENG,375,No Concentration in minor,,,Checksheet,,,,
ENG 375,ENG,375,Cultural Perspectives,,,GenEd,,,,
ENG 375,ENG,375,Humanities,,,GenEd,,,,
ENG 380,ENG,380,Communications Minor,,,Checksheet,,,,
ENG 380,ENG,380,"Information & Library Science, BS",,,Checksheet,,,,
ENG 380,ENG,380,Social Media Certificate,,,Checksheet,,,,
ENG 380,ENG,380,HUM 380,HUM,380,CrossList,,,,
ENG 380,ENG,380,Cultural Perspectives,,,GenEd,,,,
ENG 380,ENG,380,Humanities,,,GenEd,,,,
ENG 389,ENG,389,English Writing Minor,,,Checksheet,,,,
ENG 389,ENG,389,Cultural Perspectives,,,GenEd,,,,
ENG 389,ENG,389,Humanities,,,GenEd,,,,
ENG 389,ENG,389,Writing Intensive,,,GenEd,,,,
ENG 390W,ENG,390W,American Studies Minor,,,Checksheet,,,,
ENG 390W,ENG,390W,Cultural Perspectives,,,GenEd,,,,
ENG 390W,ENG,390W,Humanities,,,GenEd,,,,
ENG 390W,ENG,390W,Writing Intensive,,,GenEd,,,,
ENG 394,ENG,394,Cultural Perspectives,,,GenEd,,,,
ENG 394,ENG,394,Humanities,,,GenEd,,,,
ENG 450W,ENG,450W,Cultural Perspectives,,,GenEd,,,,
ENG 450W,ENG,450W,Humanities,,,GenEd,,,,
ENG 450W,ENG,450W,Writing Intensive,,,GenEd,,,,
ENG 451,ENG,451,Fine Arts,,,GenEd,,,,
ENG 452W,ENG,452W,"Dental Hygiene, BS",,,Checksheet,,,,
ENG 452W,ENG,452W,English Writing Minor,,,Checksheet,,,,
ENG 452W,ENG,452W,"Liberal Studies, AA",,,Checksheet,,,,
ENG 452W,ENG,452W,Cultural Perspectives,,,GenEd,,,,
ENG 452W,ENG,452W,Humanities,,,GenEd,,,,
ENG 452W,ENG,452W,Writing Intensive,,,GenEd,,,,
ENG 454,ENG,454,Critical Thinking,,,GenEd,,,,
ENG 454,ENG,454,Information Literacy,,,GenEd,,,,
ENG 458W,ENG,458W,No Concentration in minor,,,Checksheet,,,,
ENG 458W,ENG,458W,AME 458W,AME,458W,CrossList,,,,
ENG 458W,ENG,458W,Cultural Perspectives,,,GenEd,,,,
ENG 458W,ENG,458W,Humanities,,,GenEd,,,,
ENG 458W,ENG,458W,Writing Intensive,,,GenEd,,,,
ENG 461W,ENG,461W,Cultural Perspectives,,,GenEd,,,,
ENG 461W,ENG,461W,Humanities,,,GenEd,,,,
ENG 461W,ENG,461W,Writing Intensive,,,GenEd,,,,
ENG 470W,ENG,470W,Cultural Perspectives,,,GenEd,,,,
ENG 470W,ENG,470W,Humanities,,,GenEd,,,,
ENG 470W,ENG,470W,Writing Intensive,,,GenEd,,,,
ENG 475W,ENG,475W,No Concentration in minor,,,Checksheet,,,,
ENG 475W,ENG,475W,Critical Thinking,,,GenEd,,,,
ENG 475W,ENG,475W,Cultural Perspectives,,,GenEd,,,,
ENG 475W,ENG,475W,Ethical Reasoning,,,GenEd,,,,
ENG 475W,ENG,475W,Humanities,,,GenEd,,,,
ENG 475W,ENG,475W,Information Literacy,,,GenEd,,,,
ENG 475W,ENG,475W,Writing Intensive,,,GenEd,,,,
ENG 486,ENG,486,Cultural Perspectives,,,GenEd,,,,
ENG 486,ENG,486,Humanities,,,GenEd,,,,
ENG 489,ENG,489,Cultural Perspectives,,,GenEd,,,,
ENG 489,ENG,489,Humanities,,,GenEd,,,,
ENG 494,ENG,494,Cultural Perspectives,,,GenEd,,,,
ENG 494,ENG,494,Humanities,,,GenEd,,,,
ENG 496,ENG,496,Cultural Perspectives,,,GenEd,,,,
ENG 496,ENG,496,Humanities,,,GenEd,,,,
ENG 499W,ENG,499W,"English, BA",,,Checksheet,,,,
ENG 499W,ENG,499W,Cultural Perspectives,,,GenEd,,,,
ENG 499W,ENG,499W,Humanities,,,GenEd,,,,
ENG 499W,ENG,499W,Writing Intensive,,,GenEd,,,,
FRE 101,FRE,101,French Certificate,,,Checksheet,,,,
FRE 101,FRE,101,French: Language & Culture Track Minor,,,Checksheet,,,,
FRE 101,FRE,101,Humanities,,,GenEd,,,,
FRE 101,FRE,101,FRE 102,FRE,102,Prereq,,,,
FRE 102,FRE,102,French Certificate,,,Checksheet,,,,
FRE 102,FRE,102,French: Language & Culture Track Minor,,,Checksheet,,,,
FRE 102,FRE,102,French: Language Track Minor,,,Checksheet,,,,
FRE 102,FRE,102,Humanities,,,GenEd,,,,
FRE 102,FRE,102,FRE 201,FRE,201,Prereq,,,,
FRE 102,FRE,102,FRE 202,FRE,202,Prereq,,,,
FRE 102,FRE,102,FRE 203,FRE,203,Prereq,,,,
FRE 102,FRE,102,FRE 294,FRE,294,Prereq,,,,
FRE 103,FRE,103,French: Language & Culture Track Minor,,,Checksheet,,,,
FRE 103,FRE,103,French: Language Track Minor,,,Checksheet,,,,
FRE 103,FRE,103,Humanities,,,GenEd,,,,
FRE 201,FRE,201,French: Language & Culture Track Minor,,,Checksheet,,,,
FRE 201,FRE,201,French: Language Track Minor,,,Checksheet,,,,
FRE 201,FRE,201,Humanities,,,GenEd,,,,
FRE 202,FRE,202,French Certificate,,,Checksheet,,,,
FRE 202,FRE,202,French: Language & Culture Track Minor,,,Checksheet,,,,
FRE 202,FRE,202,French: Language Track Minor,,,Checksheet,,,,
FRE 202,FRE,202,Humanities,,,GenEd,,,,
FRE 203,FRE,203,French Certificate,,,Checksheet,,,,
FRE 203,FRE,203,French: Language & Culture Track Minor,,,Checksheet,,,,
FRE 203,FRE,203,French: Language Track Minor,,,Checksheet,,,,
FRE 203,FRE,203,Cultural Perspectives,,,GenEd,,,,
FRE 203,FRE,203,Humanities,,,GenEd,,,,
FRE 203,FRE,203,FRE 204,FRE,204,Prereq,,,,
FRE 204,FRE,204,French Certificate,,,Checksheet,,,,
FRE 204,FRE,204,French: Language & Culture Track Minor,,,Checksheet,,,,
FRE 204,FRE,204,French: Language Track Minor,,,Checksheet,,,,
FRE 204,FRE,204,Cultural Perspectives,,,GenEd,,,,
FRE 204,FRE,204,Humanities,,,GenEd,,,,
FRE 204,FRE,204,FRE 305,FRE,305,Prereq,,,,
FRE 294,FRE,294,Humanities,,,GenEd,,,,
FRE 305,FRE,305,French Certificate,,,Checksheet,,,,
FRE 305,FRE,305,French: Language Track Minor,,,Checksheet,,,,
FRE 305,FRE,305,Humanities,,,GenEd,,,,
FRE 305,FRE,305,FRE 306,FRE,306,Prereq,,,,
FRE 306,FRE,306,French: Language Track Minor,,,Checksheet,,,,
FRE 306,FRE,306,Humanities,,,GenEd,,,,
FRE 309,FRE,309,French: Language & Culture Track Minor,,,Checksheet,,,,
FRE 309,FRE,309,"Women's, Gender, & Sexuality Studies, Minor",,,Checksheet,,,,
FRE 309,FRE,309,DRA 309,DRA,309,CrossList,,,,
FRE 309,FRE,309,HUM 309,HUM,309,CrossList,,,,
FRE 309,FRE,309,WGS 309,WGS,309,CrossList,,,,
FRE 309,FRE,309,Cultural Perspectives,,,GenEd,,,,
FRE 309,FRE,309,Fine Arts,,,GenEd,,,,
FRE 309,FRE,309,Humanities,,,GenEd,,,,
FRE 340,FRE,340,French Certificate,,,Checksheet,,,,
FRE 340,FRE,340,French: Language & Culture Track Minor,,,Checksheet,,,,
FRE 340,FRE,340,No Concentration in minor,,,Checksheet,,,,
FRE 340,FRE,340,ENG 340,ENG,340,CrossList,,,,
FRE 340,FRE,340,Cultural Perspectives,,,GenEd,,,,
FRE 340,FRE,340,Humanities,,,GenEd,,,,
FRE 350W,FRE,350W,American Studies Minor,,,Checksheet,,,,
FRE 350W,FRE,350W,French Certificate,,,Checksheet,,,,
FRE 350W,FRE,350W,French: Language & Culture Track Minor,,,Checksheet,,,,
FRE 350W,FRE,350W,"Holocaust, Genocide & Human Rights Studies Minor",,,Checksheet,,,,
FRE 350W,FRE,350W,HUM 350W,HUM,350W,CrossList,,,,
FRE 350W,FRE,350W,Humanities,,,GenEd,,,,
FRE 350W,FRE,350W,Writing Intensive,,,GenEd,,,,
FRE 394,FRE,394,French Certificate,,,Checksheet,,,,
FRE 394,FRE,394,French: Language & Culture Track Minor,,,Checksheet,,,,
FRE 394,FRE,394,Humanities,,,GenEd,,,,
FRE 494,FRE,494,Humanities,,,GenEd,,,,
GEO 101,GEO,101,"Architecture, B.Arch",,,Checksheet,,,,
GEO 101,GEO,101,Geographic Information Systems Minor,,,Checksheet,,,,
GEO 101,GEO,101,Social Science Minor,,,Checksheet,,,,
GEO 101,GEO,101,"Social Science, AA",,,Checksheet,,,,
GEO 101,GEO,101,"Social Science, BA",,,Checksheet,,,,
GEO 101,GEO,101,Cultural Perspectives,,,GenEd,,,,
GEO 101,GEO,101,Social Science,,,GenEd,,,,
GEO 360,GEO,360,Applied Bachelor of Science in Public Administration (90-credit program),,,Checksheet,,,,
GEO 360,GEO,360,Crime Analysis and GIS Certificate,,,Checksheet,,,,
GEO 360,GEO,360,"Data Science, BS",,,Checksheet,,,,
GEO 360,GEO,360,"Data Science, Minor",,,Checksheet,,,,
GEO 360,GEO,360,"Data Science, PBS",,,Checksheet,,,,
GEO 360,GEO,360,Geographic Information Systems Minor,,,Checksheet,,,,
GEO 360,GEO,360,Health Informatics Certificate,,,Checksheet,,,,
GEO 360,GEO,360,Networking Certificate,,,Checksheet,,,,
GEO 360,GEO,360,"Public Administration 2+2, BS",,,Checksheet,,,,
GEO 360,GEO,360,"Public Administration, PBS",,,Checksheet,,,,
GEO 360,GEO,360,CIS 360,CIS,360,CrossList,,,,
GEO 360,GEO,360,DSC 360,DSC,360,CrossList,,,,
GEO 360,GEO,360,BUA 450,BUA,450,Prereq,,,,
GEO 360,GEO,360,CIS 218,CIS,218,Prereq,,,,
GEO 360,GEO,360,CIS 255,CIS,255,Prereq,,,,
GEO 360,GEO,360,CIS 352,CIS,352,Prereq,,,,
GEO 360,GEO,360,CIS 355,CIS,355,Prereq,,,,
GEO 360,GEO,360,CIS 449,CIS,449,Prereq,,,,
GEO 360,GEO,360,CIS 450,CIS,450,Prereq,,,,
GEO 360,GEO,360,DSC 255,DSC,255,Prereq,,,,
GEO 360,GEO,360,DSC 352,DSC,352,Prereq,,,,
GEO 360,GEO,360,DSC 355,DSC,355,Prereq,,,,
GEO 360,GEO,360,DSC 449,DSC,449,Prereq,,,,
GEO 360,GEO,360,DSC 450,DSC,450,Prereq,,,,
GEO 360,GEO,360,INT 352,INT,352,Prereq,,,,
GEO 360,GEO,360,MAT 449,MAT,449,Prereq,,,,
GEO 360,GEO,360,MAT 450,MAT,450,Prereq,,,,
GEO 521,GEO,521,"Community Resilience Concentration, TEM",,,Checksheet,,,,
GEO 521,GEO,521,TEM 521,TEM,521,CrossList,,,,
GEO 521,GEO,521,TEM 520,TEM,520,Prereq,,,,
GEO 531,GEO,531,"Trauma-Informed Emergency Management, Graduate Certificate",,,Checksheet,,,,
GEO 531,GEO,531,SSC 531,SSC,531,CrossList,,,,
GEO 531,GEO,531,TEM 531,TEM,531,CrossList,,,,
GEY 101,GEY,101,Natural Science,,,GenEd,,,,
HGH 301,HGH,301,"Holocaust, Genocide & Human Rights Studies Minor",,,Checksheet,,,,
HGH 301,HGH,301,Humanities,,,GenEd,,,,
HGH 325,HGH,325,History Minor,,,Checksheet,,,,
HGH 325,HGH,325,"Holocaust, Genocide & Human Rights Studies Minor",,,Checksheet,,,,
HGH 325,HGH,325,HTY 325,HTY,325,CrossList,,,,
HGH 325,HGH,325,Humanities,,,GenEd,,,,
HGH 345,HGH,345,AME 345,AME,345,CrossList,,,,
HGH 345,HGH,345,INT 345,INT,345,CrossList,,,,
HGH 345,HGH,345,WGS 345,WGS,345,CrossList,,,,
HGH 345,HGH,345,Critical Thinking,,,GenEd,,,,
HGH 345,HGH,345,Cultural Perspectives,,,GenEd,,,,
HGH 345,HGH,345,Humanities,,,GenEd,,,,
HGH 367,HGH,367,"Holocaust, Genocide & Human Rights Studies Minor",,,Checksheet,,,,
HGH 367,HGH,367,Humanities,,,GenEd,,,,
HON 188,HON,188,Honors Program,,,Checksheet,,,,
HON 188,HON,188,INT 188,INT,188,CrossList,,,,
HON 208,HON,208,"Data Science, BS",,,Checksheet,,,,
HON 208,HON,208,Honors Program,,,Checksheet,,,,
HON 208,HON,208,"Interdisciplinary Studies, BA",,,Checksheet,,,,
HON 208,HON,208,INT 208,INT,208,CrossList,,,,
HON 208,HON,208,Information Literacy,,,GenEd,,,,
HON 208,HON,208,HON 308,HON,308,Prereq,,,,
HON 208,HON,208,INT 308,INT,308,Prereq,,,,
HON 208,HON,208,INT 396,INT,396,Prereq,,,,
HON 294,HON,294,Honors Program,,,Checksheet,,,,
HON 308,HON,308,Honors Program,,,Checksheet,,,,
HON 308,HON,308,INT 308,INT,308,CrossList,,,,
HON 394,HON,394,Honors Program,,,Checksheet,,,,
HON 494,HON,494,Honors Program,,,Checksheet,,,,
HTY 103,HTY,103,American Studies Minor,,,Checksheet,,,,
HTY 103,HTY,103,"Elementary Education, BS",,,Checksheet,,,,
HTY 103,HTY,103,History Minor,,,Checksheet,,,,
HTY 103,HTY,103,Humanities,,,GenEd,,,,
HTY 103,HTY,103,AME 335,AME,335,Prereq,,,,
HTY 103,HTY,103,AME 476,AME,476,Prereq,,,,
HTY 103,HTY,103,HGH 325,HGH,325,Prereq,,,,
HTY 103,HTY,103,HTY 325,HTY,325,Prereq,,,,
HTY 103,HTY,103,HTY 335,HTY,335,Prereq,,,,
HTY 103,HTY,103,HTY 345,HTY,345,Prereq,,,,
HTY 103,HTY,103,HTY 375,HTY,375,Prereq,,,,
HTY 103,HTY,103,HTY 476,HTY,476,Prereq,,,,
HTY 103,HTY,103,INT 335,INT,335,Prereq,,,,
HTY 103,HTY,103,WGS 335,WGS,335,Prereq,,,,
HTY 104,HTY,104,American Studies Minor,,,Checksheet,,,,
HTY 104,HTY,104,History Minor,,,Checksheet,,,,
HTY 104,HTY,104,Humanities,,,GenEd,,,,
HTY 104,HTY,104,AME 335,AME,335,Prereq,,,,
HTY 104,HTY,104,HGH 325,HGH,325,Prereq,,,,
HTY 104,HTY,104,HTY 304,HTY,304,Prereq,,,,
HTY 104,HTY,104,HTY 325,HTY,325,Prereq,,,,
HTY 104,HTY,104,HTY 335,HTY,335,Prereq,,,,
HTY 104,HTY,104,HTY 345,HTY,345,Prereq,,,,
HTY 104,HTY,104,HTY 359,HTY,359,Prereq,,,,
HTY 104,HTY,104,HTY 365,HTY,365,Prereq,,,,
HTY 104,HTY,104,HTY 375,HTY,375,Prereq,,,,
HTY 104,HTY,104,INT 335,INT,335,Prereq,,,,
HTY 104,HTY,104,WGS 335,WGS,335,Prereq,,,,
HTY 105,HTY,105,"Elementary Education, BS",,,Checksheet,,,,
HTY 105,HTY,105,History Minor,,,Checksheet,,,,
HTY 105,HTY,105,Humanities,,,GenEd,,,,
HTY 105,HTY,105,HGH 325,HGH,325,Prereq,,,,
HTY 105,HTY,105,HTY 307,HTY,307,Prereq,,,,
HTY 105,HTY,105,HTY 325,HTY,325,Prereq,,,,
HTY 105,HTY,105,HTY 345,HTY,345,Prereq,,,,
HTY 105,HTY,105,HTY 368,HTY,368,Prereq,,,,
HTY 105,HTY,105,HTY 375,HTY,375,Prereq,,,,
HTY 105,HTY,105,INT 368,INT,368,Prereq,,,,
HTY 105,HTY,105,REL 368,REL,368,Prereq,,,,
HTY 106,HTY,106,History Minor,,,Checksheet,,,,
HTY 106,HTY,106,Humanities,,,GenEd,,,,
HTY 106,HTY,106,HGH 325,HGH,325,Prereq,,,,
HTY 106,HTY,106,HTY 304,HTY,304,Prereq,,,,
HTY 106,HTY,106,HTY 325,HTY,325,Prereq,,,,
HTY 106,HTY,106,HTY 345,HTY,345,Prereq,,,,
HTY 106,HTY,106,HTY 365,HTY,365,Prereq,,,,
HTY 106,HTY,106,HTY 368,HTY,368,Prereq,,,,
HTY 106,HTY,106,HTY 375,HTY,375,Prereq,,,,
HTY 106,HTY,106,INT 368,INT,368,Prereq,,,,
HTY 106,HTY,106,REL 368,REL,368,Prereq,,,,
HTY 120,HTY,120,"Aviation - Aviation Maintenance Concentration, Bachelor of Science",,,Checksheet,,,,
HTY 120,HTY,120,"Aviation-Flight Instructor Concentration, BS",,,Checksheet,,,,
HTY 120,HTY,120,"Aviation-Uncrewed Aircraft Systems Concentration, BS",,,Checksheet,,,,
HTY 120,HTY,120,AVI 120,AVI,120,CrossList,,,,
HTY 120,HTY,120,Humanities,,,GenEd,,,,
HTY 120,HTY,120,AVI 460,AVI,460,Prereq,,,,
HTY 207,HTY,207,History Minor,,,Checksheet,,,,
HTY 207,HTY,207,Humanities,,,GenEd,,,,
HTY 289,HTY,289,History Minor,,,Checksheet,,,,
HTY 289,HTY,289,Humanities,,,GenEd,,,,
HTY 294,HTY,294,Humanities,,,GenEd,,,,
HTY 304,HTY,304,History Minor,,,Checksheet,,,,
HTY 304,HTY,304,Humanities,,,GenEd,,,,
HTY 305,HTY,305,History Minor,,,Checksheet,,,,
HTY 305,HTY,305,Humanities,,,GenEd,,,,
HTY 307,HTY,307,History Minor,,,Checksheet,,,,
HTY 307,HTY,307,Humanities,,,GenEd,,,,
HTY 310,HTY,310,American Studies Minor,,,Checksheet,,,,
HTY 310,HTY,310,History Minor,,,Checksheet,,,,
HTY 310,HTY,310,Humanities,,,GenEd,,,,
HTY 321,HTY,321,American Studies Minor,,,Checksheet,,,,
HTY 321,HTY,321,History Minor,,,Checksheet,,,,
HTY 321,HTY,321,"Holocaust, Genocide & Human Rights Studies Minor",,,Checksheet,,,,
HTY 321,HTY,321,Humanities,,,GenEd,,,,
HTY 325,HTY,325,History Minor,,,Checksheet,,,,
HTY 325,HTY,325,"Holocaust, Genocide & Human Rights Studies Minor",,,Checksheet,,,,
HTY 325,HTY,325,HGH 325,HGH,325,CrossList,,,,
HTY 325,HTY,325,Humanities,,,GenEd,,,,
HTY 330W,HTY,330W,History Minor,,,Checksheet,,,,
HTY 330W,HTY,330W,"Holocaust, Genocide & Human Rights Studies Minor",,,Checksheet,,,,
HTY 330W,HTY,330W,"Women's, Gender, & Sexuality Studies, Minor",,,Checksheet,,,,
HTY 330W,HTY,330W,WGS 330W,WGS,330W,CrossList,,,,
HTY 330W,HTY,330W,Cultural Perspectives,,,GenEd,,,,
HTY 330W,HTY,330W,Humanities,,,GenEd,,,,
HTY 330W,HTY,330W,Writing Intensive,,,GenEd,,,,
HTY 335,HTY,335,History Minor,,,Checksheet,,,,
HTY 335,HTY,335,"Holocaust, Genocide & Human Rights Studies Minor",,,Checksheet,,,,
HTY 335,HTY,335,AME 335,AME,335,CrossList,,,,
HTY 335,HTY,335,INT 335,INT,335,CrossList,,,,
HTY 335,HTY,335,WGS 335,WGS,335,CrossList,,,,
HTY 335,HTY,335,Cultural Perspectives,,,GenEd,,,,
HTY 335,HTY,335,Humanities,,,GenEd,,,,
HTY 340,HTY,340,American Studies Minor,,,Checksheet,,,,
HTY 340,HTY,340,History Minor,,,Checksheet,,,,
HTY 340,HTY,340,"Holocaust, Genocide & Human Rights Studies Minor",,,Checksheet,,,,
HTY 340,HTY,340,"Women's, Gender, & Sexuality Studies, Minor",,,Checksheet,,,,
HTY 340,HTY,340,AME 340,AME,340,CrossList,,,,
HTY 340,HTY,340,WGS 340,WGS,340,CrossList,,,,
HTY 340,HTY,340,Cultural Perspectives,,,GenEd,,,,
HTY 340,HTY,340,Humanities,,,GenEd,,,,
HTY 341,HTY,341,American Studies Minor,,,Checksheet,,,,
HTY 341,HTY,341,History Minor,,,Checksheet,,,,
HTY 341,HTY,341,"Holocaust, Genocide & Human Rights Studies Minor",,,Checksheet,,,,
HTY 341,HTY,341,Humanities,,,GenEd,,,,
HTY 345,HTY,345,History Minor,,,Checksheet,,,,
HTY 345,HTY,345,Humanities,,,GenEd,,,,
HTY 350,HTY,350,History Minor,,,Checksheet,,,,
HTY 350,HTY,350,Humanities,,,GenEd,,,,
HTY 359,HTY,359,American Studies Minor,,,Checksheet,,,,
HTY 359,HTY,359,History Minor,,,Checksheet,,,,
HTY 359,HTY,359,Humanities,,,GenEd,,,,
HTY 365,HTY,365,History Minor,,,Checksheet,,,,
HTY 365,HTY,365,Humanities,,,GenEd,,,,
HTY 368,HTY,368,History Minor,,,Checksheet,,,,
HTY 368,HTY,368,INT 368,INT,368,CrossList,,,,
HTY 368,HTY,368,REL 368,REL,368,CrossList,,,,
HTY 368,HTY,368,Humanities,,,GenEd,,,,
HTY 375,HTY,375,History Minor,,,Checksheet,,,,
HTY 375,HTY,375,Humanities,,,GenEd,,,,
HTY 389,HTY,389,History Minor,,,Checksheet,,,,
HTY 389,HTY,389,Humanities,,,GenEd,,,,
HTY 394,HTY,394,Humanities,,,GenEd,,,,
HTY 476,HTY,476,History Minor,,,Checksheet,,,,
HTY 476,HTY,476,AME 476,AME,476,CrossList,,,,
HTY 476,HTY,476,Cultural Perspectives,,,GenEd,,,,
HTY 476,HTY,476,Humanities,,,GenEd,,,,
HTY 489,HTY,489,History Minor,,,Checksheet,,,,
HTY 489,HTY,489,Humanities,,,GenEd,,,,
HTY 494,HTY,494,Humanities,,,GenEd,,,,
HUM 110,HUM,110,INT 110,INT,110,CrossList,,,,
HUM 110,HUM,110,REL 110,REL,110,CrossList,,,,
HUM 110,HUM,110,Humanities,,,GenEd,,,,
HUM 289,HUM,289,Humanities,,,GenEd,,,,
HUM 308,HUM,308,"Elementary Education, BS",,,Checksheet,,,,
HUM 308,HUM,308,"Holocaust, Genocide & Human Rights Studies Minor",,,Checksheet,,,,
HUM 308,HUM,308,ANT 308,ANT,308,CrossList,,,,
HUM 308,HUM,308,Humanities,,,GenEd,,,,
HUM 309,HUM,309,French: Language & Culture Track Minor,,,Checksheet,,,,
HUM 309,HUM,309,"Women's, Gender, & Sexuality Studies, Minor",,,Checksheet,,,,
HUM 309,HUM,309,DRA 309,DRA,309,CrossList,,,,
HUM 309,HUM,309,FRE 309,FRE,309,CrossList,,,,
HUM 309,HUM,309,WGS 309,WGS,309,CrossList,,,,
HUM 309,HUM,309,Cultural Perspectives,,,GenEd,,,,
HUM 309,HUM,309,Fine Arts,,,GenEd,,,,
HUM 309,HUM,309,Humanities,,,GenEd,,,,
HUM 310W,HUM,310W,WGS 310W,WGS,310W,CrossList,,,,
HUM 310W,HUM,310W,Cultural Perspectives,,,GenEd,,,,
HUM 310W,HUM,310W,Humanities,,,GenEd,,,,
HUM 310W,HUM,310W,Writing Intensive,,,GenEd,,,,
HUM 330,HUM,330,"Data Science, PBS",,,Checksheet,,,,
HUM 330,HUM,330,SSC 330,SSC,330,CrossList,,,,
HUM 330,HUM,330,Humanities,,,GenEd,,,,
HUM 350W,HUM,350W,American Studies Minor,,,Checksheet,,,,
HUM 350W,HUM,350W,French Certificate,,,Checksheet,,,,
HUM 350W,HUM,350W,French: Language & Culture Track Minor,,,Checksheet,,,,
HUM 350W,HUM,350W,"Holocaust, Genocide & Human Rights Studies Minor",,,Checksheet,,,,
HUM 350W,HUM,350W,FRE 350W,FRE,350W,CrossList,,,,
HUM 350W,HUM,350W,Humanities,,,GenEd,,,,
HUM 350W,HUM,350W,Writing Intensive,,,GenEd,,,,
HUM 380,HUM,380,Communications Minor,,,Checksheet,,,,
HUM 380,HUM,380,"Information & Library Science, BS",,,Checksheet,,,,
HUM 380,HUM,380,Social Media Certificate,,,Checksheet,,,,
HUM 380,HUM,380,ENG 380,ENG,380,CrossList,,,,
HUM 380,HUM,380,Cultural Perspectives,,,GenEd,,,,
HUM 380,HUM,380,Humanities,,,GenEd,,,,
HUM 389,HUM,389,Humanities,,,GenEd,,,,
HUM 489,HUM,489,Humanities,,,GenEd,,,,
HUS 101,HUS,101,Addiction Studies Minor,,,Checksheet,,,,
HUS 101,HUS,101,Child & Youth Care Practitioner Certificate,,,Checksheet,,,,
HUS 101,HUS,101,Embodied Social Justice Minor,,,Checksheet,,,,
HUS 101,HUS,101,Geriatric Human Services Minor,,,Checksheet,,,,
HUS 101,HUS,101,Human Services Minor,,,Checksheet,,,,
HUS 101,HUS,101,"Mental Health & Human Services, AS",,,Checksheet,,,,
HUS 101,HUS,101,"Mental Health & Human Services, BS",,,Checksheet,,,,
HUS 101,HUS,101,"Mental Health & Human Services, PBS",,,Checksheet,,,,
HUS 101,HUS,101,Substance Abuse Rehabilitation Technician Certificate,,,Checksheet,,,,
HUS 101,HUS,101,HUS 151,HUS,151,Prereq,,,,
HUS 101,HUS,101,HUS 212,HUS,212,Prereq,,,,
HUS 101,HUS,101,HUS 218,HUS,218,Prereq,,,,
HUS 101,HUS,101,HUS 222,HUS,222,Prereq,,,,
HUS 101,HUS,101,HUS 223,HUS,223,Prereq,,,,
HUS 101,HUS,101,HUS 224,HUS,224,Prereq,,,,
HUS 101,HUS,101,HUS 232,HUS,232,Prereq,,,,
HUS 101,HUS,101,HUS 233,HUS,233,Prereq,,,,
HUS 101,HUS,101,HUS 236,HUS,236,Prereq,,,,
HUS 101,HUS,101,HUS 240,HUS,240,Prereq,,,,
HUS 101,HUS,101,HUS 263,HUS,263,Prereq,,,,
HUS 101,HUS,101,HUS 289,HUS,289,Prereq,,,,
HUS 101,HUS,101,HUS 305,HUS,305,Prereq,,,,
HUS 101,HUS,101,HUS 309,HUS,309,Prereq,,,,
HUS 101,HUS,101,HUS 316,HUS,316,Prereq,,,,
HUS 101,HUS,101,HUS 350,HUS,350,Prereq,,,,
HUS 101,HUS,101,HUS 366,HUS,366,Prereq,,,,
HUS 101,HUS,101,HUS 371,HUS,371,Prereq,,,,
HUS 101,HUS,101,HUS 372,HUS,372,Prereq,,,,
HUS 101,HUS,101,HUS 376,HUS,376,Prereq,,,,
HUS 101,HUS,101,HUS 389,HUS,389,Prereq,,,,
HUS 101,HUS,101,HUS 489,HUS,489,Prereq,,,,
HUS 101,HUS,101,JUS 376,JUS,376,Prereq,,,,
HUS 125,HUS,125,Addiction Studies Minor,,,Checksheet,,,,
HUS 125,HUS,125,Corrections Certificate,,,Checksheet,,,,
HUS 125,HUS,125,Geriatric Human Services Minor,,,Checksheet,,,,
HUS 125,HUS,125,Human Services Minor,,,Checksheet,,,,
HUS 125,HUS,125,"Information & Library Science, AS",,,Checksheet,,,,
HUS 125,HUS,125,"Information & Library Science, BS",,,Checksheet,,,,
HUS 125,HUS,125,"Mental Health & Human Services, AS",,,Checksheet,,,,
HUS 125,HUS,125,"Mental Health & Human Services, BS",,,Checksheet,,,,
HUS 125,HUS,125,"Mental Health & Human Services, PBS",,,Checksheet,,,,
HUS 125,HUS,125,Substance Abuse Rehabilitation Technician Certificate,,,Checksheet,,,,
HUS 125,HUS,125,HUS 223,HUS,223,Prereq,,,,
HUS 125,HUS,125,HUS 326,HUS,326,Prereq,,,,
HUS 125,HUS,125,HUS 332,HUS,332,Prereq,,,,
HUS 125,HUS,125,HUS 342,HUS,342,Prereq,,,,
HUS 125,HUS,125,SSC 332,SSC,332,Prereq,,,,
HUS 130,HUS,130,Mental Health Electives,,,Checksheet,,,,
HUS 130,HUS,130,"Neuropsychology, Minor",,,Checksheet,,,,
HUS 134,HUS,134,"Architecture, B.Arch",,,Checksheet,,,,
HUS 134,HUS,134,"Information & Library Science, AS",,,Checksheet,,,,
HUS 134,HUS,134,"Information & Library Science, BS",,,Checksheet,,,,
HUS 134,HUS,134,"Mental Health & Human Services, AS",,,Checksheet,,,,
HUS 134,HUS,134,"Mental Health & Human Services, BS",,,Checksheet,,,,
HUS 134,HUS,134,Mental Health Electives,,,Checksheet,,,,
HUS 134,HUS,134,Mental Health Rehabilitation Technician/Community Certificate,,,Checksheet,,,,
HUS 134,HUS,134,"Nursing (4-Year), BSN",,,Checksheet,,,,
HUS 134,HUS,134,"Nursing (RN-BSN Completion), BSN",,,Checksheet,,,,
HUS 134,HUS,134,Cultural Perspectives,,,GenEd,,,,
HUS 151,HUS,151,HUS 152,HUS,152,Prereq,,,,
HUS 160,HUS,160,Early Childhood Services Minor,,,Checksheet,,,,
HUS 160,HUS,160,"Information & Library Science, AS",,,Checksheet,,,,
HUS 160,HUS,160,"Information & Library Science, BS",,,Checksheet,,,,
HUS 160,HUS,160,Mental Health Electives,,,Checksheet,,,,
HUS 212,HUS,212,Child & Youth Care Practitioner Certificate,,,Checksheet,,,,
HUS 212,HUS,212,Human Services Minor,,,Checksheet,,,,
HUS 212,HUS,212,"Mental Health & Human Services, AS",,,Checksheet,,,,
HUS 212,HUS,212,"Mental Health & Human Services, BS",,,Checksheet,,,,
HUS 212,HUS,212,"Mental Health & Human Services, PBS",,,Checksheet,,,,
HUS 212,HUS,212,Mental Health Rehabilitation Technician/Community Certificate,,,Checksheet,,,,
HUS 212,HUS,212,Substance Abuse Rehabilitation Technician Certificate,,,Checksheet,,,,
HUS 212,HUS,212,HUS 223,HUS,223,Prereq,,,,
HUS 212,HUS,212,HUS 309,HUS,309,Prereq,,,,
HUS 212,HUS,212,HUS 316,HUS,316,Prereq,,,,
HUS 212,HUS,212,HUS 349,HUS,349,Prereq,,,,
HUS 212,HUS,212,HUS 354,HUS,354,Prereq,,,,
HUS 215,HUS,215,Embodied Social Justice Certificate,,,Checksheet,,,,
HUS 215,HUS,215,Mental Health Electives,,,Checksheet,,,,
HUS 218,HUS,218,Corrections Certificate,,,Checksheet,,,,
HUS 218,HUS,218,Human Services Minor,,,Checksheet,,,,
HUS 218,HUS,218,"Information & Library Science, AS",,,Checksheet,,,,
HUS 218,HUS,218,"Information & Library Science, BS",,,Checksheet,,,,
HUS 218,HUS,218,"Mental Health & Human Services, AS",,,Checksheet,,,,
HUS 218,HUS,218,"Mental Health & Human Services, BS",,,Checksheet,,,,
HUS 218,HUS,218,"Mental Health & Human Services, PBS",,,Checksheet,,,,
HUS 218,HUS,218,Mental Health Rehabilitation Technician/Community Certificate,,,Checksheet,,,,
HUS 218,HUS,218,HUS 222,HUS,222,Prereq,,,,
HUS 218,HUS,218,HUS 223,HUS,223,Prereq,,,,
HUS 220,HUS,220,"Child & Family Services Concentration, BSMHHS",,,Checksheet,,,,
HUS 220,HUS,220,Child & Youth Care Practitioner Certificate,,,Checksheet,,,,
HUS 220,HUS,220,Early Childhood Services Minor,,,Checksheet,,,,
HUS 220,HUS,220,"Mental Health & Human Services, BS",,,Checksheet,,,,
HUS 220,HUS,220,Mental Health Electives,,,Checksheet,,,,
HUS 220,HUS,220,HUS 323,HUS,323,Prereq,,,,
HUS 221,HUS,221,Mental Health Electives,,,Checksheet,,,,
HUS 222,HUS,222,Adult Mental Health Rehabilitation Concentration,,,Checksheet,,,,
HUS 222,HUS,222,"Mental Health & Human Services, PBS",,,Checksheet,,,,
HUS 222,HUS,222,Mental Health Electives,,,Checksheet,,,,
HUS 222,HUS,222,Substance Abuse Rehabilitation Technician Certificate,,,Checksheet,,,,
HUS 223,HUS,223,"Mental Health & Human Services, AS",,,Checksheet,,,,
HUS 223,HUS,223,"Mental Health & Human Services, BS",,,Checksheet,,,,
HUS 223,HUS,223,"Mental Health & Human Services, PBS",,,Checksheet,,,,
HUS 223,HUS,223,HUS 270,HUS,270,Prereq,,,,
HUS 223,HUS,223,HUS 470,HUS,470,Prereq,,,,
HUS 224,HUS,224,Mental Health Electives,,,Checksheet,,,,
HUS 229,HUS,229,Addiction Counseling Concentration,,,Checksheet,,,,
HUS 229,HUS,229,Mental Health Electives,,,Checksheet,,,,
HUS 229,HUS,229,PSY 229,PSY,229,CrossList,,,,
HUS 229,HUS,229,HUS 342,HUS,342,Prereq,,,,
HUS 230,HUS,230,Addiction Studies Minor,,,Checksheet,,,,
HUS 230,HUS,230,"Grief, Loss & Trauma Minor",,,Checksheet,,,,
HUS 230,HUS,230,"Mental Health & Human Services, AS",,,Checksheet,,,,
HUS 230,HUS,230,"Mental Health & Human Services, BS",,,Checksheet,,,,
HUS 230,HUS,230,"Mental Health & Human Services, PBS",,,Checksheet,,,,
HUS 230,HUS,230,Mental Health Rehabilitation Technician/Community Certificate,,,Checksheet,,,,
HUS 230,HUS,230,HUS 223,HUS,223,Prereq,,,,
HUS 230,HUS,230,HUS 309,HUS,309,Prereq,,,,
HUS 232,HUS,232,Addiction Counseling Concentration,,,Checksheet,,,,
HUS 232,HUS,232,Addiction Studies Minor,,,Checksheet,,,,
HUS 232,HUS,232,Adult Mental Health Rehabilitation Concentration,,,Checksheet,,,,
HUS 232,HUS,232,Child & Youth Care Practitioner Certificate,,,Checksheet,,,,
HUS 232,HUS,232,"Grief, Loss & Trauma Minor",,,Checksheet,,,,
HUS 232,HUS,232,"Mental Health & Human Services, PBS",,,Checksheet,,,,
HUS 232,HUS,232,Mental Health Electives,,,Checksheet,,,,
HUS 232,HUS,232,Mental Health Rehabilitation Technician/Community Certificate,,,Checksheet,,,,
HUS 232,HUS,232,Substance Abuse Rehabilitation Technician Certificate,,,Checksheet,,,,
HUS 233,HUS,233,Addiction Studies Minor,,,Checksheet,,,,
HUS 233,HUS,233,Adult Mental Health Rehabilitation Concentration,,,Checksheet,,,,
HUS 233,HUS,233,Child & Youth Care Practitioner Certificate,,,Checksheet,,,,
HUS 233,HUS,233,Geriatric Human Services Minor,,,Checksheet,,,,
HUS 233,HUS,233,"Grief, Loss & Trauma Minor",,,Checksheet,,,,
HUS 233,HUS,233,"Mental Health & Human Services, PBS",,,Checksheet,,,,
HUS 233,HUS,233,Mental Health Electives,,,Checksheet,,,,
HUS 233,HUS,233,Mental Health Rehabilitation Technician/Community Certificate,,,Checksheet,,,,
HUS 233,HUS,233,"Optional Women's, Gender, and Sexuality Studies Concentration",,,Checksheet,,,,
HUS 233,HUS,233,Substance Abuse Rehabilitation Technician Certificate,,,Checksheet,,,,
HUS 236,HUS,236,Adult Mental Health Rehabilitation Concentration,,,Checksheet,,,,
HUS 236,HUS,236,"Mental Health & Human Services, PBS",,,Checksheet,,,,
HUS 236,HUS,236,Mental Health Electives,,,Checksheet,,,,
HUS 236,HUS,236,Mental Health Rehabilitation Technician/Community Certificate,,,Checksheet,,,,
HUS 240,HUS,240,Mental Health Electives,,,Checksheet,,,,
HUS 262,HUS,262,Mental Health Electives,,,Checksheet,,,,
HUS 262,HUS,262,SED 262,SED,262,CrossList,,,,
HUS 263,HUS,263,Early Childhood Services Minor,,,Checksheet,,,,
HUS 263,HUS,263,Mental Health Electives,,,Checksheet,,,,
HUS 263,HUS,263,"Optional Women's, Gender, and Sexuality Studies Concentration",,,Checksheet,,,,
HUS 270,HUS,270,"Mental Health & Human Services, AS",,,Checksheet,,,,
HUS 270,HUS,270,"Mental Health & Human Services, BS",,,Checksheet,,,,
HUS 270,HUS,270,Critical Thinking,,,GenEd,,,,
HUS 270,HUS,270,HUS 223,HUS,223,Prereq,,,,
HUS 270,HUS,270,HUS 470,HUS,470,Prereq,,,,
HUS 289,HUS,289,Mental Health Electives,,,Checksheet,,,,
HUS 304,HUS,304,"Child & Family Services Concentration, BSMHHS",,,Checksheet,,,,
HUS 304,HUS,304,Child & Youth Care Practitioner Certificate,,,Checksheet,,,,
HUS 304,HUS,304,"Mental Health & Human Services, BS",,,Checksheet,,,,
HUS 304,HUS,304,"Nursing (4-Year), BSN",,,Checksheet,,,,
HUS 304,HUS,304,"Nursing (RN-BSN Completion), BSN",,,Checksheet,,,,
HUS 304,HUS,304,PSY 304,PSY,304,CrossList,,,,
HUS 305,HUS,305,Behavioral Science Minor,,,Checksheet,,,,
HUS 305,HUS,305,Communications Minor,,,Checksheet,,,,
HUS 305,HUS,305,"Mental Health & Human Services, BS",,,Checksheet,,,,
HUS 305,HUS,305,"Mental Health & Human Services, PBS",,,Checksheet,,,,
HUS 305,HUS,305,Substance Abuse Rehabilitation Technician Certificate,,,Checksheet,,,,
HUS 306,HUS,306,Adult Mental Health Rehabilitation Concentration,,,Checksheet,,,,
HUS 306,HUS,306,Behavioral Science Minor,,,Checksheet,,,,
HUS 306,HUS,306,Early Childhood Services Minor,,,Checksheet,,,,
HUS 306,HUS,306,Mental Health Electives,,,Checksheet,,,,
HUS 306,HUS,306,"Neuropsychology, Minor",,,Checksheet,,,,
HUS 306,HUS,306,PSY 306,PSY,306,CrossList,,,,
HUS 309,HUS,309,"Mental Health & Human Services, BS",,,Checksheet,,,,
HUS 309,HUS,309,"Mental Health & Human Services, PBS",,,Checksheet,,,,
HUS 309,HUS,309,Mental Health Rehabilitation Technician/Community Certificate,,,Checksheet,,,,
HUS 309,HUS,309,HUS 349,HUS,349,Prereq,,,,
HUS 309,HUS,309,HUS 368,HUS,368,Prereq,,,,
HUS 316,HUS,316,Human Services Minor,,,Checksheet,,,,
HUS 316,HUS,316,"Mental Health & Human Services, AS",,,Checksheet,,,,
HUS 316,HUS,316,"Mental Health & Human Services, BS",,,Checksheet,,,,
HUS 316,HUS,316,"Mental Health & Human Services, PBS",,,Checksheet,,,,
HUS 316,HUS,316,Ethical Reasoning,,,GenEd,,,,
HUS 316,HUS,316,HUS 223,HUS,223,Prereq,,,,
HUS 316,HUS,316,HUS 270,HUS,270,Prereq,,,,
HUS 316,HUS,316,HUS 279,HUS,279,Prereq,,,,
HUS 316,HUS,316,HUS 461,HUS,461,Prereq,,,,
HUS 316,HUS,316,HUS 462,HUS,462,Prereq,,,,
HUS 316,HUS,316,HUS 463,HUS,463,Prereq,,,,
HUS 316,HUS,316,HUS 470,HUS,470,Prereq,,,,
HUS 318,HUS,318,Addiction Counseling Concentration,,,Checksheet,,,,
HUS 318,HUS,318,Addiction Studies Minor,,,Checksheet,,,,
HUS 318,HUS,318,Child & Youth Care Practitioner Certificate,,,Checksheet,,,,
HUS 318,HUS,318,Mental Health Electives,,,Checksheet,,,,
HUS 323,HUS,323,"Child & Family Services Concentration, BSMHHS",,,Checksheet,,,,
HUS 323,HUS,323,Early Childhood Services Minor,,,Checksheet,,,,
HUS 323,HUS,323,"Mental Health & Human Services, BS",,,Checksheet,,,,
HUS 323,HUS,323,Mental Health Electives,,,Checksheet,,,,
HUS 326,HUS,326,Addiction Counseling Concentration,,,Checksheet,,,,
HUS 326,HUS,326,Addiction Studies Minor,,,Checksheet,,,,
HUS 326,HUS,326,"Mental Health & Human Services, PBS",,,Checksheet,,,,
HUS 326,HUS,326,Mental Health Electives,,,Checksheet,,,,
HUS 326,HUS,326,Substance Abuse Rehabilitation Technician Certificate,,,Checksheet,,,,
HUS 328,HUS,328,"Child & Family Services Concentration, BSMHHS",,,Checksheet,,,,
HUS 328,HUS,328,Early Childhood Teacher (081) Minor,,,Checksheet,,,,
HUS 328,HUS,328,Mental Health Electives,,,Checksheet,,,,
HUS 328,HUS,328,EDU 328,EDU,328,CrossList,,,,
HUS 332,HUS,332,Addiction Counseling Concentration,,,Checksheet,,,,
HUS 332,HUS,332,Addiction Studies Minor,,,Checksheet,,,,
HUS 332,HUS,332,"Mental Health & Human Services, PBS",,,Checksheet,,,,
HUS 332,HUS,332,Mental Health Electives,,,Checksheet,,,,
HUS 332,HUS,332,"Optional Women's, Gender, and Sexuality Studies Concentration",,,Checksheet,,,,
HUS 332,HUS,332,Substance Abuse Rehabilitation Technician Certificate,,,Checksheet,,,,
HUS 332,HUS,332,SSC 332,SSC,332,CrossList,,,,
HUS 335,HUS,335,Addiction Counseling Concentration,,,Checksheet,,,,
HUS 335,HUS,335,Addiction Studies Minor,,,Checksheet,,,,
HUS 335,HUS,335,Adult Mental Health Rehabilitation Concentration,,,Checksheet,,,,
HUS 335,HUS,335,Mental Health Electives,,,Checksheet,,,,
HUS 335,HUS,335,Mental Health Rehabilitation Technician/Community Certificate,,,Checksheet,,,,
HUS 335,HUS,335,Substance Abuse Rehabilitation Technician Certificate,,,Checksheet,,,,
HUS 342,HUS,342,Addiction Counseling Concentration,,,Checksheet,,,,
HUS 342,HUS,342,Mental Health Electives,,,Checksheet,,,,
HUS 342,HUS,342,Substance Abuse Rehabilitation Technician Certificate,,,Checksheet,,,,
HUS 345,HUS,345,"Child & Family Services Concentration, BSMHHS",,,Checksheet,,,,
HUS 345,HUS,345,Child & Youth Care Practitioner Certificate,,,Checksheet,,,,
HUS 345,HUS,345,Early Childhood Services Minor,,,Checksheet,,,,
HUS 345,HUS,345,Mental Health Electives,,,Checksheet,,,,
HUS 345,HUS,345,PSY 345,PSY,345,CrossList,,,,
HUS 346,HUS,346,Adult Mental Health Rehabilitation Concentration,,,Checksheet,,,,
HUS 346,HUS,346,Geriatric Human Services Minor,,,Checksheet,,,,
HUS 346,HUS,346,Mental Health Electives,,,Checksheet,,,,
HUS 349,HUS,349,"Mental Health & Human Services, BS",,,Checksheet,,,,
HUS 349,HUS,349,"Mental Health & Human Services, PBS",,,Checksheet,,,,
HUS 349,HUS,349,HUS 461,HUS,461,Prereq,,,,
HUS 349,HUS,349,HUS 462,HUS,462,Prereq,,,,
HUS 349,HUS,349,HUS 463,HUS,463,Prereq,,,,
HUS 349,HUS,349,HUS 470,HUS,470,Prereq,,,,
HUS 350,HUS,350,Adult Mental Health Rehabilitation Concentration,,,Checksheet,,,,
HUS 350,HUS,350,Geriatric Human Services Minor,,,Checksheet,,,,
HUS 350,HUS,350,"Mental Health & Human Services, PBS",,,Checksheet,,,,
HUS 350,HUS,350,Mental Health Electives,,,Checksheet,,,,
HUS 350,HUS,350,Mental Health Rehabilitation Technician/Community Certificate,,,Checksheet,,,,
HUS 352,HUS,352,"Child & Family Services Concentration, BSMHHS",,,Checksheet,,,,
HUS 352,HUS,352,Early Childhood Services Minor,,,Checksheet,,,,
HUS 352,HUS,352,Early Childhood Teacher (081) Minor,,,Checksheet,,,,
HUS 352,HUS,352,Human Services Minor,,,Checksheet,,,,
HUS 352,HUS,352,Mental Health Electives,,,Checksheet,,,,
HUS 352,HUS,352,"Optional Women's, Gender, and Sexuality Studies Concentration",,,Checksheet,,,,
HUS 352,HUS,352,EDU 352,EDU,352,CrossList,,,,
HUS 354,HUS,354,"Child & Family Services Concentration, BSMHHS",,,Checksheet,,,,
HUS 354,HUS,354,Mental Health Electives,,,Checksheet,,,,
HUS 364,HUS,364,Behavioral Science Minor,,,Checksheet,,,,
HUS 364,HUS,364,"Grief, Loss & Trauma Minor",,,Checksheet,,,,
HUS 364,HUS,364,"Holocaust, Genocide & Human Rights Studies Minor",,,Checksheet,,,,
HUS 364,HUS,364,Mental Health Electives,,,Checksheet,,,,
HUS 364,HUS,364,JUS 364,JUS,364,CrossList,,,,
HUS 364,HUS,364,SSC 364,SSC,364,CrossList,,,,
HUS 366,HUS,366,Adult Mental Health Rehabilitation Concentration,,,Checksheet,,,,
HUS 366,HUS,366,Geriatric Human Services Minor,,,Checksheet,,,,
HUS 366,HUS,366,"Grief, Loss & Trauma Minor",,,Checksheet,,,,
HUS 366,HUS,366,Mental Health Electives,,,Checksheet,,,,
HUS 368,HUS,368,Geriatric Human Services Minor,,,Checksheet,,,,
HUS 368,HUS,368,"Mental Health & Human Services, BS",,,Checksheet,,,,
HUS 368,HUS,368,"Mental Health & Human Services, PBS",,,Checksheet,,,,
HUS 368,HUS,368,Substance Abuse Rehabilitation Technician Certificate,,,Checksheet,,,,
HUS 368,HUS,368,HUS 461,HUS,461,Prereq,,,,
HUS 368,HUS,368,HUS 462,HUS,462,Prereq,,,,
HUS 368,HUS,368,HUS 463,HUS,463,Prereq,,,,
HUS 368,HUS,368,HUS 470,HUS,470,Prereq,,,,
HUS 371,HUS,371,Embodied Social Justice Certificate,,,Checksheet,,,,
HUS 372,HUS,372,Embodied Social Justice Certificate,,,Checksheet,,,,
HUS 376,HUS,376,JUS 376,JUS,376,CrossList,,,,
HUS 385,HUS,385,Behavioral Science Minor,,,Checksheet,,,,
HUS 385,HUS,385,"Nursing (4-Year), BSN",,,Checksheet,,,,
HUS 385,HUS,385,"Nursing (RN-BSN Completion), BSN",,,Checksheet,,,,
HUS 385,HUS,385,PSY 385,PSY,385,CrossList,,,,
HUS 385,HUS,385,Cultural Perspectives,,,GenEd,,,,
HUS 460,HUS,460,HUS 461,HUS,461,Prereq,,,,
HUS 460,HUS,460,HUS 462,HUS,462,Prereq,,,,
HUS 460,HUS,460,HUS 463,HUS,463,Prereq,,,,
HUS 470,HUS,470,"Mental Health & Human Services, BS",,,Checksheet,,,,
HUS 470,HUS,470,"Mental Health & Human Services, PBS",,,Checksheet,,,,
HUS 470,HUS,470,HUS 223,HUS,223,Prereq,,,,
HUS 501,HUS,501,Graduate Certificate in Substance Use Disorders,,,Checksheet,,,,
HUS 502,HUS,502,Graduate Certificate in Substance Use Disorders,,,Checksheet,,,,
HUS 503,HUS,503,Graduate Certificate in Substance Use Disorders,,,Checksheet,,,,
HUS 503,HUS,503,HUS 505,HUS,505,Prereq,,,,
HUS 503,HUS,503,HUS 506,HUS,506,Prereq,,,,
HUS 504,HUS,504,Graduate Certificate in Substance Use Disorders,,,Checksheet,,,,
HUS 505,HUS,505,Graduate Certificate in Substance Use Disorders,,,Checksheet,,,,
HUS 505,HUS,505,HUS 506,HUS,506,Prereq,,,,
HUS 506,HUS,506,Graduate Certificate in Substance Use Disorders,,,Checksheet,,,,
ILS 100,ILS,100,Information & Library Science Certificate,,,Checksheet,,,,
ILS 100,ILS,100,Information & Library Science Minor,,,Checksheet,,,,
ILS 100,ILS,100,"Information & Library Science, AS",,,Checksheet,,,,
ILS 100,ILS,100,"Information & Library Science, BS",,,Checksheet,,,,
ILS 100,ILS,100,ILS 150,ILS,150,Prereq,,,,
ILS 100,ILS,100,ILS 175,ILS,175,Prereq,,,,
ILS 100,ILS,100,ILS 201,ILS,201,Prereq,,,,
ILS 100,ILS,100,ILS 202,ILS,202,Prereq,,,,
ILS 100,ILS,100,ILS 205,ILS,205,Prereq,,,,
ILS 100,ILS,100,ILS 225,ILS,225,Prereq,,,,
ILS 100,ILS,100,ILS 250,ILS,250,Prereq,,,,
ILS 100,ILS,100,ILS 289,ILS,289,Prereq,,,,
ILS 100,ILS,100,ILS 306,ILS,306,Prereq,,,,
ILS 100,ILS,100,ILS 389,ILS,389,Prereq,,,,
ILS 101,ILS,101,Information & Library Science Certificate,,,Checksheet,,,,
ILS 101,ILS,101,Information & Library Science Minor,,,Checksheet,,,,
ILS 101,ILS,101,"Information & Library Science, AS",,,Checksheet,,,,
ILS 101,ILS,101,"Information & Library Science, BS",,,Checksheet,,,,
ILS 101,ILS,101,Information Literacy,,,GenEd,,,,
ILS 101,ILS,101,ILS 150,ILS,150,Prereq,,,,
ILS 101,ILS,101,ILS 205,ILS,205,Prereq,,,,
ILS 101,ILS,101,ILS 212,ILS,212,Prereq,,,,
ILS 102,ILS,102,"Architecture, B.Arch",,,Checksheet,,,,
ILS 102,ILS,102,"Cybersecurity, BS",,,Checksheet,,,,
ILS 102,ILS,102,"Dental Hygiene, BS (Pending Accreditation)",,,Checksheet,,,,
ILS 102,ILS,102,Information & Library Science Certificate,,,Checksheet,,,,
ILS 102,ILS,102,Information & Library Science Minor,,,Checksheet,,,,
ILS 102,ILS,102,"Information & Library Science, AS",,,Checksheet,,,,
ILS 102,ILS,102,"Information & Library Science, BS",,,Checksheet,,,,
ILS 102,ILS,102,"Mental Health & Human Services, AS",,,Checksheet,,,,
ILS 102,ILS,102,"Mental Health & Human Services, BS",,,Checksheet,,,,
ILS 102,ILS,102,Information Literacy,,,GenEd,,,,
ILS 109,ILS,109,ILS 202,ILS,202,Prereq,,,,
ILS 150,ILS,150,Information & Library Science Certificate,,,Checksheet,,,,
ILS 150,ILS,150,Information & Library Science Minor,,,Checksheet,,,,
ILS 150,ILS,150,"Information & Library Science, AS",,,Checksheet,,,,
ILS 150,ILS,150,"Information & Library Science, BS",,,Checksheet,,,,
ILS 150,ILS,150,ILS 204,ILS,204,Prereq,,,,
ILS 150,ILS,150,ILS 306,ILS,306,Prereq,,,,
ILS 150,ILS,150,ILS 350,ILS,350,Prereq,,,,
ILS 150,ILS,150,ILS 365,ILS,365,Prereq,,,,
ILS 150,ILS,150,ILS 385,ILS,385,Prereq,,,,
ILS 150,ILS,150,ILS 441,ILS,441,Prereq,,,,
ILS 175,ILS,175,Information & Library Science Certificate,,,Checksheet,,,,
ILS 175,ILS,175,Information & Library Science Minor,,,Checksheet,,,,
ILS 175,ILS,175,"Information & Library Science, AS",,,Checksheet,,,,
ILS 175,ILS,175,"Information & Library Science, BS",,,Checksheet,,,,
ILS 201,ILS,201,Information & Library Science Certificate,,,Checksheet,,,,
ILS 201,ILS,201,"Information & Library Science, AS",,,Checksheet,,,,
ILS 201,ILS,201,"Information & Library Science, BS",,,Checksheet,,,,
ILS 202,ILS,202,Information & Library Science Certificate,,,Checksheet,,,,
ILS 202,ILS,202,"Information & Library Science, AS",,,Checksheet,,,,
ILS 202,ILS,202,"Information & Library Science, BS",,,Checksheet,,,,
ILS 205,ILS,205,Information & Library Science Certificate,,,Checksheet,,,,
ILS 205,ILS,205,"Information & Library Science, AS",,,Checksheet,,,,
ILS 205,ILS,205,"Information & Library Science, BS",,,Checksheet,,,,
ILS 212,ILS,212,ILS 312,ILS,312,Prereq,,,,
ILS 225,ILS,225,Information & Library Science Certificate,,,Checksheet,,,,
ILS 225,ILS,225,Information & Library Science Minor,,,Checksheet,,,,
ILS 225,ILS,225,"Information & Library Science, AS",,,Checksheet,,,,
ILS 225,ILS,225,"Information & Library Science, BS",,,Checksheet,,,,
ILS 225,ILS,225,ILS 306,ILS,306,Prereq,,,,
ILS 225,ILS,225,ILS 325,ILS,325,Prereq,,,,
ILS 225,ILS,225,ILS 385,ILS,385,Prereq,,,,
ILS 250,ILS,250,Information & Library Science Certificate,,,Checksheet,,,,
ILS 250,ILS,250,Information & Library Science Minor,,,Checksheet,,,,
ILS 250,ILS,250,"Information & Library Science, AS",,,Checksheet,,,,
ILS 250,ILS,250,"Information & Library Science, BS",,,Checksheet,,,,
ILS 250,ILS,250,ILS 306,ILS,306,Prereq,,,,
ILS 250,ILS,250,ILS 350,ILS,350,Prereq,,,,
ILS 250,ILS,250,ILS 389,ILS,389,Prereq,,,,
ILS 250,ILS,250,ILS 412,ILS,412,Prereq,,,,
ILS 250,ILS,250,ILS 420,ILS,420,Prereq,,,,
ILS 250,ILS,250,ILS 441,ILS,441,Prereq,,,,
ILS 250,ILS,250,ILS 442,ILS,442,Prereq,,,,
ILS 289,ILS,289,Information & Library Science Certificate,,,Checksheet,,,,
ILS 289,ILS,289,"Information & Library Science, AS",,,Checksheet,,,,
ILS 289,ILS,289,"Information & Library Science, BS",,,Checksheet,,,,
ILS 299,ILS,299,"Information & Library Science, AS",,,Checksheet,,,,
ILS 306,ILS,306,Information & Library Science Minor,,,Checksheet,,,,
ILS 306,ILS,306,"Information & Library Science, BS",,,Checksheet,,,,
ILS 312,ILS,312,Information & Library Science Minor,,,Checksheet,,,,
ILS 312,ILS,312,"Information & Library Science, BS",,,Checksheet,,,,
ILS 325,ILS,325,Information & Library Science Minor,,,Checksheet,,,,
ILS 325,ILS,325,"Information & Library Science, BS",,,Checksheet,,,,
ILS 325,ILS,325,ILS 389,ILS,389,Prereq,,,,
ILS 325,ILS,325,ILS 412,ILS,412,Prereq,,,,
ILS 325,ILS,325,ILS 420,ILS,420,Prereq,,,,
ILS 325,ILS,325,ILS 441,ILS,441,Prereq,,,,
ILS 350,ILS,350,Information & Library Science Minor,,,Checksheet,,,,
ILS 350,ILS,350,"Information & Library Science, BS",,,Checksheet,,,,
ILS 365,ILS,365,Information & Library Science Minor,,,Checksheet,,,,
ILS 365,ILS,365,"Information & Library Science, BS",,,Checksheet,,,,
ILS 385,ILS,385,Information & Library Science Minor,,,Checksheet,,,,
ILS 385,ILS,385,"Information & Library Science, BS",,,Checksheet,,,,
ILS 412,ILS,412,Information & Library Science Minor,,,Checksheet,,,,
ILS 412,ILS,412,"Information & Library Science, BS",,,Checksheet,,,,
ILS 420,ILS,420,Information & Library Science Minor,,,Checksheet,,,,
ILS 420,ILS,420,"Information & Library Science, BS",,,Checksheet,,,,
ILS 441,ILS,441,Information & Library Science Minor,,,Checksheet,,,,
ILS 441,ILS,441,"Information & Library Science, BS",,,Checksheet,,,,
ILS 442,ILS,442,Information & Library Science Minor,,,Checksheet,,,,
ILS 442,ILS,442,"Information & Library Science, BS",,,Checksheet,,,,
ILS 450,ILS,450,"Information & Library Science, BS",,,Checksheet,,,,
ILS 499,ILS,499,"Information & Library Science, BS",,,Checksheet,,,,
IND 494,IND,494,Advocacy Minor,,,Checksheet,,,,
INT 110,INT,110,HUM 110,HUM,110,CrossList,,,,
INT 110,INT,110,REL 110,REL,110,CrossList,,,,
INT 110,INT,110,Humanities,,,GenEd,,,,
INT 188,INT,188,Honors Program,,,Checksheet,,,,
INT 188,INT,188,HON 188,HON,188,CrossList,,,,
INT 208,INT,208,"Data Science, BS",,,Checksheet,,,,
INT 208,INT,208,Honors Program,,,Checksheet,,,,
INT 208,INT,208,"Interdisciplinary Studies, BA",,,Checksheet,,,,
INT 208,INT,208,HON 208,HON,208,CrossList,,,,
INT 208,INT,208,Information Literacy,,,GenEd,,,,
INT 208,INT,208,HON 308,HON,308,Prereq,,,,
INT 208,INT,208,INT 308,INT,308,Prereq,,,,
INT 208,INT,208,INT 396,INT,396,Prereq,,,,
INT 264,INT,264,AME 264,AME,264,CrossList,,,,
INT 264,INT,264,Cultural Perspectives,,,GenEd,,,,
INT 264,INT,264,Humanities,,,GenEd,,,,
INT 308,INT,308,Honors Program,,,Checksheet,,,,
INT 308,INT,308,HON 308,HON,308,CrossList,,,,
INT 319W,INT,319W,Embodied Social Justice Certificate,,,Checksheet,,,,
INT 319W,INT,319W,English Writing Minor,,,Checksheet,,,,
INT 319W,INT,319W,"Nursing (4-Year), BSN",,,Checksheet,,,,
INT 319W,INT,319W,"Nursing (RN-BSN Completion), BSN",,,Checksheet,,,,
INT 319W,INT,319W,ENG 319W,ENG,319W,CrossList,,,,
INT 319W,INT,319W,Cultural Perspectives,,,GenEd,,,,
INT 319W,INT,319W,Humanities,,,GenEd,,,,
INT 319W,INT,319W,Writing Intensive,,,GenEd,,,,
INT 330,INT,330,English Writing Minor,,,Checksheet,,,,
INT 330,INT,330,ART 330,ART,330,CrossList,,,,
INT 330,INT,330,ENG 330,ENG,330,CrossList,,,,
INT 330,INT,330,Cultural Perspectives,,,GenEd,,,,
INT 330,INT,330,Fine Arts,,,GenEd,,,,
INT 330,INT,330,Humanities,,,GenEd,,,,
INT 331,INT,331,Embodied Social Justice Certificate,,,Checksheet,,,,
INT 331,INT,331,"Nursing (4-Year), BSN",,,Checksheet,,,,
INT 331,INT,331,"Nursing (RN-BSN Completion), BSN",,,Checksheet,,,,
INT 331,INT,331,NUR 331,NUR,331,CrossList,,,,
INT 335,INT,335,History Minor,,,Checksheet,,,,
INT 335,INT,335,"Holocaust, Genocide & Human Rights Studies Minor",,,Checksheet,,,,
INT 335,INT,335,AME 335,AME,335,CrossList,,,,
INT 335,INT,335,HTY 335,HTY,335,CrossList,,,,
INT 335,INT,335,WGS 335,WGS,335,CrossList,,,,
INT 335,INT,335,Cultural Perspectives,,,GenEd,,,,
INT 335,INT,335,Humanities,,,GenEd,,,,
INT 344W,INT,344W,"Data Science, BS",,,Checksheet,,,,
INT 344W,INT,344W,ENG 344W,ENG,344W,CrossList,,,,
INT 344W,INT,344W,Cultural Perspectives,,,GenEd,,,,
INT 344W,INT,344W,Humanities,,,GenEd,,,,
INT 344W,INT,344W,Writing Intensive,,,GenEd,,,,
INT 345,INT,345,AME 345,AME,345,CrossList,,,,
INT 345,INT,345,HGH 345,HGH,345,CrossList,,,,
INT 345,INT,345,WGS 345,WGS,345,CrossList,,,,
INT 345,INT,345,Critical Thinking,,,GenEd,,,,
INT 345,INT,345,Cultural Perspectives,,,GenEd,,,,
INT 345,INT,345,Humanities,,,GenEd,,,,
INT 349,INT,349,Embodied Social Justice Certificate,,,Checksheet,,,,
INT 349,INT,349,WGS 349,WGS,349,CrossList,,,,
INT 349,INT,349,Critical Thinking,,,GenEd,,,,
INT 349,INT,349,Cultural Perspectives,,,GenEd,,,,
INT 349,INT,349,Humanities,,,GenEd,,,,
INT 352,INT,352,"Business Administration, PBS",,,Checksheet,,,,
INT 352,INT,352,Crime Analysis and GIS Certificate,,,Checksheet,,,,
INT 352,INT,352,Data Science Certificate,,,Checksheet,,,,
INT 352,INT,352,"Data Science, BS",,,Checksheet,,,,
INT 352,INT,352,"Data Science, Minor",,,Checksheet,,,,
INT 352,INT,352,"Data Science, PBS",,,Checksheet,,,,
INT 352,INT,352,Health Informatics Certificate,,,Checksheet,,,,
INT 352,INT,352,"Management, BSBA",,,Checksheet,,,,
INT 352,INT,352,CIS 352,CIS,352,CrossList,,,,
INT 352,INT,352,DSC 352,DSC,352,CrossList,,,,
INT 352,INT,352,Fine Arts,,,GenEd,,,,
INT 352,INT,352,ART 550,ART,550,Prereq,,,,
INT 352,INT,352,CIS 449,CIS,449,Prereq,,,,
INT 352,INT,352,DSC 449,DSC,449,Prereq,,,,
INT 352,INT,352,MAT 449,MAT,449,Prereq,,,,
INT 357,INT,357,PHI 357,PHI,357,CrossList,,,,
INT 357,INT,357,PSY 357,PSY,357,CrossList,,,,
INT 357,INT,357,Humanities,,,GenEd,,,,
INT 368,INT,368,History Minor,,,Checksheet,,,,
INT 368,INT,368,HTY 368,HTY,368,CrossList,,,,
INT 368,INT,368,REL 368,REL,368,CrossList,,,,
INT 368,INT,368,Humanities,,,GenEd,,,,
INT 396,INT,396,Embodied Social Justice Certificate,,,Checksheet,,,,
INT 420,INT,420,Embodied Social Justice Certificate,,,Checksheet,,,,
INT 420,INT,420,"Nursing (4-Year), BSN",,,Checksheet,,,,
INT 420,INT,420,"Nursing (RN-BSN Completion), BSN",,,Checksheet,,,,
INT 420,INT,420,AME 420,AME,420,CrossList,,,,
INT 420,INT,420,WGS 420,WGS,420,CrossList,,,,
INT 420,INT,420,Cultural Perspectives,,,GenEd,,,,
INT 420,INT,420,Humanities,,,GenEd,,,,
INT 430,INT,430,American Studies Minor,,,Checksheet,,,,
INT 430,INT,430,Embodied Social Justice Certificate,,,Checksheet,,,,
INT 430,INT,430,Embodied Social Justice Minor,,,Checksheet,,,,
INT 430,INT,430,"Holocaust, Genocide & Human Rights Studies Minor",,,Checksheet,,,,
INT 430,INT,430,AME 430,AME,430,CrossList,,,,
INT 430,INT,430,WGS 430,WGS,430,CrossList,,,,
INT 430,INT,430,Critical Thinking,,,GenEd,,,,
INT 430,INT,430,Cultural Perspectives,,,GenEd,,,,
INT 430,INT,430,Humanities,,,GenEd,,,,
INT 430,INT,430,Information Literacy,,,GenEd,,,,
INT 440,INT,440,Embodied Social Justice Certificate,,,Checksheet,,,,
INT 440,INT,440,AME 440,AME,440,CrossList,,,,
INT 440,INT,440,WGS 440,WGS,440,CrossList,,,,
INT 440,INT,440,Cultural Perspectives,,,GenEd,,,,
INT 440,INT,440,Humanities,,,GenEd,,,,
INT 460,INT,460,Ethical Reasoning,,,GenEd,,,,
ISS 210,ISS,210,"Computer Information Systems, AS",,,Checksheet,,,,
ISS 210,ISS,210,"Computer Information Systems, BS",,,Checksheet,,,,
ISS 210,ISS,210,"Computer Information Systems, PBS",,,Checksheet,,,,
ISS 210,ISS,210,Crime Analysis and GIS Certificate,,,Checksheet,,,,
ISS 210,ISS,210,Cyber Forensics Minor,,,Checksheet,,,,
ISS 210,ISS,210,Cybersecurity Certificate,,,Checksheet,,,,
ISS 210,ISS,210,Cybersecurity Fundamentals Certificate,,,Checksheet,,,,
ISS 210,ISS,210,Cybersecurity Minor,,,Checksheet,,,,
ISS 210,ISS,210,"Cybersecurity Operations, Certificate",,,Checksheet,,,,
ISS 210,ISS,210,"Cybersecurity, AS",,,Checksheet,,,,
ISS 210,ISS,210,"Cybersecurity, BS",,,Checksheet,,,,
ISS 210,ISS,210,"Cybersecurity, PBS",,,Checksheet,,,,
ISS 210,ISS,210,"Data Science, BS",,,Checksheet,,,,
ISS 210,ISS,210,"Data Science, Minor",,,Checksheet,,,,
ISS 210,ISS,210,"Data Science, PBS",,,Checksheet,,,,
ISS 210,ISS,210,"Information & Library Science, BS",,,Checksheet,,,,
ISS 210,ISS,210,ISS 212,ISS,212,Prereq,,,,
ISS 210,ISS,210,ISS 220,ISS,220,Prereq,,,,
ISS 210,ISS,210,ISS 232,ISS,232,Prereq,,,,
ISS 210,ISS,210,ISS 240,ISS,240,Prereq,,,,
ISS 210,ISS,210,ISS 250,ISS,250,Prereq,,,,
ISS 210,ISS,210,ISS 260,ISS,260,Prereq,,,,
ISS 210,ISS,210,ISS 262,ISS,262,Prereq,,,,
ISS 210,ISS,210,ISS 264,ISS,264,Prereq,,,,
ISS 210,ISS,210,ISS 282,ISS,282,Prereq,,,,
ISS 210,ISS,210,ISS 310,ISS,310,Prereq,,,,
ISS 210,ISS,210,ISS 320,ISS,320,Prereq,,,,
ISS 210,ISS,210,ISS 325,ISS,325,Prereq,,,,
ISS 210,ISS,210,ISS 334,ISS,334,Prereq,,,,
ISS 210,ISS,210,ISS 342,ISS,342,Prereq,,,,
ISS 210,ISS,210,ISS 350,ISS,350,Prereq,,,,
ISS 210,ISS,210,ISS 370,ISS,370,Prereq,,,,
ISS 210,ISS,210,ISS 375,ISS,375,Prereq,,,,
ISS 210,ISS,210,ISS 380,ISS,380,Prereq,,,,
ISS 210,ISS,210,ISS 385,ISS,385,Prereq,,,,
ISS 210,ISS,210,ISS 389,ISS,389,Prereq,,,,
ISS 210,ISS,210,ISS 394,ISS,394,Prereq,,,,
ISS 210,ISS,210,ISS 460,ISS,460,Prereq,,,,
ISS 210,ISS,210,ISS 470,ISS,470,Prereq,,,,
ISS 212,ISS,212,"Cybersecurity, AS",,,Checksheet,,,,
ISS 212,ISS,212,"Cybersecurity, BS",,,Checksheet,,,,
ISS 215,ISS,215,Critical Infrastructure Cyber Operations Certificate,,,Checksheet,,,,
ISS 215,ISS,215,ISS 235,ISS,235,Prereq,,,,
ISS 220,ISS,220,Information Assurance Certificate,,,Checksheet,,,,
ISS 224,ISS,224,"Computer Information Systems, AS",,,Checksheet,,,,
ISS 224,ISS,224,"Computer Information Systems, BS",,,Checksheet,,,,
ISS 224,ISS,224,Cybersecurity Fundamentals Certificate,,,Checksheet,,,,
ISS 224,ISS,224,"Cybersecurity, AS",,,Checksheet,,,,
ISS 224,ISS,224,"Cybersecurity, BS",,,Checksheet,,,,
ISS 226,ISS,226,"Computer Information Systems, AS",,,Checksheet,,,,
ISS 226,ISS,226,"Computer Information Systems, BS",,,Checksheet,,,,
ISS 226,ISS,226,Cybersecurity Fundamentals Certificate,,,Checksheet,,,,
ISS 226,ISS,226,"Cybersecurity, AS",,,Checksheet,,,,
ISS 226,ISS,226,"Cybersecurity, BS",,,Checksheet,,,,
ISS 232,ISS,232,Cyber Forensics Certificate,,,Checksheet,,,,
ISS 232,ISS,232,Cyber Forensics Minor,,,Checksheet,,,,
ISS 232,ISS,232,Cybersecurity Certificate,,,Checksheet,,,,
ISS 232,ISS,232,Cybersecurity Minor,,,Checksheet,,,,
ISS 232,ISS,232,"Cybersecurity Operations, Certificate",,,Checksheet,,,,
ISS 232,ISS,232,"Cybersecurity, AS",,,Checksheet,,,,
ISS 232,ISS,232,"Cybersecurity, BS",,,Checksheet,,,,
ISS 232,ISS,232,"Cybersecurity, PBS",,,Checksheet,,,,
ISS 232,ISS,232,Network Security Analyst Certificate,,,Checksheet,,,,
ISS 232,ISS,232,ISS 430,ISS,430,Prereq,,,,
ISS 232,ISS,232,ISS 432,ISS,432,Prereq,,,,
ISS 232,ISS,232,ISS 434,ISS,434,Prereq,,,,
ISS 232,ISS,232,ISS 436,ISS,436,Prereq,,,,
ISS 232,ISS,232,JUS 432,JUS,432,Prereq,,,,
ISS 235,ISS,235,Critical Infrastructure Cyber Operations Certificate,,,Checksheet,,,,
ISS 235,ISS,235,ISS 242,ISS,242,Prereq,,,,
ISS 235,ISS,235,ISS 315,ISS,315,Prereq,,,,
ISS 235,ISS,235,ISS 345,ISS,345,Prereq,,,,
ISS 240,ISS,240,Cybersecurity Certificate,,,Checksheet,,,,
ISS 240,ISS,240,"Cybersecurity, AS",,,Checksheet,,,,
ISS 240,ISS,240,"Cybersecurity, BS",,,Checksheet,,,,
ISS 240,ISS,240,"Cybersecurity, PBS",,,Checksheet,,,,
ISS 240,ISS,240,Information Assurance Certificate,,,Checksheet,,,,
ISS 242,ISS,242,Critical Infrastructure Cyber Operations Certificate,,,Checksheet,,,,
ISS 242,ISS,242,ISS 244,ISS,244,Prereq,,,,
ISS 242,ISS,242,ISS 344,ISS,344,Prereq,,,,
ISS 244,ISS,244,Critical Infrastructure Cyber Operations Certificate,,,Checksheet,,,,
ISS 250,ISS,250,Information Assurance Certificate,,,Checksheet,,,,
ISS 260,ISS,260,"Data Science, BS",,,Checksheet,,,,
ISS 262,ISS,262,Information Assurance Certificate,,,Checksheet,,,,
ISS 282,ISS,282,Cybersecurity Certificate,,,Checksheet,,,,
ISS 282,ISS,282,Cybersecurity Fundamentals Certificate,,,Checksheet,,,,
ISS 282,ISS,282,Cybersecurity Minor,,,Checksheet,,,,
ISS 282,ISS,282,"Cybersecurity Operations, Certificate",,,Checksheet,,,,
ISS 282,ISS,282,"Cybersecurity, AS",,,Checksheet,,,,
ISS 282,ISS,282,"Cybersecurity, BS",,,Checksheet,,,,
ISS 282,ISS,282,Network Security Analyst Certificate,,,Checksheet,,,,
ISS 282,ISS,282,ISS 310,ISS,310,Prereq,,,,
ISS 282,ISS,282,ISS 360,ISS,360,Prereq,,,,
ISS 282,ISS,282,ISS 482,ISS,482,Prereq,,,,
ISS 301,ISS,301,"Cybersecurity, PBS",,,Checksheet,,,,
ISS 310,ISS,310,Information Assurance Certificate,,,Checksheet,,,,
ISS 315,ISS,315,Critical Infrastructure Cyber Operations Certificate,,,Checksheet,,,,
ISS 315,ISS,315,ISS 365,ISS,365,Prereq,,,,
ISS 320,ISS,320,Cybersecurity Minor,,,Checksheet,,,,
ISS 320,ISS,320,"Cybersecurity Operations, Certificate",,,Checksheet,,,,
ISS 320,ISS,320,Information Assurance Certificate,,,Checksheet,,,,
ISS 320,ISS,320,Network Security Analyst Certificate,,,Checksheet,,,,
ISS 320,ISS,320,ISS 340,ISS,340,Prereq,,,,
ISS 320,ISS,320,ISS 410,ISS,410,Prereq,,,,
ISS 320,ISS,320,ISS 412,ISS,412,Prereq,,,,
ISS 325,ISS,325,"Data Science, BS",,,Checksheet,,,,
ISS 334,ISS,334,Cyber Forensics Certificate,,,Checksheet,,,,
ISS 340,ISS,340,Cybersecurity Certificate,,,Checksheet,,,,
ISS 340,ISS,340,"Cybersecurity, BS",,,Checksheet,,,,
ISS 340,ISS,340,"Cybersecurity, PBS",,,Checksheet,,,,
ISS 344,ISS,344,Critical Infrastructure Cyber Operations Certificate,,,Checksheet,,,,
ISS 345,ISS,345,Critical Infrastructure Cyber Operations Certificate,,,Checksheet,,,,
ISS 345,ISS,345,ISS 344,ISS,344,Prereq,,,,
ISS 345,ISS,345,ISS 352,ISS,352,Prereq,,,,
ISS 345,ISS,345,ISS 354,ISS,354,Prereq,,,,
ISS 345,ISS,345,ISS 356,ISS,356,Prereq,,,,
ISS 345,ISS,345,ISS 365,ISS,365,Prereq,,,,
ISS 345,ISS,345,ISS 442,ISS,442,Prereq,,,,
ISS 345,ISS,345,ISS 490,ISS,490,Prereq,,,,
ISS 350,ISS,350,"Cybersecurity, BS",,,Checksheet,,,,
ISS 350,ISS,350,"Cybersecurity, PBS",,,Checksheet,,,,
ISS 350,ISS,350,"Data Science, BS",,,Checksheet,,,,
ISS 350,ISS,350,"Data Science, Minor",,,Checksheet,,,,
ISS 350,ISS,350,"Data Science, PBS",,,Checksheet,,,,
ISS 350,ISS,350,CIS 330,CIS,330,Prereq,,,,
ISS 352,ISS,352,Critical Infrastructure Cyber Operations Certificate,,,Checksheet,,,,
ISS 354,ISS,354,Critical Infrastructure Cyber Operations Certificate,,,Checksheet,,,,
ISS 356,ISS,356,Critical Infrastructure Cyber Operations Certificate,,,Checksheet,,,,
ISS 360,ISS,360,Cyber Forensics Certificate,,,Checksheet,,,,
ISS 360,ISS,360,"Cybersecurity Operations, Certificate",,,Checksheet,,,,
ISS 360,ISS,360,"Cybersecurity, BS",,,Checksheet,,,,
ISS 360,ISS,360,Information Assurance Certificate,,,Checksheet,,,,
ISS 360,ISS,360,Network Security Analyst Certificate,,,Checksheet,,,,
ISS 360,ISS,360,ISS 482,ISS,482,Prereq,,,,
ISS 365,ISS,365,Critical Infrastructure Cyber Operations Certificate,,,Checksheet,,,,
ISS 365,ISS,365,ISS 490,ISS,490,Prereq,,,,
ISS 370,ISS,370,Network Security Analyst Certificate,,,Checksheet,,,,
ISS 372,ISS,372,"Data Science, BS",,,Checksheet,,,,
ISS 372,ISS,372,"Data Science, PBS",,,Checksheet,,,,
ISS 375,ISS,375,"Cybersecurity, BS",,,Checksheet,,,,
ISS 375,ISS,375,Cultural Perspectives,,,GenEd,,,,
ISS 380,ISS,380,"Cybersecurity, BS",,,Checksheet,,,,
ISS 380,ISS,380,"Cybersecurity, PBS",,,Checksheet,,,,
ISS 385,ISS,385,Cyber Forensics Certificate,,,Checksheet,,,,
ISS 385,ISS,385,"Cybersecurity Operations, Certificate",,,Checksheet,,,,
ISS 385,ISS,385,Network Security Analyst Certificate,,,Checksheet,,,,
ISS 389,ISS,389,"Data Science, Minor",,,Checksheet,,,,
ISS 410,ISS,410,Cybersecurity Certificate,,,Checksheet,,,,
ISS 410,ISS,410,Cybersecurity Minor,,,Checksheet,,,,
ISS 410,ISS,410,"Cybersecurity Operations, Certificate",,,Checksheet,,,,
ISS 410,ISS,410,"Cybersecurity, BS",,,Checksheet,,,,
ISS 410,ISS,410,"Cybersecurity, PBS",,,Checksheet,,,,
ISS 410,ISS,410,Network Security Analyst Certificate,,,Checksheet,,,,
ISS 412,ISS,412,Cybersecurity Certificate,,,Checksheet,,,,
ISS 412,ISS,412,Cybersecurity Minor,,,Checksheet,,,,
ISS 412,ISS,412,"Cybersecurity, PBS",,,Checksheet,,,,
ISS 412,ISS,412,Network Security Analyst Certificate,,,Checksheet,,,,
ISS 430,ISS,430,Cyber Forensics Certificate,,,Checksheet,,,,
ISS 430,ISS,430,Cyber Forensics Minor,,,Checksheet,,,,
ISS 432,ISS,432,JUS 432,JUS,432,CrossList,,,,
ISS 434,ISS,434,Cyber Forensics Certificate,,,Checksheet,,,,
ISS 434,ISS,434,Cyber Forensics Minor,,,Checksheet,,,,
ISS 434,ISS,434,ISS 436,ISS,436,Prereq,,,,
ISS 436,ISS,436,Cyber Forensics Certificate,,,Checksheet,,,,
ISS 436,ISS,436,Cyber Forensics Minor,,,Checksheet,,,,
ISS 436,ISS,436,ISS 438,ISS,438,Prereq,,,,
ISS 438,ISS,438,Cyber Forensics Certificate,,,Checksheet,,,,
ISS 438,ISS,438,Cyber Forensics Minor,,,Checksheet,,,,
ISS 442,ISS,442,Critical Infrastructure Cyber Operations Certificate,,,Checksheet,,,,
ISS 442,ISS,442,ISS 444,ISS,444,Prereq,,,,
ISS 460,ISS,460,"Cybersecurity, BS",,,Checksheet,,,,
ISS 460,ISS,460,Critical Thinking,,,GenEd,,,,
ISS 470,ISS,470,Cybersecurity Certificate,,,Checksheet,,,,
ISS 470,ISS,470,"Cybersecurity, BS",,,Checksheet,,,,
ISS 470,ISS,470,"Cybersecurity, PBS",,,Checksheet,,,,
ISS 482,ISS,482,"Cybersecurity Operations, Certificate",,,Checksheet,,,,
ISS 482,ISS,482,"Cybersecurity, BS",,,Checksheet,,,,
ISS 482,ISS,482,Network Security Analyst Certificate,,,Checksheet,,,,
ISS 490,ISS,490,Critical Infrastructure Cyber Operations Certificate,,,Checksheet,,,,
JUS 103,JUS,103,American Studies Minor,,,Checksheet,,,,
JUS 103,JUS,103,Corrections Certificate,,,Checksheet,,,,
JUS 103,JUS,103,Crime Analysis and GIS Certificate,,,Checksheet,,,,
JUS 103,JUS,103,Forensic Science Certificate,,,Checksheet,,,,
JUS 103,JUS,103,Justice Studies Minor,,,Checksheet,,,,
JUS 103,JUS,103,"Justice Studies, AS",,,Checksheet,,,,
JUS 103,JUS,103,"Justice Studies, BS",,,Checksheet,,,,
JUS 103,JUS,103,Social Science,,,GenEd,,,,
JUS 103,JUS,103,HUS 376,HUS,376,Prereq,,,,
JUS 103,JUS,103,HUS 389,HUS,389,Prereq,,,,
JUS 103,JUS,103,JUS 121,JUS,121,Prereq,,,,
JUS 103,JUS,103,JUS 160,JUS,160,Prereq,,,,
JUS 103,JUS,103,JUS 200,JUS,200,Prereq,,,,
JUS 103,JUS,103,JUS 230,JUS,230,Prereq,,,,
JUS 103,JUS,103,JUS 250,JUS,250,Prereq,,,,
JUS 103,JUS,103,JUS 252,JUS,252,Prereq,,,,
JUS 103,JUS,103,JUS 271W,JUS,271W,Prereq,,,,
JUS 103,JUS,103,JUS 302,JUS,302,Prereq,,,,
JUS 103,JUS,103,JUS 305,JUS,305,Prereq,,,,
JUS 103,JUS,103,JUS 315,JUS,315,Prereq,,,,
JUS 103,JUS,103,JUS 319,JUS,319,Prereq,,,,
JUS 103,JUS,103,JUS 324,JUS,324,Prereq,,,,
JUS 103,JUS,103,JUS 341,JUS,341,Prereq,,,,
JUS 103,JUS,103,JUS 352,JUS,352,Prereq,,,,
JUS 103,JUS,103,JUS 362,JUS,362,Prereq,,,,
JUS 103,JUS,103,JUS 363,JUS,363,Prereq,,,,
JUS 103,JUS,103,JUS 365,JUS,365,Prereq,,,,
JUS 103,JUS,103,JUS 376,JUS,376,Prereq,,,,
JUS 103,JUS,103,JUS 380,JUS,380,Prereq,,,,
JUS 103,JUS,103,JUS 388,JUS,388,Prereq,,,,
JUS 103,JUS,103,JUS 392,JUS,392,Prereq,,,,
JUS 103,JUS,103,JUS 395,JUS,395,Prereq,,,,
JUS 103,JUS,103,JUS 402,JUS,402,Prereq,,,,
JUS 103,JUS,103,JUS 410,JUS,410,Prereq,,,,
JUS 103,JUS,103,JUS 440,JUS,440,Prereq,,,,
JUS 103,JUS,103,POS 319,POS,319,Prereq,,,,
JUS 103,JUS,103,PSY 410,PSY,410,Prereq,,,,
JUS 105,JUS,105,Advocacy Minor,,,Checksheet,,,,
JUS 105,JUS,105,"Data Science, BS",,,Checksheet,,,,
JUS 105,JUS,105,Paralegal Studies Certificate,,,Checksheet,,,,
JUS 105,JUS,105,Social Science,,,GenEd,,,,
JUS 105,JUS,105,JUS 231,JUS,231,Prereq,,,,
JUS 105,JUS,105,JUS 296W,JUS,296W,Prereq,,,,
JUS 105,JUS,105,JUS 313,JUS,313,Prereq,,,,
JUS 105,JUS,105,JUS 362,JUS,362,Prereq,,,,
JUS 105,JUS,105,JUS 405,JUS,405,Prereq,,,,
JUS 105,JUS,105,JUS 417,JUS,417,Prereq,,,,
JUS 121,JUS,121,Forensic Science Certificate,,,Checksheet,,,,
JUS 121,JUS,121,"Justice Studies, AS",,,Checksheet,,,,
JUS 121,JUS,121,"Justice Studies, BS",,,Checksheet,,,,
JUS 121,JUS,121,Paralegal Studies Certificate,,,Checksheet,,,,
JUS 121,JUS,121,Social Science,,,GenEd,,,,
JUS 121,JUS,121,JUS 471,JUS,471,Prereq,,,,
JUS 123,JUS,123,Corrections Certificate,,,Checksheet,,,,
JUS 123,JUS,123,Social Science,,,GenEd,,,,
JUS 124,JUS,124,Crime Analysis and GIS Certificate,,,Checksheet,,,,
JUS 124,JUS,124,Social Science,,,GenEd,,,,
JUS 160,JUS,160,Forensic Science Certificate,,,Checksheet,,,,
JUS 160,JUS,160,Social Science,,,GenEd,,,,
JUS 200,JUS,200,Forensic Science Certificate,,,Checksheet,,,,
JUS 200,JUS,200,Fraud Examination Certificate (Business Administration),,,Checksheet,,,,
JUS 200,JUS,200,Fraud Examination Certificate (Justice Studies),,,Checksheet,,,,
JUS 200,JUS,200,Fraud Examination Minor,,,Checksheet,,,,
JUS 212,JUS,212,Paralegal Studies Certificate,,,Checksheet,,,,
JUS 216,JUS,216,Advocacy Minor,,,Checksheet,,,,
JUS 216,JUS,216,Paralegal Studies Certificate,,,Checksheet,,,,
JUS 216,JUS,216,JUS 405,JUS,405,Prereq,,,,
JUS 216,JUS,216,JUS 417,JUS,417,Prereq,,,,
JUS 218,JUS,218,Paralegal Studies Certificate,,,Checksheet,,,,
JUS 222,JUS,222,Advocacy Minor,,,Checksheet,,,,
JUS 222,JUS,222,"Optional Women's, Gender, and Sexuality Studies Concentration",,,Checksheet,,,,
JUS 222,JUS,222,Paralegal Studies Certificate,,,Checksheet,,,,
JUS 222,JUS,222,JUS 472,JUS,472,Prereq,,,,
JUS 223,JUS,223,"Accounting, BSBA",,,Checksheet,,,,
JUS 223,JUS,223,Advanced Criminal Justice Management Certificate,,,Checksheet,,,,
JUS 223,JUS,223,Applied Bachelor of Science in Public Administration (90-credit program),,,Checksheet,,,,
JUS 223,JUS,223,"Aviation - Aviation Maintenance Concentration, Bachelor of Science",,,Checksheet,,,,
JUS 223,JUS,223,"Aviation-Flight Instructor Concentration, BS",,,Checksheet,,,,
JUS 223,JUS,223,"Aviation-Uncrewed Aircraft Systems Concentration, BS",,,Checksheet,,,,
JUS 223,JUS,223,Business Administration Minor,,,Checksheet,,,,
JUS 223,JUS,223,"Business Administration, PBS",,,Checksheet,,,,
JUS 223,JUS,223,"Computer Information Systems, AS",,,Checksheet,,,,
JUS 223,JUS,223,"Computer Information Systems, BS",,,Checksheet,,,,
JUS 223,JUS,223,"Cybersecurity, AS",,,Checksheet,,,,
JUS 223,JUS,223,"Cybersecurity, BS",,,Checksheet,,,,
JUS 223,JUS,223,Fraud Examination Certificate (Business Administration),,,Checksheet,,,,
JUS 223,JUS,223,Fraud Examination Certificate (Justice Studies),,,Checksheet,,,,
JUS 223,JUS,223,Human Resource Management Certificate,,,Checksheet,,,,
JUS 223,JUS,223,Human Resource Management Minor,,,Checksheet,,,,
JUS 223,JUS,223,"Information & Library Science, AS",,,Checksheet,,,,
JUS 223,JUS,223,"Information & Library Science, BS",,,Checksheet,,,,
JUS 223,JUS,223,Management Emphasis,,,Checksheet,,,,
JUS 223,JUS,223,Management Information Systems Concentration,,,Checksheet,,,,
JUS 223,JUS,223,"Management, BSBA",,,Checksheet,,,,
JUS 223,JUS,223,"Public Administration 2+2, BS",,,Checksheet,,,,
JUS 223,JUS,223,Public Administration Minor,,,Checksheet,,,,
JUS 223,JUS,223,"Public Administration, AS",,,Checksheet,,,,
JUS 223,JUS,223,"Public Administration, BS",,,Checksheet,,,,
JUS 223,JUS,223,"Public Administration, PBS",,,Checksheet,,,,
JUS 223,JUS,223,Small Business Management Minor,,,Checksheet,,,,
JUS 223,JUS,223,BUA 223,BUA,223,CrossList,,,,
JUS 223,JUS,223,POS 223,POS,223,CrossList,,,,
JUS 223,JUS,223,BUA 259W,BUA,259W,Prereq,,,,
JUS 223,JUS,223,BUA 303,BUA,303,Prereq,,,,
JUS 223,JUS,223,BUA 310,BUA,310,Prereq,,,,
JUS 223,JUS,223,BUA 350,BUA,350,Prereq,,,,
JUS 223,JUS,223,BUA 361,BUA,361,Prereq,,,,
JUS 223,JUS,223,BUA 362,BUA,362,Prereq,,,,
JUS 223,JUS,223,BUA 365,BUA,365,Prereq,,,,
JUS 223,JUS,223,BUA 420,BUA,420,Prereq,,,,
JUS 223,JUS,223,CIS 303,CIS,303,Prereq,,,,
JUS 223,JUS,223,CIS 470,CIS,470,Prereq,,,,
JUS 223,JUS,223,NUR 420,NUR,420,Prereq,,,,
JUS 223,JUS,223,POS 354,POS,354,Prereq,,,,
JUS 223,JUS,223,POS 361,POS,361,Prereq,,,,
JUS 223,JUS,223,POS 362,POS,362,Prereq,,,,
JUS 223,JUS,223,POS 365,POS,365,Prereq,,,,
JUS 223,JUS,223,POS 405,POS,405,Prereq,,,,
JUS 223,JUS,223,POS 420,POS,420,Prereq,,,,
JUS 231,JUS,231,Paralegal Studies Certificate,,,Checksheet,,,,
JUS 250,JUS,250,Fraud Examination Certificate (Business Administration),,,Checksheet,,,,
JUS 250,JUS,250,Fraud Examination Certificate (Justice Studies),,,Checksheet,,,,
JUS 250,JUS,250,Fraud Examination Minor,,,Checksheet,,,,
JUS 271W,JUS,271W,Advocacy Minor,,,Checksheet,,,,
JUS 271W,JUS,271W,Corrections Certificate,,,Checksheet,,,,
JUS 271W,JUS,271W,Crime Analysis and GIS Certificate,,,Checksheet,,,,
JUS 271W,JUS,271W,Fraud Examination Certificate (Business Administration),,,Checksheet,,,,
JUS 271W,JUS,271W,Fraud Examination Certificate (Justice Studies),,,Checksheet,,,,
JUS 271W,JUS,271W,Justice Studies Minor,,,Checksheet,,,,
JUS 271W,JUS,271W,"Justice Studies, AS",,,Checksheet,,,,
JUS 271W,JUS,271W,"Justice Studies, BS",,,Checksheet,,,,
JUS 271W,JUS,271W,Writing Intensive,,,GenEd,,,,
JUS 271W,JUS,271W,JUS 441,JUS,441,Prereq,,,,
JUS 271W,JUS,271W,JUS 471,JUS,471,Prereq,,,,
JUS 296W,JUS,296W,Paralegal Studies Certificate,,,Checksheet,,,,
JUS 296W,JUS,296W,Writing Intensive,,,GenEd,,,,
JUS 302,JUS,302,Advanced Criminal Justice Management Certificate,,,Checksheet,,,,
JUS 302,JUS,302,Advocacy Minor,,,Checksheet,,,,
JUS 305,JUS,305,Advocacy Minor,,,Checksheet,,,,
JUS 305,JUS,305,"Optional Women's, Gender, and Sexuality Studies Concentration",,,Checksheet,,,,
JUS 305,JUS,305,"Women's, Gender, & Sexuality Studies, Minor",,,Checksheet,,,,
JUS 307,JUS,307,Advanced Criminal Justice Management Certificate,,,Checksheet,,,,
JUS 307,JUS,307,Advocacy Minor,,,Checksheet,,,,
JUS 307,JUS,307,Child & Youth Care Practitioner Certificate,,,Checksheet,,,,
JUS 307,JUS,307,"Justice Studies, AS",,,Checksheet,,,,
JUS 307,JUS,307,Mental Health Electives,,,Checksheet,,,,
JUS 307,JUS,307,"Optional Women's, Gender, and Sexuality Studies Concentration",,,Checksheet,,,,
JUS 307,JUS,307,"Women's, Gender, & Sexuality Studies, Minor",,,Checksheet,,,,
JUS 313,JUS,313,American Studies Minor,,,Checksheet,,,,
JUS 315,JUS,315,American Studies Minor,,,Checksheet,,,,
JUS 315,JUS,315,"Holocaust, Genocide & Human Rights Studies Minor",,,Checksheet,,,,
JUS 316,JUS,316,Crime Analysis and GIS Certificate,,,Checksheet,,,,
JUS 316,JUS,316,SOC 316,SOC,316,CrossList,,,,
JUS 319,JUS,319,American Studies Minor,,,Checksheet,,,,
JUS 319,JUS,319,POS 319,POS,319,CrossList,,,,
JUS 341,JUS,341,Forensic Science Certificate,,,Checksheet,,,,
JUS 341,JUS,341,Fraud Examination Certificate (Business Administration),,,Checksheet,,,,
JUS 341,JUS,341,Fraud Examination Certificate (Justice Studies),,,Checksheet,,,,
JUS 341,JUS,341,Fraud Examination Minor,,,Checksheet,,,,
JUS 352,JUS,352,American Studies Minor,,,Checksheet,,,,
JUS 352,JUS,352,Crime Analysis and GIS Certificate,,,Checksheet,,,,
JUS 361,JUS,361,Mediation Certificate,,,Checksheet,,,,
JUS 362,JUS,362,Paralegal Studies Certificate,,,Checksheet,,,,
JUS 363,JUS,363,Advanced Criminal Justice Management Certificate,,,Checksheet,,,,
JUS 363,JUS,363,"Justice Studies, AS",,,Checksheet,,,,
JUS 363,JUS,363,"Justice Studies, BS",,,Checksheet,,,,
JUS 363,JUS,363,"Justice Studies, PBS",,,Checksheet,,,,
JUS 363,JUS,363,JUS 488W,JUS,488W,Prereq,,,,
JUS 364,JUS,364,Behavioral Science Minor,,,Checksheet,,,,
JUS 364,JUS,364,"Grief, Loss & Trauma Minor",,,Checksheet,,,,
JUS 364,JUS,364,"Holocaust, Genocide & Human Rights Studies Minor",,,Checksheet,,,,
JUS 364,JUS,364,Mental Health Electives,,,Checksheet,,,,
JUS 364,JUS,364,HUS 364,HUS,364,CrossList,,,,
JUS 364,JUS,364,SSC 364,SSC,364,CrossList,,,,
JUS 376,JUS,376,HUS 376,HUS,376,CrossList,,,,
JUS 390,JUS,390,Advocacy Minor,,,Checksheet,,,,
JUS 391,JUS,391,Mediation Certificate,,,Checksheet,,,,
JUS 391,JUS,391,JUS 361,JUS,361,Coreq,,,,
JUS 392,JUS,392,"Justice Studies, AS",,,Checksheet,,,,
JUS 402,JUS,402,Corrections Certificate,,,Checksheet,,,,
JUS 402,JUS,402,"Holocaust, Genocide & Human Rights Studies Minor",,,Checksheet,,,,
JUS 405,JUS,405,Paralegal Studies Certificate,,,Checksheet,,,,
JUS 410,JUS,410,Behavioral Science Minor,,,Checksheet,,,,
JUS 410,JUS,410,PSY 410,PSY,410,CrossList,,,,
JUS 417,JUS,417,Paralegal Studies Certificate,,,Checksheet,,,,
JUS 432,JUS,432,ISS 432,ISS,432,CrossList,,,,
JUS 450,JUS,450,Advocacy Minor,,,Checksheet,,,,
JUS 450,JUS,450,Behavioral Science Minor,,,Checksheet,,,,
JUS 450,JUS,450,Communications Minor,,,Checksheet,,,,
JUS 450,JUS,450,"Holocaust, Genocide & Human Rights Studies Minor",,,Checksheet,,,,
JUS 450,JUS,450,Mental Health Electives,,,Checksheet,,,,
JUS 450,JUS,450,SSC 450,SSC,450,CrossList,,,,
JUS 471,JUS,471,"Justice Studies, PBS",,,Checksheet,,,,
JUS 488W,JUS,488W,"Justice Studies, BS",,,Checksheet,,,,
JUS 488W,JUS,488W,"Justice Studies, PBS",,,Checksheet,,,,
JUS 488W,JUS,488W,Writing Intensive,,,GenEd,,,,
MAT 009,MAT,9,ARC 101,ARC,101,Prereq,,,,
MAT 009,MAT,9,BIO 100,BIO,100,Prereq,,,,
MAT 009,MAT,9,BIO 104,BIO,104,Prereq,,,,
MAT 009,MAT,9,BIO 110,BIO,110,Prereq,,,,
MAT 009,MAT,9,BIO 289,BIO,289,Prereq,,,,
MAT 009,MAT,9,CHY 108,CHY,108,Prereq,,,,
MAT 009,MAT,9,ECO 100,ECO,100,Prereq,,,,
MAT 009,MAT,9,GEY 101,GEY,101,Prereq,,,,
MAT 009,MAT,9,MAT 015,,,Prereq,,,,
MAT 009,MAT,9,MAT 030,,,Prereq,,,,
MAT 009,MAT,9,SCI 115,SCI,115,Prereq,,,,
MAT 015,MAT,15,MAT 115,MAT,115,Prereq,,,,
MAT 030,MAT,30,"Aviation-Flight Instructor Concentration, BS",,,Checksheet,,,,
MAT 030,MAT,30,BUA 101,BUA,101,Prereq,,,,
MAT 030,MAT,30,BUA 205,BUA,205,Prereq,,,,
MAT 030,MAT,30,BUA 210,BUA,210,Prereq,,,,
MAT 030,MAT,30,BUA 222,BUA,222,Prereq,,,,
MAT 030,MAT,30,CHY 103,CHY,103,Prereq,,,,
MAT 030,MAT,30,CHY 115,CHY,115,Prereq,,,,
MAT 030,MAT,30,MAT 100,MAT,100,Prereq,,,,
MAT 030,MAT,30,MAT 111,MAT,111,Prereq,,,,
MAT 030,MAT,30,MAT 115,MAT,115,Prereq,,,,
MAT 030,MAT,30,MAT 116,MAT,116,Prereq,,,,
MAT 030,MAT,30,MAT 130,MAT,130,Prereq,,,,
MAT 030,MAT,30,MEP 100,MEP,100,Prereq,,,,
MAT 100,MAT,100,"English, BA",,,Checksheet,,,,
MAT 100,MAT,100,"Liberal Studies, AA",,,Checksheet,,,,
MAT 100,MAT,100,Social Media Certificate,,,Checksheet,,,,
MAT 100,MAT,100,Quantitative Literacy,,,GenEd,,,,
MAT 100,MAT,100,JUS 230,JUS,230,Prereq,,,,
MAT 100,MAT,100,MAT 115,MAT,115,Prereq,,,,
MAT 100,MAT,100,SSC 320,SSC,320,Prereq,,,,
MAT 111,MAT,111,"Aviation - Aviation Maintenance Concentration, Bachelor of Science",,,Checksheet,,,,
MAT 111,MAT,111,"Aviation-Flight Instructor Concentration, BS",,,Checksheet,,,,
MAT 111,MAT,111,"Aviation-Uncrewed Aircraft Systems Concentration, BS",,,Checksheet,,,,
MAT 111,MAT,111,"Dental Hygiene, AS",,,Checksheet,,,,
MAT 111,MAT,111,"Dental Hygiene, BS",,,Checksheet,,,,
MAT 111,MAT,111,"Dental Hygiene, BS (Pending Accreditation)",,,Checksheet,,,,
MAT 111,MAT,111,Secondary Education/Mathematics Content Certificate,,,Checksheet,,,,
MAT 111,MAT,111,"Veterinary Technology, AS",,,Checksheet,,,,
MAT 111,MAT,111,"Veterinary Technology, BS",,,Checksheet,,,,
MAT 111,MAT,111,Quantitative Literacy,,,GenEd,,,,
MAT 111,MAT,111,AVT 140,AVT,140,Prereq,,,,
MAT 111,MAT,111,BUA 351,BUA,351,Prereq,,,,
MAT 111,MAT,111,MAT 112,MAT,112,Prereq,,,,
MAT 111,MAT,111,MAT 113,MAT,113,Prereq,,,,
MAT 111,MAT,111,PHY 115,PHY,115,Prereq,,,,
MAT 111,MAT,111,PHY 116,PHY,116,Prereq,,,,
MAT 111,MAT,111,VTE 200,VTE,200,Prereq,,,,
MAT 111,MAT,111,VTE 210,VTE,210,Prereq,,,,
MAT 111,MAT,111,VTE 223,VTE,223,Prereq,,,,
MAT 111,MAT,111,VTE 224,VTE,224,Prereq,,,,
MAT 111,MAT,111,VTE 316,VTE,316,Prereq,,,,
MAT 111,MAT,111,VTE 319,VTE,319,Prereq,,,,
MAT 112,MAT,112,"Architecture, B.Arch",,,Checksheet,,,,
MAT 112,MAT,112,"Aviation - Aviation Maintenance Concentration, Bachelor of Science",,,Checksheet,,,,
MAT 112,MAT,112,"Aviation-Flight Instructor Concentration, BS",,,Checksheet,,,,
MAT 112,MAT,112,"Aviation-Uncrewed Aircraft Systems Concentration, BS",,,Checksheet,,,,
MAT 112,MAT,112,"Computer Information Systems, AS",,,Checksheet,,,,
MAT 112,MAT,112,"Computer Information Systems, BS",,,Checksheet,,,,
MAT 112,MAT,112,Mathematics Minor,,,Checksheet,,,,
MAT 112,MAT,112,Secondary Education/Mathematics Content Certificate,,,Checksheet,,,,
MAT 112,MAT,112,Quantitative Literacy,,,GenEd,,,,
MAT 112,MAT,112,ARC 221,ARC,221,Prereq,,,,
MAT 112,MAT,112,AVI 115,AVI,115,Prereq,,,,
MAT 112,MAT,112,AVI 450,AVI,450,Prereq,,,,
MAT 112,MAT,112,AVT 140,AVT,140,Prereq,,,,
MAT 112,MAT,112,CIS 350,CIS,350,Prereq,,,,
MAT 112,MAT,112,MAT 124,MAT,124,Prereq,,,,
MAT 112,MAT,112,MAT 261,MAT,261,Prereq,,,,
MAT 112,MAT,112,MAT 280,MAT,280,Prereq,,,,
MAT 113,MAT,113,"Accounting, BSBA",,,Checksheet,,,,
MAT 113,MAT,113,"Business Administration, AS",,,Checksheet,,,,
MAT 113,MAT,113,"Management, BSBA",,,Checksheet,,,,
MAT 113,MAT,113,Quantitative Literacy,,,GenEd,,,,
MAT 113,MAT,113,BUA 355,BUA,355,Prereq,,,,
MAT 113,MAT,113,BUA 360,BUA,360,Prereq,,,,
MAT 113,MAT,113,MAT 114,MAT,114,Prereq,,,,
MAT 113,MAT,113,MAT 355,MAT,355,Prereq,,,,
MAT 113,MAT,113,MAT 360,MAT,360,Prereq,,,,
MAT 114,MAT,114,"Accounting, BSBA",,,Checksheet,,,,
MAT 114,MAT,114,"Business Administration, AS",,,Checksheet,,,,
MAT 114,MAT,114,"Management, BSBA",,,Checksheet,,,,
MAT 114,MAT,114,Quantitative Literacy,,,GenEd,,,,
MAT 115,MAT,115,"Accounting, BSBA",,,Checksheet,,,,
MAT 115,MAT,115,Applied Bachelor of Science in Public Administration (90-credit program),,,Checksheet,,,,
MAT 115,MAT,115,"Aviation - Aviation Maintenance Concentration, Bachelor of Science",,,Checksheet,,,,
MAT 115,MAT,115,"Aviation-Flight Instructor Concentration, BS",,,Checksheet,,,,
MAT 115,MAT,115,"Aviation-Uncrewed Aircraft Systems Concentration, BS",,,Checksheet,,,,
MAT 115,MAT,115,"Biology MLT 2+2, BA",,,Checksheet,,,,
MAT 115,MAT,115,"Biology, BA",,,Checksheet,,,,
MAT 115,MAT,115,"Biology, BA (Pre-Med Track)",,,Checksheet,,,,
MAT 115,MAT,115,"Business Administration, AS",,,Checksheet,,,,
MAT 115,MAT,115,"Computer Information Systems, AS",,,Checksheet,,,,
MAT 115,MAT,115,"Computer Information Systems, BS",,,Checksheet,,,,
MAT 115,MAT,115,"Data Science, BS",,,Checksheet,,,,
MAT 115,MAT,115,"Data Science, Minor",,,Checksheet,,,,
MAT 115,MAT,115,"Data Science, PBS",,,Checksheet,,,,
MAT 115,MAT,115,"Dental Hygiene, AS",,,Checksheet,,,,
MAT 115,MAT,115,"Dental Hygiene, BS",,,Checksheet,,,,
MAT 115,MAT,115,"Dental Hygiene, BS (Pending Accreditation)",,,Checksheet,,,,
MAT 115,MAT,115,Health Informatics Certificate,,,Checksheet,,,,
MAT 115,MAT,115,"Machine Learning, Minor",,,Checksheet,,,,
MAT 115,MAT,115,"Management, BSBA",,,Checksheet,,,,
MAT 115,MAT,115,"Medical Laboratory Science, BS",,,Checksheet,,,,
MAT 115,MAT,115,"Medical Laboratory Technology, AS",,,Checksheet,,,,
MAT 115,MAT,115,"Nursing (4-Year), BSN",,,Checksheet,,,,
MAT 115,MAT,115,"Nursing (RN-BSN Completion), BSN",,,Checksheet,,,,
MAT 115,MAT,115,"Psychology, AA",,,Checksheet,,,,
MAT 115,MAT,115,"Public Administration 2+2, BS",,,Checksheet,,,,
MAT 115,MAT,115,"Public Administration, AS",,,Checksheet,,,,
MAT 115,MAT,115,"Public Administration, BS",,,Checksheet,,,,
MAT 115,MAT,115,Secondary Education/Mathematics Content Certificate,,,Checksheet,,,,
MAT 115,MAT,115,"Social Science, AA",,,Checksheet,,,,
MAT 115,MAT,115,"Social Science, BA",,,Checksheet,,,,
MAT 115,MAT,115,NUR 352,NUR,352,Coreq,,,,
MAT 115,MAT,115,Quantitative Literacy,,,GenEd,,,,
MAT 115,MAT,115,ART 450,ART,450,Prereq,,,,
MAT 115,MAT,115,BUA 300,BUA,300,Prereq,,,,
MAT 115,MAT,115,BUA 350,BUA,350,Prereq,,,,
MAT 115,MAT,115,BUA 450,BUA,450,Prereq,,,,
MAT 115,MAT,115,CIS 325,CIS,325,Prereq,,,,
MAT 115,MAT,115,CIS 370,CIS,370,Prereq,,,,
MAT 115,MAT,115,CIS 450,CIS,450,Prereq,,,,
MAT 115,MAT,115,DEH 351,DEH,351,Prereq,,,,
MAT 115,MAT,115,DSC 325,DSC,325,Prereq,,,,
MAT 115,MAT,115,DSC 370,DSC,370,Prereq,,,,
MAT 115,MAT,115,DSC 450,DSC,450,Prereq,,,,
MAT 115,MAT,115,MAT 370,MAT,370,Prereq,,,,
MAT 115,MAT,115,MAT 450,MAT,450,Prereq,,,,
MAT 115,MAT,115,NUR 352,NUR,352,Prereq,,,,
MAT 115,MAT,115,POS 487,POS,487,Prereq,,,,
MAT 116,MAT,116,Secondary Education/Mathematics Content Certificate,,,Checksheet,,,,
MAT 116,MAT,116,Quantitative Literacy,,,GenEd,,,,
MAT 124,MAT,124,"Architecture, B.Arch",,,Checksheet,,,,
MAT 124,MAT,124,"Aviation - Aviation Maintenance Concentration, Bachelor of Science",,,Checksheet,,,,
MAT 124,MAT,124,"Aviation-Flight Instructor Concentration, BS",,,Checksheet,,,,
MAT 124,MAT,124,"Aviation-Uncrewed Aircraft Systems Concentration, BS",,,Checksheet,,,,
MAT 124,MAT,124,"Biology MLT 2+2, BA",,,Checksheet,,,,
MAT 124,MAT,124,"Biology, BA",,,Checksheet,,,,
MAT 124,MAT,124,"Biology, BA (Pre-Med Track)",,,Checksheet,,,,
MAT 124,MAT,124,"Computer Information Systems, AS",,,Checksheet,,,,
MAT 124,MAT,124,"Computer Information Systems, BS",,,Checksheet,,,,
MAT 124,MAT,124,Mathematics Minor,,,Checksheet,,,,
MAT 124,MAT,124,Secondary Education/Mathematics Content Certificate,,,Checksheet,,,,
MAT 124,MAT,124,Quantitative Literacy,,,GenEd,,,,
MAT 124,MAT,124,MAT 125,MAT,125,Prereq,,,,
MAT 125,MAT,125,"Architecture, B.Arch",,,Checksheet,,,,
MAT 125,MAT,125,"Aviation - Aviation Maintenance Concentration, Bachelor of Science",,,Checksheet,,,,
MAT 125,MAT,125,"Aviation-Flight Instructor Concentration, BS",,,Checksheet,,,,
MAT 125,MAT,125,"Aviation-Uncrewed Aircraft Systems Concentration, BS",,,Checksheet,,,,
MAT 125,MAT,125,"Computer Information Systems, AS",,,Checksheet,,,,
MAT 125,MAT,125,"Computer Information Systems, BS",,,Checksheet,,,,
MAT 125,MAT,125,"Data Science, BS",,,Checksheet,,,,
MAT 125,MAT,125,"Data Science, PBS",,,Checksheet,,,,
MAT 125,MAT,125,Mathematics Minor,,,Checksheet,,,,
MAT 125,MAT,125,Secondary Education/Mathematics Content Certificate,,,Checksheet,,,,
MAT 125,MAT,125,Quantitative Literacy,,,GenEd,,,,
MAT 125,MAT,125,MAT 126,MAT,126,Prereq,,,,
MAT 125,MAT,125,MAT 262,MAT,262,Prereq,,,,
MAT 126,MAT,126,"Aviation - Aviation Maintenance Concentration, Bachelor of Science",,,Checksheet,,,,
MAT 126,MAT,126,"Aviation-Flight Instructor Concentration, BS",,,Checksheet,,,,
MAT 126,MAT,126,"Aviation-Uncrewed Aircraft Systems Concentration, BS",,,Checksheet,,,,
MAT 126,MAT,126,"Computer Information Systems, AS",,,Checksheet,,,,
MAT 126,MAT,126,"Computer Information Systems, BS",,,Checksheet,,,,
MAT 126,MAT,126,Quantitative Literacy,,,GenEd,,,,
MAT 130,MAT,130,"Elementary Education, BS",,,Checksheet,,,,
MAT 130,MAT,130,Quantitative Literacy,,,GenEd,,,,
MAT 130,MAT,130,MAT 131,MAT,131,Prereq,,,,
MAT 131,MAT,131,"Elementary Education, BS",,,Checksheet,,,,
MAT 131,MAT,131,Quantitative Literacy,,,GenEd,,,,
MAT 158,MAT,158,Quantitative Literacy,,,GenEd,,,,
MAT 261,MAT,261,"Data Science, BS",,,Checksheet,,,,
MAT 261,MAT,261,"Data Science, PBS",,,Checksheet,,,,
MAT 261,MAT,261,Secondary Education/Mathematics Content Certificate,,,Checksheet,,,,
MAT 280,MAT,280,"Data Science, BS",,,Checksheet,,,,
MAT 280,MAT,280,"Data Science, PBS",,,Checksheet,,,,
MAT 280,MAT,280,Secondary Education/Mathematics Content Certificate,,,Checksheet,,,,
MAT 355,MAT,355,BUA 355,BUA,355,CrossList,,,,
MAT 360,MAT,360,BUA 360,BUA,360,CrossList,,,,
MAT 370,MAT,370,"Data Science, BS",,,Checksheet,,,,
MAT 370,MAT,370,"Data Science, Minor",,,Checksheet,,,,
MAT 370,MAT,370,"Data Science, PBS",,,Checksheet,,,,
MAT 370,MAT,370,CIS 370,CIS,370,CrossList,,,,
MAT 370,MAT,370,DSC 370,DSC,370,CrossList,,,,
MAT 449,MAT,449,"Computer Information Systems, BS",,,Checksheet,,,,
MAT 449,MAT,449,"Computer Information Systems, PBS",,,Checksheet,,,,
MAT 449,MAT,449,Data Science Certificate,,,Checksheet,,,,
MAT 449,MAT,449,"Data Science, BS",,,Checksheet,,,,
MAT 449,MAT,449,"Data Science, Minor",,,Checksheet,,,,
MAT 449,MAT,449,"Data Science, PBS",,,Checksheet,,,,
MAT 449,MAT,449,CIS 449,CIS,449,CrossList,,,,
MAT 449,MAT,449,DSC 449,DSC,449,CrossList,,,,
MAT 449,MAT,449,CIS 325,CIS,325,Prereq,,,,
MAT 449,MAT,449,DSC 325,DSC,325,Prereq,,,,
MAT 450,MAT,450,"Business Administration, PBS",,,Checksheet,,,,
MAT 450,MAT,450,"Data Science, BS",,,Checksheet,,,,
MAT 450,MAT,450,"Data Science, Minor",,,Checksheet,,,,
MAT 450,MAT,450,"Data Science, PBS",,,Checksheet,,,,
MAT 450,MAT,450,"Management, BSBA",,,Checksheet,,,,
MAT 450,MAT,450,BUA 450,BUA,450,CrossList,,,,
MAT 450,MAT,450,CIS 450,CIS,450,CrossList,,,,
MAT 450,MAT,450,DSC 450,DSC,450,CrossList,,,,
MLS 300,MLS,300,"Medical Laboratory Science, BS",,,Checksheet,,,,
MLS 300,MLS,300,Critical Thinking,,,GenEd,,,,
MLS 305,MLS,305,"Medical Laboratory Science, BS",,,Checksheet,,,,
MLS 310,MLS,310,"Medical Laboratory Science, BS",,,Checksheet,,,,
MLS 315,MLS,315,"Medical Laboratory Science, BS",,,Checksheet,,,,
MLS 320,MLS,320,"Medical Laboratory Science, BS",,,Checksheet,,,,
MLS 325,MLS,325,"Medical Laboratory Science, BS",,,Checksheet,,,,
MLS 330,MLS,330,"Medical Laboratory Science, BS",,,Checksheet,,,,
MLS 335,MLS,335,"Medical Laboratory Science, BS",,,Checksheet,,,,
MLS 340,MLS,340,"Medical Laboratory Science, BS",,,Checksheet,,,,
MLS 410,MLS,410,"Medical Laboratory Science, BS",,,Checksheet,,,,
MLS 415,MLS,415,"Medical Laboratory Science, BS",,,Checksheet,,,,
MLS 420,MLS,420,"Medical Laboratory Science, BS",,,Checksheet,,,,
MLS 425,MLS,425,"Medical Laboratory Science, BS",,,Checksheet,,,,
MLS 430W,MLS,430W,"Medical Laboratory Science, BS",,,Checksheet,,,,
MLS 430W,MLS,430W,Writing Intensive,,,GenEd,,,,
MLT 100,MLT,100,"Biology MLT 2+2, BA",,,Checksheet,,,,
MLT 100,MLT,100,"Medical Laboratory Technology, AS",,,Checksheet,,,,
MLT 100,MLT,100,MLT 202,MLT,202,Prereq,,,,
MLT 100,MLT,100,MLT 203,MLT,203,Prereq,,,,
MLT 100,MLT,100,MLT 385,MLT,385,Prereq,,,,
MLT 100,MLT,100,MLT 395,MLT,395,Prereq,,,,
MLT 103,MLT,103,"Biology MLT 2+2, BA",,,Checksheet,,,,
MLT 103,MLT,103,"Medical Laboratory Technology, AS",,,Checksheet,,,,
MLT 103,MLT,103,MLT 104,MLT,104,Prereq,,,,
MLT 103,MLT,103,MLT 395,MLT,395,Prereq,,,,
MLT 104,MLT,104,"Biology MLT 2+2, BA",,,Checksheet,,,,
MLT 104,MLT,104,"Medical Laboratory Technology, AS",,,Checksheet,,,,
MLT 104,MLT,104,MLT 395,MLT,395,Prereq,,,,
MLT 105,MLT,105,"Biology MLT 2+2, BA",,,Checksheet,,,,
MLT 105,MLT,105,"Medical Laboratory Technology, AS",,,Checksheet,,,,
MLT 105,MLT,105,MLT 395,MLT,395,Prereq,,,,
MLT 200,MLT,200,"Biology MLT 2+2, BA",,,Checksheet,,,,
MLT 200,MLT,200,"Medical Laboratory Technology, AS",,,Checksheet,,,,
MLT 200,MLT,200,MLT 205,MLT,205,Prereq,,,,
MLT 200,MLT,200,MLT 206,MLT,206,Prereq,,,,
MLT 200,MLT,200,MLT 395,MLT,395,Prereq,,,,
MLT 202,MLT,202,"Biology MLT 2+2, BA",,,Checksheet,,,,
MLT 202,MLT,202,"Medical Laboratory Technology, AS",,,Checksheet,,,,
MLT 202,MLT,202,MLT 204,MLT,204,Prereq,,,,
MLT 202,MLT,202,MLT 365,MLT,365,Prereq,,,,
MLT 203,MLT,203,"Biology MLT 2+2, BA",,,Checksheet,,,,
MLT 203,MLT,203,"Medical Laboratory Technology, AS",,,Checksheet,,,,
MLT 203,MLT,203,MLT 200,MLT,200,Prereq,,,,
MLT 203,MLT,203,MLT 395,MLT,395,Prereq,,,,
MLT 204,MLT,204,"Biology MLT 2+2, BA",,,Checksheet,,,,
MLT 204,MLT,204,"Medical Laboratory Technology, AS",,,Checksheet,,,,
MLT 204,MLT,204,MLT 365,MLT,365,Prereq,,,,
MLT 204,MLT,204,MLT 395,MLT,395,Prereq,,,,
MLT 205,MLT,205,"Biology MLT 2+2, BA",,,Checksheet,,,,
MLT 205,MLT,205,"Medical Laboratory Technology, AS",,,Checksheet,,,,
MLT 205,MLT,205,MLT 375,MLT,375,Prereq,,,,
MLT 205,MLT,205,MLT 395,MLT,395,Prereq,,,,
MLT 206,MLT,206,"Biology MLT 2+2, BA",,,Checksheet,,,,
MLT 206,MLT,206,"Medical Laboratory Technology, AS",,,Checksheet,,,,
MLT 206,MLT,206,MLT 385,MLT,385,Prereq,,,,
MLT 206,MLT,206,MLT 395,MLT,395,Prereq,,,,
MLT 365,MLT,365,"Biology MLT 2+2, BA",,,Checksheet,,,,
MLT 365,MLT,365,"Medical Laboratory Technology, AS",,,Checksheet,,,,
MLT 365,MLT,365,MLT 395,MLT,395,Prereq,,,,
MLT 375,MLT,375,"Biology MLT 2+2, BA",,,Checksheet,,,,
MLT 375,MLT,375,"Medical Laboratory Technology, AS",,,Checksheet,,,,
MLT 375,MLT,375,MLT 395,MLT,395,Prereq,,,,
MLT 385,MLT,385,"Biology MLT 2+2, BA",,,Checksheet,,,,
MLT 385,MLT,385,"Medical Laboratory Technology, AS",,,Checksheet,,,,
MLT 385,MLT,385,MLT 395,MLT,395,Prereq,,,,
MLT 395,MLT,395,"Biology MLT 2+2, BA",,,Checksheet,,,,
MLT 395,MLT,395,"Medical Laboratory Technology, AS",,,Checksheet,,,,
MTK 330,MTK,330,MTK 400,MTK,400,Prereq,,,,
MUH 103,MUH,103,American Studies Minor,,,Checksheet,,,,
MUH 103,MUH,103,Fine Arts,,,GenEd,,,,
MUH 103,MUH,103,Humanities,,,GenEd,,,,
MUH 105,MUH,105,AME 105,AME,105,CrossList,,,,
MUH 105,MUH,105,Cultural Perspectives,,,GenEd,,,,
MUH 105,MUH,105,Fine Arts,,,GenEd,,,,
MUH 105,MUH,105,Humanities,,,GenEd,,,,
MUH 110,MUH,110,"Architecture, B.Arch",,,Checksheet,,,,
MUH 110,MUH,110,Cultural Perspectives,,,GenEd,,,,
MUH 110,MUH,110,Fine Arts,,,GenEd,,,,
MUH 110,MUH,110,Humanities,,,GenEd,,,,
MUH 117,MUH,117,American Studies Minor,,,Checksheet,,,,
MUH 117,MUH,117,Fine Arts,,,GenEd,,,,
MUH 117,MUH,117,Humanities,,,GenEd,,,,
MUH 118,MUH,118,Fine Arts,,,GenEd,,,,
MUH 118,MUH,118,Humanities,,,GenEd,,,,
MUH 123,MUH,123,Fine Arts,,,GenEd,,,,
MUH 123,MUH,123,Humanities,,,GenEd,,,,
MUH 124,MUH,124,Fine Arts,,,GenEd,,,,
MUH 124,MUH,124,Humanities,,,GenEd,,,,
MUH 160,MUH,160,Fine Arts,,,GenEd,,,,
MUH 160,MUH,160,Humanities,,,GenEd,,,,
MUH 190,MUH,190,"Optional Women's, Gender, and Sexuality Studies Concentration",,,Checksheet,,,,
MUH 190,MUH,190,"Women's, Gender, & Sexuality Studies, Minor",,,Checksheet,,,,
MUH 190,MUH,190,WGS 190,WGS,190,CrossList,,,,
MUH 190,MUH,190,Cultural Perspectives,,,GenEd,,,,
MUH 190,MUH,190,Fine Arts,,,GenEd,,,,
MUH 190,MUH,190,Humanities,,,GenEd,,,,
MUH 302,MUH,302,WGS 302,WGS,302,CrossList,,,,
MUH 302,MUH,302,Cultural Perspectives,,,GenEd,,,,
MUH 302,MUH,302,Humanities,,,GenEd,,,,
MUH 303,MUH,303,American Studies Minor,,,Checksheet,,,,
MUH 303,MUH,303,"Women's, Gender, & Sexuality Studies, Minor",,,Checksheet,,,,
MUH 303,MUH,303,AME 303,AME,303,CrossList,,,,
MUH 303,MUH,303,ENG 303,ENG,303,CrossList,,,,
MUH 303,MUH,303,WGS 303,WGS,303,CrossList,,,,
MUH 303,MUH,303,Cultural Perspectives,,,GenEd,,,,
MUH 303,MUH,303,Humanities,,,GenEd,,,,
MUH 333,MUH,333,"Contemporary & Popular Music, BM",,,Checksheet,,,,
MUH 333,MUH,333,Humanities,,,GenEd,,,,
MUH 333,MUH,333,MUS 435W,MUS,435W,Prereq,,,,
MUH 334,MUH,334,American Studies Minor,,,Checksheet,,,,
MUH 334,MUH,334,Humanities,,,GenEd,,,,
MUS 100,MUS,100,"Contemporary & Popular Music, AS",,,Checksheet,,,,
MUS 100,MUS,100,"Contemporary & Popular Music, BM",,,Checksheet,,,,
MUS 100,MUS,100,Fine Arts,,,GenEd,,,,
MUS 100,MUS,100,MUS 310,MUS,310,Prereq,,,,
MUS 101,MUS,101,"Contemporary & Popular Music, AS",,,Checksheet,,,,
MUS 101,MUS,101,"Contemporary & Popular Music, BM",,,Checksheet,,,,
MUS 101,MUS,101,Music Technology Certificate,,,Checksheet,,,,
MUS 101,MUS,101,"Music Technology, BA",,,Checksheet,,,,
MUS 101,MUS,101,Fine Arts,,,GenEd,,,,
MUS 101,MUS,101,MUS 102,MUS,102,Prereq,,,,
MUS 101,MUS,101,MUS 271,MUS,271,Prereq,,,,
MUS 102,MUS,102,"Contemporary & Popular Music, AS",,,Checksheet,,,,
MUS 102,MUS,102,"Contemporary & Popular Music, BM",,,Checksheet,,,,
MUS 102,MUS,102,"Music Technology, BA",,,Checksheet,,,,
MUS 102,MUS,102,Fine Arts,,,GenEd,,,,
MUS 102,MUS,102,MUS 203,MUS,203,Prereq,,,,
MUS 102,MUS,102,MUS 221,MUS,221,Prereq,,,,
MUS 103,MUS,103,Music Technology Certificate,,,Checksheet,,,,
MUS 103,MUS,103,"Music Technology, BA",,,Checksheet,,,,
MUS 103,MUS,103,Fine Arts,,,GenEd,,,,
MUS 104,MUS,104,Music Technology Certificate,,,Checksheet,,,,
MUS 104,MUS,104,"Music Technology, BA",,,Checksheet,,,,
MUS 104,MUS,104,Fine Arts,,,GenEd,,,,
MUS 107,MUS,107,Fine Arts,,,GenEd,,,,
MUS 111,MUS,111,"Contemporary & Popular Music, AS",,,Checksheet,,,,
MUS 111,MUS,111,"Contemporary & Popular Music, BM",,,Checksheet,,,,
MUS 111,MUS,111,"Music Technology, BA",,,Checksheet,,,,
MUS 111,MUS,111,Fine Arts,,,GenEd,,,,
MUS 111,MUS,111,MUS 112,MUS,112,Prereq,,,,
MUS 112,MUS,112,"Contemporary & Popular Music, AS",,,Checksheet,,,,
MUS 112,MUS,112,"Contemporary & Popular Music, BM",,,Checksheet,,,,
MUS 112,MUS,112,"Music Technology, BA",,,Checksheet,,,,
MUS 112,MUS,112,Fine Arts,,,GenEd,,,,
MUS 112,MUS,112,MUS 213,MUS,213,Prereq,,,,
MUS 115,MUS,115,Fine Arts,,,GenEd,,,,
MUS 115,MUS,115,MUS 316,MUS,316,Prereq,,,,
MUS 115,MUS,115,MUS 402,MUS,402,Prereq,,,,
MUS 120,MUS,120,Music Technology Certificate,,,Checksheet,,,,
MUS 120,MUS,120,Music Technology Minor,,,Checksheet,,,,
MUS 120,MUS,120,"Music Technology, BA",,,Checksheet,,,,
MUS 120,MUS,120,MUS 103,MUS,103,Coreq,,,,
MUS 120,MUS,120,Fine Arts,,,GenEd,,,,
MUS 120,MUS,120,MUS 121,MUS,121,Prereq,,,,
MUS 120,MUS,120,MUS 310,MUS,310,Prereq,,,,
MUS 121,MUS,121,Music Technology Certificate,,,Checksheet,,,,
MUS 121,MUS,121,Music Technology Minor,,,Checksheet,,,,
MUS 121,MUS,121,"Music Technology, BA",,,Checksheet,,,,
MUS 121,MUS,121,Fine Arts,,,GenEd,,,,
MUS 121,MUS,121,MTK 200,MTK,200,Prereq,,,,
MUS 121,MUS,121,MTK 420,MTK,420,Prereq,,,,
MUS 122,MUS,122,"Contemporary & Popular Music, AS",,,Checksheet,,,,
MUS 122,MUS,122,"Contemporary & Popular Music, BM",,,Checksheet,,,,
MUS 122,MUS,122,Music Technology Certificate,,,Checksheet,,,,
MUS 122,MUS,122,"Music Technology, BA",,,Checksheet,,,,
MUS 122,MUS,122,Fine Arts,,,GenEd,,,,
MUS 141,MUS,141,"Contemporary & Popular Music, AS",,,Checksheet,,,,
MUS 141,MUS,141,"Contemporary & Popular Music, BM",,,Checksheet,,,,
MUS 141,MUS,141,Music Technology Certificate,,,Checksheet,,,,
MUS 141,MUS,141,"Music Technology, BA",,,Checksheet,,,,
MUS 141,MUS,141,Fine Arts,,,GenEd,,,,
MUS 141,MUS,141,MUS 316,MUS,316,Prereq,,,,
MUS 141,MUS,141,MUS 345,MUS,345,Prereq,,,,
MUS 141,MUS,141,MUS 402,MUS,402,Prereq,,,,
MUS 151,MUS,151,"Contemporary & Popular Music, AS",,,Checksheet,,,,
MUS 151,MUS,151,"Contemporary & Popular Music, BM",,,Checksheet,,,,
MUS 151,MUS,151,Fine Arts,,,GenEd,,,,
MUS 151,MUS,151,MUS 355,MUS,355,Prereq,,,,
MUS 171,MUS,171,"Contemporary & Popular Music, AS",,,Checksheet,,,,
MUS 171,MUS,171,"Contemporary & Popular Music, BM",,,Checksheet,,,,
MUS 171,MUS,171,Music Technology Certificate,,,Checksheet,,,,
MUS 171,MUS,171,"Music Technology, BA",,,Checksheet,,,,
MUS 171,MUS,171,Fine Arts,,,GenEd,,,,
MUS 181,MUS,181,"Contemporary & Popular Music, AS",,,Checksheet,,,,
MUS 181,MUS,181,"Contemporary & Popular Music, BM",,,Checksheet,,,,
MUS 181,MUS,181,"Music Technology, BA",,,Checksheet,,,,
MUS 181,MUS,181,Fine Arts,,,GenEd,,,,
MUS 182,MUS,182,"Contemporary & Popular Music, AS",,,Checksheet,,,,
MUS 182,MUS,182,"Contemporary & Popular Music, BM",,,Checksheet,,,,
MUS 182,MUS,182,"Music Technology, BA",,,Checksheet,,,,
MUS 182,MUS,182,Fine Arts,,,GenEd,,,,
MUS 202,MUS,202,"Music Technology, BA",,,Checksheet,,,,
MUS 203,MUS,203,"Contemporary & Popular Music, BM",,,Checksheet,,,,
MUS 203,MUS,203,MUS 204,MUS,204,Prereq,,,,
MUS 204,MUS,204,"Contemporary & Popular Music, BM",,,Checksheet,,,,
MUS 210,MUS,210,Music Technology Certificate,,,Checksheet,,,,
MUS 210,MUS,210,"Music Technology, BA",,,Checksheet,,,,
MUS 210,MUS,210,MUS 211,MUS,211,Prereq,,,,
MUS 211,MUS,211,Music Technology Certificate,,,Checksheet,,,,
MUS 211,MUS,211,"Music Technology, BA",,,Checksheet,,,,
MUS 213,MUS,213,"Contemporary & Popular Music, BM",,,Checksheet,,,,
MUS 213,MUS,213,MUS 214,MUS,214,Prereq,,,,
MUS 214,MUS,214,"Contemporary & Popular Music, BM",,,Checksheet,,,,
MUS 221,MUS,221,"Contemporary & Popular Music, BM",,,Checksheet,,,,
MUS 221,MUS,221,MUS 463,MUS,463,Prereq,,,,
MUS 230,MUS,230,Music Technology Certificate,,,Checksheet,,,,
MUS 230,MUS,230,"Music Technology, BA",,,Checksheet,,,,
MUS 230,MUS,230,MTK 330,MTK,330,Prereq,,,,
MUS 230,MUS,230,MUS 231,MUS,231,Prereq,,,,
MUS 231,MUS,231,Music Technology Certificate,,,Checksheet,,,,
MUS 231,MUS,231,"Music Technology, BA",,,Checksheet,,,,
MUS 231,MUS,231,MTK 330,MTK,330,Prereq,,,,
MUS 270,MUS,270,Music Business Minor,,,Checksheet,,,,
MUS 270,MUS,270,"Music Technology, BA",,,Checksheet,,,,
MUS 271,MUS,271,"Contemporary & Popular Music, AS",,,Checksheet,,,,
MUS 271,MUS,271,"Contemporary & Popular Music, BM",,,Checksheet,,,,
MUS 271,MUS,271,"Music Technology, BA",,,Checksheet,,,,
MUS 271,MUS,271,MUS 221,MUS,221,Prereq,,,,
MUS 271,MUS,271,MUS 323,MUS,323,Prereq,,,,
MUS 301,MUS,301,"Music Technology, BA",,,Checksheet,,,,
MUS 301,MUS,301,MTK 400,MTK,400,Prereq,,,,
MUS 310,MUS,310,"Music Technology, BA",,,Checksheet,,,,
MUS 310,MUS,310,MUS 301,MUS,301,Prereq,,,,
MUS 321,MUS,321,"Music Technology, BA",,,Checksheet,,,,
MUS 321,MUS,321,MTK 330,MTK,330,Prereq,,,,
MUS 323,MUS,323,"Contemporary & Popular Music, BM",,,Checksheet,,,,
MUS 323,MUS,323,Fine Arts,,,GenEd,,,,
MUS 323,MUS,323,Humanities,,,GenEd,,,,
MUS 323,MUS,323,MUS 324,MUS,324,Prereq,,,,
MUS 345,MUS,345,"Contemporary & Popular Music, BM",,,Checksheet,,,,
MUS 345,MUS,345,MUS 316,MUS,316,Prereq,,,,
MUS 345,MUS,345,MUS 346,MUS,346,Prereq,,,,
MUS 345,MUS,345,MUS 402,MUS,402,Prereq,,,,
MUS 346,MUS,346,"Contemporary & Popular Music, BM",,,Checksheet,,,,
MUS 346,MUS,346,MUS 447,MUS,447,Prereq,,,,
MUS 355,MUS,355,"Contemporary & Popular Music, BM",,,Checksheet,,,,
MUS 435W,MUS,435W,"Contemporary & Popular Music, BM",,,Checksheet,,,,
MUS 435W,MUS,435W,"Music Technology, BA",,,Checksheet,,,,
MUS 435W,MUS,435W,Critical Thinking,,,GenEd,,,,
MUS 435W,MUS,435W,Writing Intensive,,,GenEd,,,,
MUS 447,MUS,447,"Contemporary & Popular Music, BM",,,Checksheet,,,,
MUS 447,MUS,447,MUS 448,MUS,448,Prereq,,,,
MUS 448,MUS,448,"Contemporary & Popular Music, BM",,,Checksheet,,,,
MUS 463,MUS,463,"Contemporary & Popular Music, BM",,,Checksheet,,,,
NUR 220,NUR,220,"Nursing (4-Year), BSN",,,Checksheet,,,,
NUR 220,NUR,220,NUR 305,NUR,305,Coreq,,,,
NUR 220,NUR,220,NUR 303,NUR,303,Prereq,,,,
NUR 220,NUR,220,NUR 310,NUR,310,Prereq,,,,
NUR 220,NUR,220,NUR 332,NUR,332,Prereq,,,,
NUR 220,NUR,220,NUR 335,NUR,335,Prereq,,,,
NUR 220,NUR,220,NUR 355,NUR,355,Prereq,,,,
NUR 220,NUR,220,NUR 420,NUR,420,Prereq,,,,
NUR 220,NUR,220,POS 420,POS,420,Prereq,,,,
NUR 224,NUR,224,"Nursing (4-Year), BSN",,,Checksheet,,,,
NUR 224,NUR,224,NUR 305,NUR,305,Coreq,,,,
NUR 224,NUR,224,BIO 351,BIO,351,Prereq,,,,
NUR 224,NUR,224,NUR 303,NUR,303,Prereq,,,,
NUR 224,NUR,224,NUR 310,NUR,310,Prereq,,,,
NUR 224,NUR,224,NUR 332,NUR,332,Prereq,,,,
NUR 224,NUR,224,NUR 335,NUR,335,Prereq,,,,
NUR 224,NUR,224,NUR 351,NUR,351,Prereq,,,,
NUR 224,NUR,224,NUR 355,NUR,355,Prereq,,,,
NUR 224,NUR,224,NUR 420,NUR,420,Prereq,,,,
NUR 224,NUR,224,PHI 351,PHI,351,Prereq,,,,
NUR 224,NUR,224,POS 420,POS,420,Prereq,,,,
NUR 225,NUR,225,"Data Science, BS",,,Checksheet,,,,
NUR 225,NUR,225,"Data Science, PBS",,,Checksheet,,,,
NUR 225,NUR,225,Health Informatics Certificate,,,Checksheet,,,,
NUR 225,NUR,225,"Nursing (4-Year), BSN",,,Checksheet,,,,
NUR 225,NUR,225,"Nursing (RN-BSN Completion), BSN",,,Checksheet,,,,
NUR 225,NUR,225,NUR 226,NUR,226,Coreq,,,,
NUR 225,NUR,225,CIS 225,CIS,225,CrossList,,,,
NUR 225,NUR,225,DSC 225,DSC,225,CrossList,,,,
NUR 225,NUR,225,Computer Literacy,,,GenEd,,,,
NUR 225,NUR,225,NUR 310,NUR,310,Prereq,,,,
NUR 226,NUR,226,"Nursing (4-Year), BSN",,,Checksheet,,,,
NUR 226,NUR,226,NUR 220,NUR,220,Prereq,,,,
NUR 226,NUR,226,NUR 224,NUR,224,Prereq,,,,
NUR 226,NUR,226,NUR 305,NUR,305,Prereq,,,,
NUR 250,NUR,250,"Nursing (4-Year), BSN",,,Checksheet,,,,
NUR 250,NUR,250,"Nursing (RN-BSN Completion), BSN",,,Checksheet,,,,
NUR 289,NUR,289,"Nursing (4-Year), BSN",,,Checksheet,,,,
NUR 289,NUR,289,"Nursing (RN-BSN Completion), BSN",,,Checksheet,,,,
NUR 301,NUR,301,"Nursing (RN-BSN Completion), BSN",,,Checksheet,,,,
NUR 303,NUR,303,"Nursing (4-Year), BSN",,,Checksheet,,,,
NUR 303,NUR,303,NUR 310,NUR,310,Coreq,,,,
NUR 303,NUR,303,NUR 315,NUR,315,Prereq,,,,
NUR 304,NUR,304,"Nursing (RN-BSN Completion), BSN",,,Checksheet,,,,
NUR 304,NUR,304,NUR 352,NUR,352,Coreq,,,,
NUR 304,NUR,304,NUR 355,NUR,355,Coreq,,,,
NUR 304,NUR,304,NUR 410W,NUR,410W,Coreq,,,,
NUR 304,NUR,304,NUR 301,NUR,301,Prereq,,,,
NUR 304,NUR,304,NUR 332,NUR,332,Prereq,,,,
NUR 304,NUR,304,NUR 335,NUR,335,Prereq,,,,
NUR 304,NUR,304,NUR 389,NUR,389,Prereq,,,,
NUR 304,NUR,304,NUR 420,NUR,420,Prereq,,,,
NUR 304,NUR,304,POS 420,POS,420,Prereq,,,,
NUR 305,NUR,305,"Nursing (4-Year), BSN",,,Checksheet,,,,
NUR 305,NUR,305,NUR 303,NUR,303,Coreq,,,,
NUR 305,NUR,305,NUR 310,NUR,310,Coreq,,,,
NUR 305,NUR,305,NUR 312,NUR,312,Prereq,,,,
NUR 305,NUR,305,NUR 315,NUR,315,Prereq,,,,
NUR 305,NUR,305,NUR 355,NUR,355,Prereq,,,,
NUR 305,NUR,305,NUR 358,NUR,358,Prereq,,,,
NUR 310,NUR,310,"Nursing (4-Year), BSN",,,Checksheet,,,,
NUR 310,NUR,310,NUR 303,NUR,303,Coreq,,,,
NUR 310,NUR,310,NUR 355,NUR,355,Coreq,,,,
NUR 310,NUR,310,NUR 312,NUR,312,Prereq,,,,
NUR 310,NUR,310,NUR 315,NUR,315,Prereq,,,,
NUR 310,NUR,310,NUR 352,NUR,352,Prereq,,,,
NUR 310,NUR,310,NUR 415,NUR,415,Prereq,,,,
NUR 312,NUR,312,"Nursing (4-Year), BSN",,,Checksheet,,,,
NUR 312,NUR,312,NUR 315,NUR,315,Coreq,,,,
NUR 312,NUR,312,NUR 415,NUR,415,Coreq,,,,
NUR 312,NUR,312,NUR 396,NUR,396,Prereq,,,,
NUR 312,NUR,312,NUR 410W,NUR,410W,Prereq,,,,
NUR 312,NUR,312,NUR 412,NUR,412,Prereq,,,,
NUR 315,NUR,315,"Nursing (4-Year), BSN",,,Checksheet,,,,
NUR 315,NUR,315,NUR 412,NUR,412,Coreq,,,,
NUR 331,NUR,331,Embodied Social Justice Certificate,,,Checksheet,,,,
NUR 331,NUR,331,"Nursing (4-Year), BSN",,,Checksheet,,,,
NUR 331,NUR,331,"Nursing (RN-BSN Completion), BSN",,,Checksheet,,,,
NUR 331,NUR,331,INT 331,INT,331,CrossList,,,,
NUR 332,NUR,332,Embodied Social Justice Certificate,,,Checksheet,,,,
NUR 332,NUR,332,"Nursing (4-Year), BSN",,,Checksheet,,,,
NUR 332,NUR,332,"Nursing (RN-BSN Completion), BSN",,,Checksheet,,,,
NUR 335,NUR,335,"Nursing (4-Year), BSN",,,Checksheet,,,,
NUR 335,NUR,335,"Nursing (RN-BSN Completion), BSN",,,Checksheet,,,,
NUR 338,NUR,338,"Nursing (4-Year), BSN",,,Checksheet,,,,
NUR 338,NUR,338,"Nursing (RN-BSN Completion), BSN",,,Checksheet,,,,
NUR 351,NUR,351,"Holocaust, Genocide & Human Rights Studies Minor",,,Checksheet,,,,
NUR 351,NUR,351,"Medical Laboratory Science, BS",,,Checksheet,,,,
NUR 351,NUR,351,"Nursing (4-Year), BSN",,,Checksheet,,,,
NUR 351,NUR,351,"Nursing (RN-BSN Completion), BSN",,,Checksheet,,,,
NUR 351,NUR,351,Philosophy Minor,,,Checksheet,,,,
NUR 351,NUR,351,BIO 351,BIO,351,CrossList,,,,
NUR 351,NUR,351,PHI 351,PHI,351,CrossList,,,,
NUR 351,NUR,351,Ethical Reasoning,,,GenEd,,,,
NUR 351,NUR,351,Humanities,,,GenEd,,,,
NUR 352,NUR,352,"Data Science, BS",,,Checksheet,,,,
NUR 352,NUR,352,"Nursing (4-Year), BSN",,,Checksheet,,,,
NUR 352,NUR,352,"Nursing (RN-BSN Completion), BSN",,,Checksheet,,,,
NUR 352,NUR,352,Information Literacy,,,GenEd,,,,
NUR 355,NUR,355,"Nursing (4-Year), BSN",,,Checksheet,,,,
NUR 355,NUR,355,"Nursing (RN-BSN Completion), BSN",,,Checksheet,,,,
NUR 355,NUR,355,NUR 450W,NUR,450W,Coreq,,,,
NUR 389,NUR,389,"Nursing (4-Year), BSN",,,Checksheet,,,,
NUR 389,NUR,389,"Nursing (RN-BSN Completion), BSN",,,Checksheet,,,,
NUR 396,NUR,396,"Nursing (4-Year), BSN",,,Checksheet,,,,
NUR 396,NUR,396,"Nursing (RN-BSN Completion), BSN",,,Checksheet,,,,
NUR 410W,NUR,410W,"Nursing (4-Year), BSN",,,Checksheet,,,,
NUR 410W,NUR,410W,"Nursing (RN-BSN Completion), BSN",,,Checksheet,,,,
NUR 410W,NUR,410W,NUR 450,NUR,450,Coreq,,,,
NUR 410W,NUR,410W,NUR 450W,NUR,450W,Coreq,,,,
NUR 410W,NUR,410W,Writing Intensive,,,GenEd,,,,
NUR 412,NUR,412,"Nursing (4-Year), BSN",,,Checksheet,,,,
NUR 412,NUR,412,NUR 414,NUR,414,Coreq,,,,
NUR 412,NUR,412,Critical Thinking,,,GenEd,,,,
NUR 412,NUR,412,NUR 445,NUR,445,Prereq,,,,
NUR 412,NUR,412,NUR 450,NUR,450,Prereq,,,,
NUR 412,NUR,412,NUR 450W,NUR,450W,Prereq,,,,
NUR 414,NUR,414,"Nursing (4-Year), BSN",,,Checksheet,,,,
NUR 414,NUR,414,NUR 450,NUR,450,Coreq,,,,
NUR 414,NUR,414,NUR 450W,NUR,450W,Prereq,,,,
NUR 415,NUR,415,"Nursing (4-Year), BSN",,,Checksheet,,,,
NUR 415,NUR,415,NUR 412,NUR,412,Coreq,,,,
NUR 415,NUR,415,NUR 450W,NUR,450W,Prereq,,,,
NUR 420,NUR,420,American Studies Minor,,,Checksheet,,,,
NUR 420,NUR,420,Applied Bachelor of Science in Public Administration (90-credit program),,,Checksheet,,,,
NUR 420,NUR,420,Embodied Social Justice Certificate,,,Checksheet,,,,
NUR 420,NUR,420,"Nursing (4-Year), BSN",,,Checksheet,,,,
NUR 420,NUR,420,"Nursing (RN-BSN Completion), BSN",,,Checksheet,,,,
NUR 420,NUR,420,"Public Administration 2+2, BS",,,Checksheet,,,,
NUR 420,NUR,420,POS 420,POS,420,CrossList,,,,
NUR 450,NUR,450,"Nursing (4-Year), BSN",,,Checksheet,,,,
NUR 450,NUR,450,NUR 450,NUR,450,Prereq,,,,
NUR 450W,NUR,450W,Writing Intensive,,,GenEd,,,,
NUR 499W,NUR,499W,"Nursing (RN-BSN Completion), BSN",,,Checksheet,,,,
NUR 499W,NUR,499W,Writing Intensive,,,GenEd,,,,
NUR 499W,NUR,499W,NUR 499W,NUR,499W,Prereq,,,,
PHI 103,PHI,103,Philosophy Minor,,,Checksheet,,,,
PHI 103,PHI,103,Humanities,,,GenEd,,,,
PHI 103,PHI,103,COM 305,COM,305,Prereq,,,,
PHI 103,PHI,103,PHI 294,PHI,294,Prereq,,,,
PHI 103,PHI,103,PHI 362,PHI,362,Prereq,,,,
PHI 103,PHI,103,PHI 394,PHI,394,Prereq,,,,
PHI 103,PHI,103,PHI 494,PHI,494,Prereq,,,,
PHI 135,PHI,135,"Justice Studies, BS",,,Checksheet,,,,
PHI 135,PHI,135,"Mental Health & Human Services, BS",,,Checksheet,,,,
PHI 135,PHI,135,Philosophy Minor,,,Checksheet,,,,
PHI 135,PHI,135,Critical Thinking,,,GenEd,,,,
PHI 250,PHI,250,"Architecture, B.Arch",,,Checksheet,,,,
PHI 250,PHI,250,Forensic Science Certificate,,,Checksheet,,,,
PHI 250,PHI,250,Human Resource Management Certificate,,,Checksheet,,,,
PHI 250,PHI,250,Human Resource Management Minor,,,Checksheet,,,,
PHI 250,PHI,250,"Information & Library Science, BS",,,Checksheet,,,,
PHI 250,PHI,250,"Justice Studies, AS",,,Checksheet,,,,
PHI 250,PHI,250,"Justice Studies, BS",,,Checksheet,,,,
PHI 250,PHI,250,Philosophy Minor,,,Checksheet,,,,
PHI 250,PHI,250,Ethical Reasoning,,,GenEd,,,,
PHI 250,PHI,250,Humanities,,,GenEd,,,,
PHI 250,PHI,250,PHI 362,PHI,362,Prereq,,,,
PHI 289,PHI,289,Humanities,,,GenEd,,,,
PHI 294,PHI,294,Humanities,,,GenEd,,,,
PHI 340,PHI,340,Philosophy Minor,,,Checksheet,,,,
PHI 340,PHI,340,EDU 340,EDU,340,CrossList,,,,
PHI 340,PHI,340,Humanities,,,GenEd,,,,
PHI 351,PHI,351,"Holocaust, Genocide & Human Rights Studies Minor",,,Checksheet,,,,
PHI 351,PHI,351,"Medical Laboratory Science, BS",,,Checksheet,,,,
PHI 351,PHI,351,"Nursing (4-Year), BSN",,,Checksheet,,,,
PHI 351,PHI,351,"Nursing (RN-BSN Completion), BSN",,,Checksheet,,,,
PHI 351,PHI,351,Philosophy Minor,,,Checksheet,,,,
PHI 351,PHI,351,BIO 351,BIO,351,CrossList,,,,
PHI 351,PHI,351,NUR 351,NUR,351,CrossList,,,,
PHI 351,PHI,351,Ethical Reasoning,,,GenEd,,,,
PHI 351,PHI,351,Humanities,,,GenEd,,,,
PHI 357,PHI,357,INT 357,INT,357,CrossList,,,,
PHI 357,PHI,357,PSY 357,PSY,357,CrossList,,,,
PHI 357,PHI,357,Humanities,,,GenEd,,,,
PHI 362,PHI,362,Philosophy Minor,,,Checksheet,,,,
PHI 362,PHI,362,Humanities,,,GenEd,,,,
PHI 389,PHI,389,Humanities,,,GenEd,,,,
PHI 394,PHI,394,Humanities,,,GenEd,,,,
PHI 450,PHI,450,Artificial Intelligence Essentials Certificate,,,Checksheet,,,,
PHI 450,PHI,450,"Data Science, PBS",,,Checksheet,,,,
PHI 450,PHI,450,Philosophy Minor,,,Checksheet,,,,
PHI 450,PHI,450,Humanities,,,GenEd,,,,
PHI 489,PHI,489,Humanities,,,GenEd,,,,
PHI 494,PHI,494,Humanities,,,GenEd,,,,
PHI 550,PHI,550,Artificial Intelligence Essentials Certificate,,,Checksheet,,,,
PHI 550,PHI,550,"Data Science, PBS",,,Checksheet,,,,
PHI 550,PHI,550,"Data Visualization, Graduate Certificate",,,Checksheet,,,,
PHI 550,PHI,550,ART 610,ART,610,Coreq,,,,
PHI 550,PHI,550,Humanities,,,GenEd,,,,
PHY 115,PHY,115,"Architecture, B.Arch",,,Checksheet,,,,
PHY 115,PHY,115,"Biology MLT 2+2, BA",,,Checksheet,,,,
PHY 115,PHY,115,"Biology, BA",,,Checksheet,,,,
PHY 115,PHY,115,"Biology, BA (Pre-Med Track)",,,Checksheet,,,,
PHY 115,PHY,115,ARC 221,ARC,221,Coreq,,,,
PHY 115,PHY,115,Natural Science,,,GenEd,,,,
PHY 115,PHY,115,ARC 322,ARC,322,Prereq,,,,
PHY 115,PHY,115,AVI 450,AVI,450,Prereq,,,,
PHY 116,PHY,116,"Biology MLT 2+2, BA",,,Checksheet,,,,
PHY 116,PHY,116,"Biology, BA",,,Checksheet,,,,
PHY 116,PHY,116,"Biology, BA (Pre-Med Track)",,,Checksheet,,,,
PHY 116,PHY,116,Natural Science,,,GenEd,,,,
POS 101,POS,101,"Accounting, BSBA",,,Checksheet,,,,
POS 101,POS,101,American Studies Minor,,,Checksheet,,,,
POS 101,POS,101,Applied Bachelor of Science in Public Administration (90-credit program),,,Checksheet,,,,
POS 101,POS,101,"Management, BSBA",,,Checksheet,,,,
POS 101,POS,101,"Public Administration 2+2, BS",,,Checksheet,,,,
POS 101,POS,101,"Public Administration, AS",,,Checksheet,,,,
POS 101,POS,101,"Public Administration, BS",,,Checksheet,,,,
POS 101,POS,101,"Public Administration, PBS",,,Checksheet,,,,
POS 101,POS,101,Social Science Minor,,,Checksheet,,,,
POS 101,POS,101,"Social Science, AA",,,Checksheet,,,,
POS 101,POS,101,"Social Science, BA",,,Checksheet,,,,
POS 101,POS,101,Social Science,,,GenEd,,,,
POS 101,POS,101,AME 308W,AME,308W,Prereq,,,,
POS 101,POS,101,HUS 389,HUS,389,Prereq,,,,
POS 101,POS,101,POS 308W,POS,308W,Prereq,,,,
POS 101,POS,101,POS 383,POS,383,Prereq,,,,
POS 101,POS,101,SOC 308W,SOC,308W,Prereq,,,,
POS 223,POS,223,"Accounting, BSBA",,,Checksheet,,,,
POS 223,POS,223,Advanced Criminal Justice Management Certificate,,,Checksheet,,,,
POS 223,POS,223,Applied Bachelor of Science in Public Administration (90-credit program),,,Checksheet,,,,
POS 223,POS,223,"Aviation - Aviation Maintenance Concentration, Bachelor of Science",,,Checksheet,,,,
POS 223,POS,223,"Aviation-Flight Instructor Concentration, BS",,,Checksheet,,,,
POS 223,POS,223,"Aviation-Uncrewed Aircraft Systems Concentration, BS",,,Checksheet,,,,
POS 223,POS,223,Business Administration Minor,,,Checksheet,,,,
POS 223,POS,223,"Business Administration, PBS",,,Checksheet,,,,
POS 223,POS,223,"Computer Information Systems, AS",,,Checksheet,,,,
POS 223,POS,223,"Computer Information Systems, BS",,,Checksheet,,,,
POS 223,POS,223,"Cybersecurity, AS",,,Checksheet,,,,
POS 223,POS,223,"Cybersecurity, BS",,,Checksheet,,,,
POS 223,POS,223,Fraud Examination Certificate (Business Administration),,,Checksheet,,,,
POS 223,POS,223,Fraud Examination Certificate (Justice Studies),,,Checksheet,,,,
POS 223,POS,223,Human Resource Management Certificate,,,Checksheet,,,,
POS 223,POS,223,Human Resource Management Minor,,,Checksheet,,,,
POS 223,POS,223,"Information & Library Science, AS",,,Checksheet,,,,
POS 223,POS,223,"Information & Library Science, BS",,,Checksheet,,,,
POS 223,POS,223,Management Emphasis,,,Checksheet,,,,
POS 223,POS,223,Management Information Systems Concentration,,,Checksheet,,,,
POS 223,POS,223,"Management, BSBA",,,Checksheet,,,,
POS 223,POS,223,"Public Administration 2+2, BS",,,Checksheet,,,,
POS 223,POS,223,Public Administration Minor,,,Checksheet,,,,
POS 223,POS,223,"Public Administration, AS",,,Checksheet,,,,
POS 223,POS,223,"Public Administration, BS",,,Checksheet,,,,
POS 223,POS,223,"Public Administration, PBS",,,Checksheet,,,,
POS 223,POS,223,Small Business Management Minor,,,Checksheet,,,,
POS 223,POS,223,BUA 223,BUA,223,CrossList,,,,
POS 223,POS,223,JUS 223,JUS,223,CrossList,,,,
POS 223,POS,223,BUA 259W,BUA,259W,Prereq,,,,
POS 223,POS,223,BUA 303,BUA,303,Prereq,,,,
POS 223,POS,223,BUA 310,BUA,310,Prereq,,,,
POS 223,POS,223,BUA 350,BUA,350,Prereq,,,,
POS 223,POS,223,BUA 361,BUA,361,Prereq,,,,
POS 223,POS,223,BUA 362,BUA,362,Prereq,,,,
POS 223,POS,223,BUA 365,BUA,365,Prereq,,,,
POS 223,POS,223,BUA 420,BUA,420,Prereq,,,,
POS 223,POS,223,CIS 303,CIS,303,Prereq,,,,
POS 223,POS,223,CIS 470,CIS,470,Prereq,,,,
POS 223,POS,223,NUR 420,NUR,420,Prereq,,,,
POS 223,POS,223,POS 354,POS,354,Prereq,,,,
POS 223,POS,223,POS 361,POS,361,Prereq,,,,
POS 223,POS,223,POS 362,POS,362,Prereq,,,,
POS 223,POS,223,POS 365,POS,365,Prereq,,,,
POS 223,POS,223,POS 405,POS,405,Prereq,,,,
POS 223,POS,223,POS 420,POS,420,Prereq,,,,
POS 234,POS,234,Advocacy Minor,,,Checksheet,,,,
POS 234,POS,234,American Studies Minor,,,Checksheet,,,,
POS 234,POS,234,Applied Bachelor of Science in Public Administration (90-credit program),,,Checksheet,,,,
POS 234,POS,234,"Public Administration 2+2, BS",,,Checksheet,,,,
POS 234,POS,234,"Public Administration, AS",,,Checksheet,,,,
POS 234,POS,234,"Public Administration, BS",,,Checksheet,,,,
POS 234,POS,234,"Public Administration, PBS",,,Checksheet,,,,
POS 234,POS,234,AME 308W,AME,308W,Prereq,,,,
POS 234,POS,234,POS 308W,POS,308W,Prereq,,,,
POS 234,POS,234,POS 370,POS,370,Prereq,,,,
POS 234,POS,234,SOC 308W,SOC,308W,Prereq,,,,
POS 245,POS,245,American Studies Minor,,,Checksheet,,,,
POS 245,POS,245,"Public Administration 2+2, BS",,,Checksheet,,,,
POS 246,POS,246,"Public Administration 2+2, BS",,,Checksheet,,,,
POS 246,POS,246,"Tourism, Hospitality, and Outdoor Recreation (THOR) Minor",,,Checksheet,,,,
POS 246,POS,246,BUA 246,BUA,246,CrossList,,,,
POS 247,POS,247,"Tourism, Hospitality, and Outdoor Recreation (THOR) Minor",,,Checksheet,,,,
POS 247,POS,247,BUA 247,BUA,247,CrossList,,,,
POS 248,POS,248,"Tourism, Hospitality, and Outdoor Recreation (THOR) Minor",,,Checksheet,,,,
POS 248,POS,248,BUA 248,BUA,248,CrossList,,,,
POS 290,POS,290,Applied Bachelor of Science in Public Administration (90-credit program),,,Checksheet,,,,
POS 290,POS,290,"Public Administration 2+2, BS",,,Checksheet,,,,
POS 290,POS,290,Public Administration Minor,,,Checksheet,,,,
POS 290,POS,290,"Public Administration, AS",,,Checksheet,,,,
POS 290,POS,290,"Public Administration, BS",,,Checksheet,,,,
POS 290,POS,290,"Public Administration, PBS",,,Checksheet,,,,
POS 308W,POS,308W,"Data Science, BS",,,Checksheet,,,,
POS 308W,POS,308W,AME 308W,AME,308W,CrossList,,,,
POS 308W,POS,308W,SOC 308W,SOC,308W,CrossList,,,,
POS 308W,POS,308W,Cultural Perspectives,,,GenEd,,,,
POS 308W,POS,308W,Humanities,,,GenEd,,,,
POS 308W,POS,308W,Writing Intensive,,,GenEd,,,,
POS 319,POS,319,American Studies Minor,,,Checksheet,,,,
POS 319,POS,319,JUS 319,JUS,319,CrossList,,,,
POS 354,POS,354,"Accounting, BSBA",,,Checksheet,,,,
POS 354,POS,354,Applied Bachelor of Science in Public Administration (90-credit program),,,Checksheet,,,,
POS 354,POS,354,"Public Administration 2+2, BS",,,Checksheet,,,,
POS 354,POS,354,Public Administration Minor,,,Checksheet,,,,
POS 354,POS,354,"Public Administration, BS",,,Checksheet,,,,
POS 354,POS,354,"Public Administration, PBS",,,Checksheet,,,,
POS 361,POS,361,"Accounting, BSBA",,,Checksheet,,,,
POS 361,POS,361,Applied Bachelor of Science in Public Administration (90-credit program),,,Checksheet,,,,
POS 361,POS,361,Business Administration Minor,,,Checksheet,,,,
POS 361,POS,361,Human Resource Management Certificate,,,Checksheet,,,,
POS 361,POS,361,Human Resource Management Minor,,,Checksheet,,,,
POS 361,POS,361,"Justice Studies, PBS",,,Checksheet,,,,
POS 361,POS,361,"Management, BSBA",,,Checksheet,,,,
POS 361,POS,361,"Public Administration 2+2, BS",,,Checksheet,,,,
POS 361,POS,361,Public Administration Minor,,,Checksheet,,,,
POS 361,POS,361,"Public Administration, AS",,,Checksheet,,,,
POS 361,POS,361,"Public Administration, BS",,,Checksheet,,,,
POS 361,POS,361,"Public Administration, PBS",,,Checksheet,,,,
POS 361,POS,361,BUA 361,BUA,361,CrossList,,,,
POS 361,POS,361,Cultural Perspectives,,,GenEd,,,,
POS 362,POS,362,Applied Bachelor of Science in Public Administration (90-credit program),,,Checksheet,,,,
POS 362,POS,362,Business Administration Minor,,,Checksheet,,,,
POS 362,POS,362,Human Resource Management Certificate,,,Checksheet,,,,
POS 362,POS,362,Human Resource Management Minor,,,Checksheet,,,,
POS 362,POS,362,"Management, BSBA",,,Checksheet,,,,
POS 362,POS,362,"Public Administration 2+2, BS",,,Checksheet,,,,
POS 362,POS,362,"Public Administration, PBS",,,Checksheet,,,,
POS 362,POS,362,BUA 362,BUA,362,CrossList,,,,
POS 365,POS,365,"Accounting, BSBA",,,Checksheet,,,,
POS 365,POS,365,Applied Bachelor of Science in Public Administration (90-credit program),,,Checksheet,,,,
POS 365,POS,365,"Aviation - Aviation Maintenance Concentration, Bachelor of Science",,,Checksheet,,,,
POS 365,POS,365,"Aviation-Flight Instructor Concentration, BS",,,Checksheet,,,,
POS 365,POS,365,"Aviation-Uncrewed Aircraft Systems Concentration, BS",,,Checksheet,,,,
POS 365,POS,365,Behavioral Science Minor,,,Checksheet,,,,
POS 365,POS,365,Business Administration Minor,,,Checksheet,,,,
POS 365,POS,365,"Computer Information Systems, BS",,,Checksheet,,,,
POS 365,POS,365,"Cybersecurity, BS",,,Checksheet,,,,
POS 365,POS,365,Human Resource Management Certificate,,,Checksheet,,,,
POS 365,POS,365,Human Resource Management Minor,,,Checksheet,,,,
POS 365,POS,365,"Information & Library Science, BS",,,Checksheet,,,,
POS 365,POS,365,Leadership Concentration,,,Checksheet,,,,
POS 365,POS,365,Management Emphasis,,,Checksheet,,,,
POS 365,POS,365,"Management, BSBA",,,Checksheet,,,,
POS 365,POS,365,"Public Administration 2+2, BS",,,Checksheet,,,,
POS 365,POS,365,"Public Administration, PBS",,,Checksheet,,,,
POS 365,POS,365,BUA 365,BUA,365,CrossList,,,,
POS 365,POS,365,Cultural Perspectives,,,GenEd,,,,
POS 370,POS,370,Applied Bachelor of Science in Public Administration (90-credit program),,,Checksheet,,,,
POS 370,POS,370,"Public Administration 2+2, BS",,,Checksheet,,,,
POS 370,POS,370,Public Administration Minor,,,Checksheet,,,,
POS 370,POS,370,"Public Administration, AS",,,Checksheet,,,,
POS 370,POS,370,"Public Administration, BS",,,Checksheet,,,,
POS 370,POS,370,"Public Administration, PBS",,,Checksheet,,,,
POS 383,POS,383,Advocacy Minor,,,Checksheet,,,,
POS 383,POS,383,American Studies Minor,,,Checksheet,,,,
POS 383,POS,383,Applied Bachelor of Science in Public Administration (90-credit program),,,Checksheet,,,,
POS 383,POS,383,Fraud Examination Certificate (Business Administration),,,Checksheet,,,,
POS 383,POS,383,Fraud Examination Certificate (Justice Studies),,,Checksheet,,,,
POS 383,POS,383,"Public Administration 2+2, BS",,,Checksheet,,,,
POS 383,POS,383,"Public Administration, BS",,,Checksheet,,,,
POS 383,POS,383,"Public Administration, PBS",,,Checksheet,,,,
POS 405,POS,405,Advocacy Minor,,,Checksheet,,,,
POS 405,POS,405,Applied Bachelor of Science in Public Administration (90-credit program),,,Checksheet,,,,
POS 405,POS,405,"Justice Studies, PBS",,,Checksheet,,,,
POS 405,POS,405,"Public Administration 2+2, BS",,,Checksheet,,,,
POS 405,POS,405,Public Administration Minor,,,Checksheet,,,,
POS 405,POS,405,"Public Administration, BS",,,Checksheet,,,,
POS 405,POS,405,"Public Administration, PBS",,,Checksheet,,,,
POS 420,POS,420,American Studies Minor,,,Checksheet,,,,
POS 420,POS,420,Applied Bachelor of Science in Public Administration (90-credit program),,,Checksheet,,,,
POS 420,POS,420,Embodied Social Justice Certificate,,,Checksheet,,,,
POS 420,POS,420,"Nursing (4-Year), BSN",,,Checksheet,,,,
POS 420,POS,420,"Nursing (RN-BSN Completion), BSN",,,Checksheet,,,,
POS 420,POS,420,"Public Administration 2+2, BS",,,Checksheet,,,,
POS 420,POS,420,NUR 420,NUR,420,CrossList,,,,
POS 485,POS,485,Applied Bachelor of Science in Public Administration (90-credit program),,,Checksheet,,,,
POS 485,POS,485,"Public Administration 2+2, BS",,,Checksheet,,,,
POS 485,POS,485,"Public Administration, PBS",,,Checksheet,,,,
POS 487,POS,487,Applied Bachelor of Science in Public Administration (90-credit program),,,Checksheet,,,,
POS 487,POS,487,"Data Science, BS",,,Checksheet,,,,
POS 487,POS,487,"Data Science, PBS",,,Checksheet,,,,
POS 487,POS,487,"Public Administration 2+2, BS",,,Checksheet,,,,
POS 487,POS,487,Public Administration Minor,,,Checksheet,,,,
POS 487,POS,487,"Public Administration, BS",,,Checksheet,,,,
POS 487,POS,487,"Public Administration, PBS",,,Checksheet,,,,
PSY 100,PSY,100,"Accounting, BSBA",,,Checksheet,,,,
PSY 100,PSY,100,Applied Bachelor of Science in Public Administration (90-credit program),,,Checksheet,,,,
PSY 100,PSY,100,"Aviation - Aviation Maintenance Concentration, Bachelor of Science",,,Checksheet,,,,
PSY 100,PSY,100,"Aviation-Flight Instructor Concentration, BS",,,Checksheet,,,,
PSY 100,PSY,100,"Aviation-Uncrewed Aircraft Systems Concentration, BS",,,Checksheet,,,,
PSY 100,PSY,100,Behavioral Science Minor,,,Checksheet,,,,
PSY 100,PSY,100,"Business Administration, AS",,,Checksheet,,,,
PSY 100,PSY,100,Child & Youth Care Practitioner Certificate,,,Checksheet,,,,
PSY 100,PSY,100,"Community Policing, AS",,,Checksheet,,,,
PSY 100,PSY,100,Dental Assisting Certificate,,,Checksheet,,,,
PSY 100,PSY,100,"Dental Assisting, AS",,,Checksheet,,,,
PSY 100,PSY,100,"Dental Hygiene, AS",,,Checksheet,,,,
PSY 100,PSY,100,"Dental Hygiene, BS",,,Checksheet,,,,
PSY 100,PSY,100,"Dental Hygiene, BS (Pending Accreditation)",,,Checksheet,,,,
PSY 100,PSY,100,"Elementary Education, BS",,,Checksheet,,,,
PSY 100,PSY,100,Embodied Social Justice Minor,,,Checksheet,,,,
PSY 100,PSY,100,"Management, BSBA",,,Checksheet,,,,
PSY 100,PSY,100,"Mental Health & Human Services, AS",,,Checksheet,,,,
PSY 100,PSY,100,"Mental Health & Human Services, BS",,,Checksheet,,,,
PSY 100,PSY,100,"Neuropsychology, Minor",,,Checksheet,,,,
PSY 100,PSY,100,"Nursing (4-Year), BSN",,,Checksheet,,,,
PSY 100,PSY,100,"Nursing (RN-BSN Completion), BSN",,,Checksheet,,,,
PSY 100,PSY,100,Psychology Minor,,,Checksheet,,,,
PSY 100,PSY,100,"Psychology, AA",,,Checksheet,,,,
PSY 100,PSY,100,"Public Administration, BS",,,Checksheet,,,,
PSY 100,PSY,100,"Secondary Education, BS",,,Checksheet,,,,
PSY 100,PSY,100,Social Media Certificate,,,Checksheet,,,,
PSY 100,PSY,100,Social Science Minor,,,Checksheet,,,,
PSY 100,PSY,100,"Social Science, AA",,,Checksheet,,,,
PSY 100,PSY,100,"Social Science, BA",,,Checksheet,,,,
PSY 100,PSY,100,Critical Thinking,,,GenEd,,,,
PSY 100,PSY,100,Social Science,,,GenEd,,,,
PSY 100,PSY,100,BIO 202,BIO,202,Prereq,,,,
PSY 100,PSY,100,BUA 369,BUA,369,Prereq,,,,
PSY 100,PSY,100,EDU 328,EDU,328,Prereq,,,,
PSY 100,PSY,100,EDU 345W,EDU,345W,Prereq,,,,
PSY 100,PSY,100,EDU 352,EDU,352,Prereq,,,,
PSY 100,PSY,100,EDU 363,EDU,363,Prereq,,,,
PSY 100,PSY,100,EDU 401W,EDU,401W,Prereq,,,,
PSY 100,PSY,100,HUS 212,HUS,212,Prereq,,,,
PSY 100,PSY,100,HUS 215,HUS,215,Prereq,,,,
PSY 100,PSY,100,HUS 218,HUS,218,Prereq,,,,
PSY 100,PSY,100,HUS 220,HUS,220,Prereq,,,,
PSY 100,PSY,100,HUS 221,HUS,221,Prereq,,,,
PSY 100,PSY,100,HUS 229,HUS,229,Prereq,,,,
PSY 100,PSY,100,HUS 230,HUS,230,Prereq,,,,
PSY 100,PSY,100,HUS 232,HUS,232,Prereq,,,,
PSY 100,PSY,100,HUS 233,HUS,233,Prereq,,,,
PSY 100,PSY,100,HUS 262,HUS,262,Prereq,,,,
PSY 100,PSY,100,HUS 304,HUS,304,Prereq,,,,
PSY 100,PSY,100,HUS 305,HUS,305,Prereq,,,,
PSY 100,PSY,100,HUS 306,HUS,306,Prereq,,,,
PSY 100,PSY,100,HUS 328,HUS,328,Prereq,,,,
PSY 100,PSY,100,HUS 330,HUS,330,Prereq,,,,
PSY 100,PSY,100,HUS 332,HUS,332,Prereq,,,,
PSY 100,PSY,100,HUS 345,HUS,345,Prereq,,,,
PSY 100,PSY,100,HUS 346,HUS,346,Prereq,,,,
PSY 100,PSY,100,HUS 352,HUS,352,Prereq,,,,
PSY 100,PSY,100,HUS 364,HUS,364,Prereq,,,,
PSY 100,PSY,100,HUS 366,HUS,366,Prereq,,,,
PSY 100,PSY,100,HUS 371,HUS,371,Prereq,,,,
PSY 100,PSY,100,HUS 372,HUS,372,Prereq,,,,
PSY 100,PSY,100,HUS 376,HUS,376,Prereq,,,,
PSY 100,PSY,100,HUS 385,HUS,385,Prereq,,,,
PSY 100,PSY,100,HUS 389,HUS,389,Prereq,,,,
PSY 100,PSY,100,JUS 364,JUS,364,Prereq,,,,
PSY 100,PSY,100,JUS 376,JUS,376,Prereq,,,,
PSY 100,PSY,100,JUS 392,JUS,392,Prereq,,,,
PSY 100,PSY,100,JUS 410,JUS,410,Prereq,,,,
PSY 100,PSY,100,JUS 450,JUS,450,Prereq,,,,
PSY 100,PSY,100,NUR 220,NUR,220,Prereq,,,,
PSY 100,PSY,100,NUR 224,NUR,224,Prereq,,,,
PSY 100,PSY,100,NUR 226,NUR,226,Prereq,,,,
PSY 100,PSY,100,PSY 202,PSY,202,Prereq,,,,
PSY 100,PSY,100,PSY 229,PSY,229,Prereq,,,,
PSY 100,PSY,100,PSY 289,PSY,289,Prereq,,,,
PSY 100,PSY,100,PSY 294,PSY,294,Prereq,,,,
PSY 100,PSY,100,PSY 300,PSY,300,Prereq,,,,
PSY 100,PSY,100,PSY 302,PSY,302,Prereq,,,,
PSY 100,PSY,100,PSY 304,PSY,304,Prereq,,,,
PSY 100,PSY,100,PSY 306,PSY,306,Prereq,,,,
PSY 100,PSY,100,PSY 308,PSY,308,Prereq,,,,
PSY 100,PSY,100,PSY 309,PSY,309,Prereq,,,,
PSY 100,PSY,100,PSY 310,PSY,310,Prereq,,,,
PSY 100,PSY,100,PSY 312,PSY,312,Prereq,,,,
PSY 100,PSY,100,PSY 345,PSY,345,Prereq,,,,
PSY 100,PSY,100,PSY 355,PSY,355,Prereq,,,,
PSY 100,PSY,100,PSY 364,PSY,364,Prereq,,,,
PSY 100,PSY,100,PSY 377,PSY,377,Prereq,,,,
PSY 100,PSY,100,PSY 385,PSY,385,Prereq,,,,
PSY 100,PSY,100,PSY 390,PSY,390,Prereq,,,,
PSY 100,PSY,100,PSY 394,PSY,394,Prereq,,,,
PSY 100,PSY,100,PSY 400,PSY,400,Prereq,,,,
PSY 100,PSY,100,PSY 401W,PSY,401W,Prereq,,,,
PSY 100,PSY,100,PSY 410,PSY,410,Prereq,,,,
PSY 100,PSY,100,REL 390,REL,390,Prereq,,,,
PSY 100,PSY,100,SED 262,SED,262,Prereq,,,,
PSY 100,PSY,100,SOC 355,SOC,355,Prereq,,,,
PSY 100,PSY,100,SSC 314,SSC,314,Prereq,,,,
PSY 100,PSY,100,SSC 317,SSC,317,Prereq,,,,
PSY 100,PSY,100,SSC 332,SSC,332,Prereq,,,,
PSY 100,PSY,100,SSC 334,SSC,334,Prereq,,,,
PSY 100,PSY,100,SSC 362,SSC,362,Prereq,,,,
PSY 100,PSY,100,SSC 364,SSC,364,Prereq,,,,
PSY 100,PSY,100,SSC 450,SSC,450,Prereq,,,,
PSY 202,PSY,202,"Aviation - Aviation Maintenance Concentration, Bachelor of Science",,,Checksheet,,,,
PSY 202,PSY,202,"Aviation-Flight Instructor Concentration, BS",,,Checksheet,,,,
PSY 202,PSY,202,"Aviation-Uncrewed Aircraft Systems Concentration, BS",,,Checksheet,,,,
PSY 202,PSY,202,Behavioral Science Minor,,,Checksheet,,,,
PSY 202,PSY,202,"Neuropsychology, Minor",,,Checksheet,,,,
PSY 202,PSY,202,BIO 202,BIO,202,CrossList,,,,
PSY 202,PSY,202,PSY 402,PSY,402,Prereq,,,,
PSY 229,PSY,229,Addiction Counseling Concentration,,,Checksheet,,,,
PSY 229,PSY,229,Mental Health Electives,,,Checksheet,,,,
PSY 229,PSY,229,HUS 229,HUS,229,CrossList,,,,
PSY 229,PSY,229,HUS 342,HUS,342,Prereq,,,,
PSY 300,PSY,300,Social Science Minor,,,Checksheet,,,,
PSY 302,PSY,302,"Child & Family Services Concentration, BSMHHS",,,Checksheet,,,,
PSY 302,PSY,302,Early Childhood Services Minor,,,Checksheet,,,,
PSY 304,PSY,304,"Child & Family Services Concentration, BSMHHS",,,Checksheet,,,,
PSY 304,PSY,304,Child & Youth Care Practitioner Certificate,,,Checksheet,,,,
PSY 304,PSY,304,"Mental Health & Human Services, BS",,,Checksheet,,,,
PSY 304,PSY,304,"Nursing (4-Year), BSN",,,Checksheet,,,,
PSY 304,PSY,304,"Nursing (RN-BSN Completion), BSN",,,Checksheet,,,,
PSY 304,PSY,304,HUS 304,HUS,304,CrossList,,,,
PSY 306,PSY,306,Adult Mental Health Rehabilitation Concentration,,,Checksheet,,,,
PSY 306,PSY,306,Behavioral Science Minor,,,Checksheet,,,,
PSY 306,PSY,306,Early Childhood Services Minor,,,Checksheet,,,,
PSY 306,PSY,306,Mental Health Electives,,,Checksheet,,,,
PSY 306,PSY,306,"Neuropsychology, Minor",,,Checksheet,,,,
PSY 306,PSY,306,HUS 306,HUS,306,CrossList,,,,
PSY 308,PSY,308,Behavioral Science Minor,,,Checksheet,,,,
PSY 308,PSY,308,Child & Youth Care Practitioner Certificate,,,Checksheet,,,,
PSY 308,PSY,308,"Information & Library Science, BS",,,Checksheet,,,,
PSY 308,PSY,308,"Mental Health & Human Services, BS",,,Checksheet,,,,
PSY 308,PSY,308,"Nursing (4-Year), BSN",,,Checksheet,,,,
PSY 308,PSY,308,"Nursing (RN-BSN Completion), BSN",,,Checksheet,,,,
PSY 308,PSY,308,Psychology Minor,,,Checksheet,,,,
PSY 308,PSY,308,"Psychology, AA",,,Checksheet,,,,
PSY 308,PSY,308,"Social Science, AA",,,Checksheet,,,,
PSY 308,PSY,308,"Social Science, BA",,,Checksheet,,,,
PSY 308,PSY,308,Ethical Reasoning,,,GenEd,,,,
PSY 308,PSY,308,HUS 345,HUS,345,Prereq,,,,
PSY 308,PSY,308,HUS 350,HUS,350,Prereq,,,,
PSY 308,PSY,308,NUR 315,NUR,315,Prereq,,,,
PSY 308,PSY,308,PSY 345,PSY,345,Prereq,,,,
PSY 309,PSY,309,Adult Mental Health Rehabilitation Concentration,,,Checksheet,,,,
PSY 310,PSY,310,Behavioral Science Minor,,,Checksheet,,,,
PSY 312,PSY,312,Behavioral Science Minor,,,Checksheet,,,,
PSY 330,PSY,330,Advocacy Minor,,,Checksheet,,,,
PSY 330,PSY,330,Communications Minor,,,Checksheet,,,,
PSY 330,PSY,330,COM 330,COM,330,CrossList,,,,
PSY 330,PSY,330,COM 475,COM,475,Prereq,,,,
PSY 330,PSY,330,SOC 475,SOC,475,Prereq,,,,
PSY 336,PSY,336,"Holocaust, Genocide & Human Rights Studies Minor",,,Checksheet,,,,
PSY 336,PSY,336,SSC 336,SSC,336,CrossList,,,,
PSY 336,PSY,336,Critical Thinking,,,GenEd,,,,
PSY 336,PSY,336,Cultural Perspectives,,,GenEd,,,,
PSY 345,PSY,345,"Child & Family Services Concentration, BSMHHS",,,Checksheet,,,,
PSY 345,PSY,345,Child & Youth Care Practitioner Certificate,,,Checksheet,,,,
PSY 345,PSY,345,Early Childhood Services Minor,,,Checksheet,,,,
PSY 345,PSY,345,Mental Health Electives,,,Checksheet,,,,
PSY 345,PSY,345,HUS 345,HUS,345,CrossList,,,,
PSY 355,PSY,355,Behavioral Science Minor,,,Checksheet,,,,
PSY 355,PSY,355,"Psychology, AA",,,Checksheet,,,,
PSY 355,PSY,355,SOC 355,SOC,355,CrossList,,,,
PSY 355,PSY,355,Critical Thinking,,,GenEd,,,,
PSY 355,PSY,355,Cultural Perspectives,,,GenEd,,,,
PSY 357,PSY,357,INT 357,INT,357,CrossList,,,,
PSY 357,PSY,357,PHI 357,PHI,357,CrossList,,,,
PSY 357,PSY,357,Humanities,,,GenEd,,,,
PSY 364,PSY,364,"Optional Women's, Gender, and Sexuality Studies Concentration",,,Checksheet,,,,
PSY 377,PSY,377,Behavioral Science Minor,,,Checksheet,,,,
PSY 377,PSY,377,Critical Thinking,,,GenEd,,,,
PSY 377,PSY,377,Cultural Perspectives,,,GenEd,,,,
PSY 385,PSY,385,Behavioral Science Minor,,,Checksheet,,,,
PSY 385,PSY,385,"Nursing (4-Year), BSN",,,Checksheet,,,,
PSY 385,PSY,385,"Nursing (RN-BSN Completion), BSN",,,Checksheet,,,,
PSY 385,PSY,385,HUS 385,HUS,385,CrossList,,,,
PSY 385,PSY,385,Cultural Perspectives,,,GenEd,,,,
PSY 390,PSY,390,REL 390,REL,390,CrossList,,,,
PSY 400,PSY,400,Behavioral Science Minor,,,Checksheet,,,,
PSY 400,PSY,400,"Mental Health & Human Services, BS",,,Checksheet,,,,
PSY 400,PSY,400,Mental Health Electives,,,Checksheet,,,,
PSY 400,PSY,400,"Neuropsychology, Minor",,,Checksheet,,,,
PSY 400,PSY,400,Psychology Minor,,,Checksheet,,,,
PSY 401W,PSY,401W,Behavioral Science Minor,,,Checksheet,,,,
PSY 401W,PSY,401W,Education Studies Minor,,,Checksheet,,,,
PSY 401W,PSY,401W,"Secondary Education, PBS",,,Checksheet,,,,
PSY 401W,PSY,401W,EDU 401W,EDU,401W,CrossList,,,,
PSY 401W,PSY,401W,Writing Intensive,,,GenEd,,,,
PSY 402,PSY,402,"Neuropsychology, Minor",,,Checksheet,,,,
PSY 402,PSY,402,Critical Thinking,,,GenEd,,,,
PSY 410,PSY,410,Behavioral Science Minor,,,Checksheet,,,,
PSY 410,PSY,410,JUS 410,JUS,410,CrossList,,,,
PSY 533,PSY,533,"Community Resilience Concentration, TEM",,,Checksheet,,,,
PSY 533,PSY,533,TEM 533,TEM,533,CrossList,,,,
REL 110,REL,110,HUM 110,HUM,110,CrossList,,,,
REL 110,REL,110,INT 110,INT,110,CrossList,,,,
REL 110,REL,110,Humanities,,,GenEd,,,,
REL 205,REL,205,American Studies Minor,,,Checksheet,,,,
REL 205,REL,205,AME 205,AME,205,CrossList,,,,
REL 205,REL,205,SSC 205,SSC,205,CrossList,,,,
REL 205,REL,205,Cultural Perspectives,,,GenEd,,,,
REL 205,REL,205,Humanities,,,GenEd,,,,
REL 368,REL,368,History Minor,,,Checksheet,,,,
REL 368,REL,368,HTY 368,HTY,368,CrossList,,,,
REL 368,REL,368,INT 368,INT,368,CrossList,,,,
REL 368,REL,368,Humanities,,,GenEd,,,,
REL 390,REL,390,PSY 390,PSY,390,CrossList,,,,
SCI 110,SCI,110,Natural Science,,,GenEd,,,,
SCI 111,SCI,111,Natural Science,,,GenEd,,,,
SCI 115,SCI,115,Natural Science,,,GenEd,,,,
SED 262,SED,262,Mental Health Electives,,,Checksheet,,,,
SED 262,SED,262,HUS 262,HUS,262,CrossList,,,,
SED 330,SED,330,Special Education (282) Minor,,,Checksheet,,,,
SED 365,SED,365,EDU 365,EDU,365,CrossList,,,,
SED 370,SED,370,Special Education (282) Minor,,,Checksheet,,,,
SED 420,SED,420,Special Education (282) Minor,,,Checksheet,,,,
SED 425,SED,425,Special Education (282) Minor,,,Checksheet,,,,
SED 435,SED,435,Special Education (282) Minor,,,Checksheet,,,,
SOC 101,SOC,101,"Accounting, BSBA",,,Checksheet,,,,
SOC 101,SOC,101,Applied Bachelor of Science in Public Administration (90-credit program),,,Checksheet,,,,
SOC 101,SOC,101,Behavioral Science Minor,,,Checksheet,,,,
SOC 101,SOC,101,Child & Youth Care Practitioner Certificate,,,Checksheet,,,,
SOC 101,SOC,101,"Dental Hygiene, AS",,,Checksheet,,,,
SOC 101,SOC,101,"Dental Hygiene, BS",,,Checksheet,,,,
SOC 101,SOC,101,"Dental Hygiene, BS (Pending Accreditation)",,,Checksheet,,,,
SOC 101,SOC,101,Embodied Social Justice Minor,,,Checksheet,,,,
SOC 101,SOC,101,"Management, BSBA",,,Checksheet,,,,
SOC 101,SOC,101,"Mental Health & Human Services, BS",,,Checksheet,,,,
SOC 101,SOC,101,"Nursing (4-Year), BSN",,,Checksheet,,,,
SOC 101,SOC,101,"Nursing (RN-BSN Completion), BSN",,,Checksheet,,,,
SOC 101,SOC,101,"Public Administration, AS",,,Checksheet,,,,
SOC 101,SOC,101,"Public Administration, BS",,,Checksheet,,,,
SOC 101,SOC,101,Social Media Certificate,,,Checksheet,,,,
SOC 101,SOC,101,Social Science Minor,,,Checksheet,,,,
SOC 101,SOC,101,"Social Science, AA",,,Checksheet,,,,
SOC 101,SOC,101,"Social Science, BA",,,Checksheet,,,,
SOC 101,SOC,101,Sociology Minor,,,Checksheet,,,,
SOC 101,SOC,101,Cultural Perspectives,,,GenEd,,,,
SOC 101,SOC,101,Social Science,,,GenEd,,,,
SOC 101,SOC,101,AME 302,AME,302,Prereq,,,,
SOC 101,SOC,101,AME 308W,AME,308W,Prereq,,,,
SOC 101,SOC,101,AME 318,AME,318,Prereq,,,,
SOC 101,SOC,101,COM 317,COM,317,Prereq,,,,
SOC 101,SOC,101,COM 475,COM,475,Prereq,,,,
SOC 101,SOC,101,EDU 331,EDU,331,Prereq,,,,
SOC 101,SOC,101,ENG 318,ENG,318,Prereq,,,,
SOC 101,SOC,101,HUS 376,HUS,376,Prereq,,,,
SOC 101,SOC,101,HUS 389,HUS,389,Prereq,,,,
SOC 101,SOC,101,JUS 316,JUS,316,Prereq,,,,
SOC 101,SOC,101,JUS 376,JUS,376,Prereq,,,,
SOC 101,SOC,101,NUR 220,NUR,220,Prereq,,,,
SOC 101,SOC,101,NUR 224,NUR,224,Prereq,,,,
SOC 101,SOC,101,POS 308W,POS,308W,Prereq,,,,
SOC 101,SOC,101,PSY 355,PSY,355,Prereq,,,,
SOC 101,SOC,101,SOC 201,SOC,201,Prereq,,,,
SOC 101,SOC,101,SOC 289,SOC,289,Prereq,,,,
SOC 101,SOC,101,SOC 294,SOC,294,Prereq,,,,
SOC 101,SOC,101,SOC 300,SOC,300,Prereq,,,,
SOC 101,SOC,101,SOC 302,SOC,302,Prereq,,,,
SOC 101,SOC,101,SOC 308W,SOC,308W,Prereq,,,,
SOC 101,SOC,101,SOC 315,SOC,315,Prereq,,,,
SOC 101,SOC,101,SOC 316,SOC,316,Prereq,,,,
SOC 101,SOC,101,SOC 319,SOC,319,Prereq,,,,
SOC 101,SOC,101,SOC 330,SOC,330,Prereq,,,,
SOC 101,SOC,101,SOC 331,SOC,331,Prereq,,,,
SOC 101,SOC,101,SOC 340,SOC,340,Prereq,,,,
SOC 101,SOC,101,SOC 353,SOC,353,Prereq,,,,
SOC 101,SOC,101,SOC 355,SOC,355,Prereq,,,,
SOC 101,SOC,101,SOC 370,SOC,370,Prereq,,,,
SOC 101,SOC,101,SOC 394,SOC,394,Prereq,,,,
SOC 101,SOC,101,SOC 475,SOC,475,Prereq,,,,
SOC 101,SOC,101,SOC 489,SOC,489,Prereq,,,,
SOC 101,SOC,101,SSC 314,SSC,314,Prereq,,,,
SOC 101,SOC,101,SSC 317,SSC,317,Prereq,,,,
SOC 101,SOC,101,SSC 334,SSC,334,Prereq,,,,
SOC 101,SOC,101,SSC 362,SSC,362,Prereq,,,,
SOC 101,SOC,101,WGS 318,WGS,318,Prereq,,,,
SOC 101,SOC,101,WGS 353,WGS,353,Prereq,,,,
SOC 201,SOC,201,Embodied Social Justice Minor,,,Checksheet,,,,
SOC 201,SOC,201,"Holocaust, Genocide & Human Rights Studies Minor",,,Checksheet,,,,
SOC 201,SOC,201,"Social Science, AA",,,Checksheet,,,,
SOC 201,SOC,201,"Social Science, BA",,,Checksheet,,,,
SOC 201,SOC,201,Sociology Minor,,,Checksheet,,,,
SOC 201,SOC,201,Critical Thinking,,,GenEd,,,,
SOC 201,SOC,201,Cultural Perspectives,,,GenEd,,,,
SOC 201,SOC,201,AME 308W,AME,308W,Prereq,,,,
SOC 201,SOC,201,AME 318,AME,318,Prereq,,,,
SOC 201,SOC,201,ENG 318,ENG,318,Prereq,,,,
SOC 201,SOC,201,JUS 316,JUS,316,Prereq,,,,
SOC 201,SOC,201,POS 308W,POS,308W,Prereq,,,,
SOC 201,SOC,201,SOC 308W,SOC,308W,Prereq,,,,
SOC 201,SOC,201,SOC 316,SOC,316,Prereq,,,,
SOC 201,SOC,201,SSC 334,SSC,334,Prereq,,,,
SOC 201,SOC,201,WGS 318,WGS,318,Prereq,,,,
SOC 240,SOC,240,American Studies Minor,,,Checksheet,,,,
SOC 300,SOC,300,Social Science Minor,,,Checksheet,,,,
SOC 300,SOC,300,Sociology Minor,,,Checksheet,,,,
SOC 302,SOC,302,American Studies Minor,,,Checksheet,,,,
SOC 302,SOC,302,Behavioral Science Minor,,,Checksheet,,,,
SOC 302,SOC,302,AME 302,AME,302,CrossList,,,,
SOC 302,SOC,302,Cultural Perspectives,,,GenEd,,,,
SOC 302,SOC,302,Humanities,,,GenEd,,,,
SOC 308W,SOC,308W,"Data Science, BS",,,Checksheet,,,,
SOC 308W,SOC,308W,AME 308W,AME,308W,CrossList,,,,
SOC 308W,SOC,308W,POS 308W,POS,308W,CrossList,,,,
SOC 308W,SOC,308W,Cultural Perspectives,,,GenEd,,,,
SOC 308W,SOC,308W,Humanities,,,GenEd,,,,
SOC 308W,SOC,308W,Writing Intensive,,,GenEd,,,,
SOC 315,SOC,315,Behavioral Science Minor,,,Checksheet,,,,
SOC 315,SOC,315,Cultural Perspectives,,,GenEd,,,,
SOC 316,SOC,316,Crime Analysis and GIS Certificate,,,Checksheet,,,,
SOC 316,SOC,316,JUS 316,JUS,316,CrossList,,,,
SOC 319,SOC,319,Geriatric Human Services Minor,,,Checksheet,,,,
SOC 319,SOC,319,Mental Health Electives,,,Checksheet,,,,
SOC 330,SOC,330,American Studies Minor,,,Checksheet,,,,
SOC 330,SOC,330,Behavioral Science Minor,,,Checksheet,,,,
SOC 330,SOC,330,Embodied Social Justice Certificate,,,Checksheet,,,,
SOC 330,SOC,330,"Nursing (4-Year), BSN",,,Checksheet,,,,
SOC 330,SOC,330,"Nursing (RN-BSN Completion), BSN",,,Checksheet,,,,
SOC 331,SOC,331,American Studies Minor,,,Checksheet,,,,
SOC 331,SOC,331,EDU 331,EDU,331,CrossList,,,,
SOC 340,SOC,340,Mental Health Electives,,,Checksheet,,,,
SOC 353,SOC,353,"Optional Women's, Gender, and Sexuality Studies Concentration",,,Checksheet,,,,
SOC 353,SOC,353,"Women's, Gender, & Sexuality Studies, Minor",,,Checksheet,,,,
SOC 353,SOC,353,WGS 353,WGS,353,CrossList,,,,
SOC 353,SOC,353,Cultural Perspectives,,,GenEd,,,,
SOC 353,SOC,353,Humanities,,,GenEd,,,,
SOC 355,SOC,355,Behavioral Science Minor,,,Checksheet,,,,
SOC 355,SOC,355,"Psychology, AA",,,Checksheet,,,,
SOC 355,SOC,355,PSY 355,PSY,355,CrossList,,,,
SOC 355,SOC,355,Critical Thinking,,,GenEd,,,,
SOC 355,SOC,355,Cultural Perspectives,,,GenEd,,,,
SOC 370,SOC,370,Cultural Perspectives,,,GenEd,,,,
SOC 375,SOC,375,"Data Science, PBS",,,Checksheet,,,,
SOC 375,SOC,375,Social Media Certificate,,,Checksheet,,,,
SOC 375,SOC,375,COM 375,COM,375,CrossList,,,,
SOC 475,SOC,475,Behavioral Science Minor,,,Checksheet,,,,
SOC 475,SOC,475,"Data Science, BS",,,Checksheet,,,,
SOC 475,SOC,475,"Data Science, PBS",,,Checksheet,,,,
SOC 475,SOC,475,Social Media Certificate,,,Checksheet,,,,
SOC 475,SOC,475,COM 475,COM,475,CrossList,,,,
SPA 101,SPA,101,Cultural Perspectives,,,GenEd,,,,
SPA 101,SPA,101,Humanities,,,GenEd,,,,
SPA 101,SPA,101,SPA 102,SPA,102,Prereq,,,,
SPA 102,SPA,102,Cultural Perspectives,,,GenEd,,,,
SPA 102,SPA,102,Humanities,,,GenEd,,,,
SSC 100,SSC,100,Social Science Minor,,,Checksheet,,,,
SSC 100,SSC,100,"Social Science, AA",,,Checksheet,,,,
SSC 100,SSC,100,"Social Science, BA",,,Checksheet,,,,
SSC 100,SSC,100,Social Science,,,GenEd,,,,
SSC 100,SSC,100,BIO 204,BIO,204,Prereq,,,,
SSC 100,SSC,100,HUS 389,HUS,389,Prereq,,,,
SSC 100,SSC,100,SOC 370,SOC,370,Prereq,,,,
SSC 100,SSC,100,SSC 204,SSC,204,Prereq,,,,
SSC 110,SSC,110,"Optional Women's, Gender, and Sexuality Studies Concentration",,,Checksheet,,,,
SSC 110,SSC,110,Social Science,,,GenEd,,,,
SSC 200,SSC,200,"Social Science, BA",,,Checksheet,,,,
SSC 204,SSC,204,BIO 204,BIO,204,CrossList,,,,
SSC 205,SSC,205,American Studies Minor,,,Checksheet,,,,
SSC 205,SSC,205,AME 205,AME,205,CrossList,,,,
SSC 205,SSC,205,REL 205,REL,205,CrossList,,,,
SSC 205,SSC,205,Cultural Perspectives,,,GenEd,,,,
SSC 205,SSC,205,Humanities,,,GenEd,,,,
SSC 220,SSC,220,"Data Science, BS",,,Checksheet,,,,
SSC 220,SSC,220,"Data Science, PBS",,,Checksheet,,,,
SSC 220,SSC,220,"Mental Health & Human Services, BS",,,Checksheet,,,,
SSC 220,SSC,220,"Neuropsychology, Minor",,,Checksheet,,,,
SSC 220,SSC,220,Social Science Minor,,,Checksheet,,,,
SSC 220,SSC,220,"Social Science, AA",,,Checksheet,,,,
SSC 220,SSC,220,"Social Science, BA",,,Checksheet,,,,
SSC 220,SSC,220,Critical Thinking,,,GenEd,,,,
SSC 220,SSC,220,Information Literacy,,,GenEd,,,,
SSC 220,SSC,220,SSC 320,SSC,320,Prereq,,,,
SSC 305,SSC,305,American Studies Minor,,,Checksheet,,,,
SSC 305,SSC,305,"Holocaust, Genocide & Human Rights Studies Minor",,,Checksheet,,,,
SSC 305,SSC,305,"Nursing (4-Year), BSN",,,Checksheet,,,,
SSC 305,SSC,305,"Nursing (RN-BSN Completion), BSN",,,Checksheet,,,,
SSC 305,SSC,305,"Optional Women's, Gender, and Sexuality Studies Concentration",,,Checksheet,,,,
SSC 305,SSC,305,"Women's, Gender, & Sexuality Studies, Minor",,,Checksheet,,,,
SSC 305,SSC,305,AME 305,AME,305,CrossList,,,,
SSC 305,SSC,305,WGS 305,WGS,305,CrossList,,,,
SSC 305,SSC,305,Critical Thinking,,,GenEd,,,,
SSC 305,SSC,305,Cultural Perspectives,,,GenEd,,,,
SSC 305,SSC,305,Humanities,,,GenEd,,,,
SSC 314,SSC,314,Communications Minor,,,Checksheet,,,,
SSC 314,SSC,314,"Optional Women's, Gender, and Sexuality Studies Concentration",,,Checksheet,,,,
SSC 317,SSC,317,Behavioral Science Minor,,,Checksheet,,,,
SSC 317,SSC,317,Leadership Concentration,,,Checksheet,,,,
SSC 320,SSC,320,Social Media Certificate,,,Checksheet,,,,
SSC 320,SSC,320,Social Science Minor,,,Checksheet,,,,
SSC 320,SSC,320,"Social Science, BA",,,Checksheet,,,,
SSC 320,SSC,320,Sociology Minor,,,Checksheet,,,,
SSC 320,SSC,320,SSC 420W,SSC,420W,Prereq,,,,
SSC 325,SSC,325,Early Childhood Services Minor,,,Checksheet,,,,
SSC 325,SSC,325,Mental Health Electives,,,Checksheet,,,,
SSC 330,SSC,330,"Data Science, PBS",,,Checksheet,,,,
SSC 330,SSC,330,HUM 330,HUM,330,CrossList,,,,
SSC 330,SSC,330,Humanities,,,GenEd,,,,
SSC 332,SSC,332,Addiction Counseling Concentration,,,Checksheet,,,,
SSC 332,SSC,332,Addiction Studies Minor,,,Checksheet,,,,
SSC 332,SSC,332,"Mental Health & Human Services, PBS",,,Checksheet,,,,
SSC 332,SSC,332,Mental Health Electives,,,Checksheet,,,,
SSC 332,SSC,332,"Optional Women's, Gender, and Sexuality Studies Concentration",,,Checksheet,,,,
SSC 332,SSC,332,Substance Abuse Rehabilitation Technician Certificate,,,Checksheet,,,,
SSC 332,SSC,332,HUS 332,HUS,332,CrossList,,,,
SSC 336,SSC,336,"Holocaust, Genocide & Human Rights Studies Minor",,,Checksheet,,,,
SSC 336,SSC,336,PSY 336,PSY,336,CrossList,,,,
SSC 336,SSC,336,Critical Thinking,,,GenEd,,,,
SSC 336,SSC,336,Cultural Perspectives,,,GenEd,,,,
SSC 360,SSC,360,"Data Science, BS",,,Checksheet,,,,
SSC 360,SSC,360,"Data Science, PBS",,,Checksheet,,,,
SSC 362,SSC,362,Behavioral Science Minor,,,Checksheet,,,,
SSC 362,SSC,362,Geriatric Human Services Minor,,,Checksheet,,,,
SSC 362,SSC,362,"Grief, Loss & Trauma Minor",,,Checksheet,,,,
SSC 362,SSC,362,Mental Health Electives,,,Checksheet,,,,
SSC 364,SSC,364,Behavioral Science Minor,,,Checksheet,,,,
SSC 364,SSC,364,"Grief, Loss & Trauma Minor",,,Checksheet,,,,
SSC 364,SSC,364,"Holocaust, Genocide & Human Rights Studies Minor",,,Checksheet,,,,
SSC 364,SSC,364,Mental Health Electives,,,Checksheet,,,,
SSC 364,SSC,364,HUS 364,HUS,364,CrossList,,,,
SSC 364,SSC,364,JUS 364,JUS,364,CrossList,,,,
SSC 420W,SSC,420W,Writing Intensive,,,GenEd,,,,
SSC 450,SSC,450,Advocacy Minor,,,Checksheet,,,,
SSC 450,SSC,450,Behavioral Science Minor,,,Checksheet,,,,
SSC 450,SSC,450,Communications Minor,,,Checksheet,,,,
SSC 450,SSC,450,"Holocaust, Genocide & Human Rights Studies Minor",,,Checksheet,,,,
SSC 450,SSC,450,Mental Health Electives,,,Checksheet,,,,
SSC 450,SSC,450,JUS 450,JUS,450,CrossList,,,,
SSC 490,SSC,490,Behavioral Science Minor,,,Checksheet,,,,
SSC 490,SSC,490,"Data Science, BS",,,Checksheet,,,,
SSC 490,SSC,490,Social Science Minor,,,Checksheet,,,,
SSC 490,SSC,490,SSC 420W,SSC,420W,Prereq,,,,
SSC 516,SSC,516,"Community Resilience Concentration, TEM",,,Checksheet,,,,
SSC 516,SSC,516,Emergency Management and Preparedness Concentration (6 CR),,,Checksheet,,,,
SSC 516,SSC,516,Mental Health Concentration (6 CR),,,Checksheet,,,,
SSC 516,SSC,516,TEM 516,TEM,516,CrossList,,,,
SSC 531,SSC,531,"Trauma-Informed Emergency Management, Graduate Certificate",,,Checksheet,,,,
SSC 531,SSC,531,GEO 531,GEO,531,CrossList,,,,
SSC 531,SSC,531,TEM 531,TEM,531,CrossList,,,,
TEM 500,TEM,500,"Trauma-Informed Emergency Management, Graduate Certificate",,,Checksheet,,,,
TEM 505,TEM,505,"Nursing (4-Year), BSN",,,Checksheet,,,,
TEM 505,TEM,505,"Nursing (RN-BSN Completion), BSN",,,Checksheet,,,,
TEM 511,TEM,511,Emergency Management and Preparedness Concentration (6 CR),,,Checksheet,,,,
TEM 512,TEM,512,"Community Resilience Concentration, TEM",,,Checksheet,,,,
TEM 512,TEM,512,Emergency Management and Preparedness Concentration (6 CR),,,Checksheet,,,,
TEM 515,TEM,515,"Community Resilience Concentration, TEM",,,Checksheet,,,,
TEM 515,TEM,515,Emergency Management and Preparedness Concentration (6 CR),,,Checksheet,,,,
TEM 516,TEM,516,"Community Resilience Concentration, TEM",,,Checksheet,,,,
TEM 516,TEM,516,Emergency Management and Preparedness Concentration (6 CR),,,Checksheet,,,,
TEM 516,TEM,516,Mental Health Concentration (6 CR),,,Checksheet,,,,
TEM 516,TEM,516,SSC 516,SSC,516,CrossList,,,,
TEM 521,TEM,521,"Community Resilience Concentration, TEM",,,Checksheet,,,,
TEM 521,TEM,521,GEO 521,GEO,521,CrossList,,,,
TEM 521,TEM,521,TEM 520,TEM,520,Prereq,,,,
TEM 522,TEM,522,Emergency Management and Preparedness Concentration (6 CR),,,Checksheet,,,,
TEM 527,TEM,527,"Community Resilience Concentration, TEM",,,Checksheet,,,,
TEM 527,TEM,527,Mental Health Concentration (6 CR),,,Checksheet,,,,
TEM 531,TEM,531,"Trauma-Informed Emergency Management, Graduate Certificate",,,Checksheet,,,,
TEM 531,TEM,531,GEO 531,GEO,531,CrossList,,,,
TEM 531,TEM,531,SSC 531,SSC,531,CrossList,,,,
TEM 532,TEM,532,Mental Health Concentration (6 CR),,,Checksheet,,,,
TEM 533,TEM,533,"Community Resilience Concentration, TEM",,,Checksheet,,,,
TEM 533,TEM,533,PSY 533,PSY,533,CrossList,,,,
TEM 537,TEM,537,Mental Health Concentration (6 CR),,,Checksheet,,,,
TEM 548,TEM,548,"Community Resilience Concentration, TEM",,,Checksheet,,,,
TEM 548,TEM,548,Mental Health Concentration (6 CR),,,Checksheet,,,,
TEM 550,TEM,550,"Data Science, BS",,,Checksheet,,,,
TEM 550,TEM,550,"Data Science, PBS",,,Checksheet,,,,
TEM 550,TEM,550,"Data Visualization, Graduate Certificate",,,Checksheet,,,,
TEM 550,TEM,550,ART 610,ART,610,Coreq,,,,
TEM 550,TEM,550,DSC 550,DSC,550,CrossList,,,,
TEM 552,TEM,552,"Data Science, BS",,,Checksheet,,,,
TEM 552,TEM,552,"Data Science, PBS",,,Checksheet,,,,
TEM 552,TEM,552,"Data Visualization, Graduate Certificate",,,Checksheet,,,,
TEM 552,TEM,552,ART 610,ART,610,Coreq,,,,
TEM 552,TEM,552,DSC 552,DSC,552,CrossList,,,,
TEM 552,TEM,552,Fine Arts,,,GenEd,,,,
TEM 552,TEM,552,ART 550,ART,550,Prereq,,,,
TEM 558,TEM,558,Mental Health Concentration (6 CR),,,Checksheet,,,,
TEM 561,TEM,561,DSC 561,DSC,561,CrossList,,,,
TEM 580,TEM,580,"Trauma-Informed Emergency Management, Graduate Certificate",,,Checksheet,,,,
TEM 580,TEM,580,COM 580,COM,580,CrossList,,,,
TEM 587,TEM,587,"Data Science, BS",,,Checksheet,,,,
TEM 587,TEM,587,"Data Science, PBS",,,Checksheet,,,,
TEM 587,TEM,587,"Data Visualization, Graduate Certificate",,,Checksheet,,,,
TEM 587,TEM,587,"Trauma-Informed Emergency Management, Graduate Certificate",,,Checksheet,,,,
TEM 587,TEM,587,ART 610,ART,610,Coreq,,,,
TEM 589,TEM,589,"Trauma-Informed Emergency Management, Graduate Certificate",,,Checksheet,,,,
TEM 589,TEM,589,"Trauma-Informed Emergency Management, MS",,,Checksheet,,,,
TEM 590,TEM,590,"Data Science, BS",,,Checksheet,,,,
TEM 594,TEM,594,"Trauma-Informed Emergency Management, Graduate Certificate",,,Checksheet,,,,
TEM 594,TEM,594,"Trauma-Informed Emergency Management, MS",,,Checksheet,,,,
TEM 595,TEM,595,"Trauma-Informed Emergency Management, Graduate Certificate",,,Checksheet,,,,
TEM 595,TEM,595,"Trauma-Informed Emergency Management, MS",,,Checksheet,,,,
UAS 109,UAS,109,"Aviation-Uncrewed Aircraft Systems Concentration, BS",,,Checksheet,,,,
UAS 109,UAS,109,"Uncrewed Aerial Systems Operations, Certificate",,,Checksheet,,,,
UAS 109,UAS,109,Uncrewed Aircraft Systems (UAS) Operations Minor,,,Checksheet,,,,
UAS 110,UAS,110,AVI 110,AVI,110,CrossList,,,,
UAS 130,UAS,130,Aircraft Maintenance Technician Minor,,,Checksheet,,,,
UAS 130,UAS,130,Aircraft Maintenance Training School (AMTS) Certificate,,,Checksheet,,,,
UAS 130,UAS,130,"Aviation - Aviation Maintenance Concentration, Bachelor of Science",,,Checksheet,,,,
UAS 130,UAS,130,"Aviation-Uncrewed Aircraft Systems Concentration, BS",,,Checksheet,,,,
UAS 130,UAS,130,AVT 130,AVT,130,CrossList,,,,
UAS 130,UAS,130,AVT 210,AVT,210,Prereq,,,,
UAS 130,UAS,130,AVT 220,AVT,220,Prereq,,,,
UAS 210,UAS,210,"Aviation-Uncrewed Aircraft Systems Concentration, BS",,,Checksheet,,,,
UAS 210,UAS,210,"Uncrewed Aerial Systems Operations, Certificate",,,Checksheet,,,,
UAS 210,UAS,210,Uncrewed Aircraft Systems (UAS) Operations Minor,,,Checksheet,,,,
UAS 210,UAS,210,UAS 220,UAS,220,Prereq,,,,
UAS 210,UAS,210,UAS 230,UAS,230,Prereq,,,,
UAS 210,UAS,210,UAS 310,UAS,310,Prereq,,,,
UAS 210,UAS,210,UAS 410,UAS,410,Prereq,,,,
UAS 210,UAS,210,UAS 420,UAS,420,Prereq,,,,
UAS 220,UAS,220,"Aviation-Uncrewed Aircraft Systems Concentration, BS",,,Checksheet,,,,
UAS 220,UAS,220,"Uncrewed Aerial Systems Operations, Certificate",,,Checksheet,,,,
UAS 220,UAS,220,Uncrewed Aircraft Systems (UAS) Operations Minor,,,Checksheet,,,,
UAS 220,UAS,220,UAS 230,UAS,230,Prereq,,,,
UAS 220,UAS,220,UAS 310,UAS,310,Prereq,,,,
UAS 220,UAS,220,UAS 410,UAS,410,Prereq,,,,
UAS 220,UAS,220,UAS 420,UAS,420,Prereq,,,,
UAS 230,UAS,230,"Aviation-Uncrewed Aircraft Systems Concentration, BS",,,Checksheet,,,,
UAS 230,UAS,230,"Uncrewed Aerial Systems Operations, Certificate",,,Checksheet,,,,
UAS 230,UAS,230,Uncrewed Aircraft Systems (UAS) Operations Minor,,,Checksheet,,,,
UAS 230,UAS,230,UAS 310,UAS,310,Prereq,,,,
UAS 230,UAS,230,UAS 410,UAS,410,Prereq,,,,
UAS 230,UAS,230,UAS 420,UAS,420,Prereq,,,,
UAS 310,UAS,310,"Aviation-Uncrewed Aircraft Systems Concentration, BS",,,Checksheet,,,,
UAS 310,UAS,310,"Uncrewed Aerial Systems Operations, Certificate",,,Checksheet,,,,
UAS 310,UAS,310,Uncrewed Aircraft Systems (UAS) Operations Minor,,,Checksheet,,,,
UAS 310,UAS,310,UAS 410,UAS,410,Prereq,,,,
UAS 310,UAS,310,UAS 420,UAS,420,Prereq,,,,
UAS 410,UAS,410,"Aviation-Uncrewed Aircraft Systems Concentration, BS",,,Checksheet,,,,
UAS 410,UAS,410,"Uncrewed Aerial Systems Operations, Certificate",,,Checksheet,,,,
UAS 410,UAS,410,Uncrewed Aircraft Systems (UAS) Operations Minor,,,Checksheet,,,,
UAS 420,UAS,420,"Aviation-Uncrewed Aircraft Systems Concentration, BS",,,Checksheet,,,,
UAS 420,UAS,420,"Uncrewed Aerial Systems Operations, Certificate",,,Checksheet,,,,
UAS 420,UAS,420,Uncrewed Aircraft Systems (UAS) Operations Minor,,,Checksheet,,,,
UAS 490,UAS,490,"Aviation-Uncrewed Aircraft Systems Concentration, BS",,,Checksheet,,,,
UAS 490,UAS,490,"Uncrewed Aerial Systems Operations, Certificate",,,Checksheet,,,,
UAS 490,UAS,490,Uncrewed Aircraft Systems (UAS) Operations Minor,,,Checksheet,,,,
VTE 100,VTE,100,"Veterinary Technology, AS",,,Checksheet,,,,
VTE 100,VTE,100,"Veterinary Technology, BS",,,Checksheet,,,,
VTE 100,VTE,100,Ethical Reasoning,,,GenEd,,,,
VTE 100,VTE,100,Information Literacy,,,GenEd,,,,
VTE 100,VTE,100,VTE 200,VTE,200,Prereq,,,,
VTE 100,VTE,100,VTE 210,VTE,210,Prereq,,,,
VTE 100,VTE,100,VTE 223,VTE,223,Prereq,,,,
VTE 100,VTE,100,VTE 224,VTE,224,Prereq,,,,
VTE 100,VTE,100,VTE 316,VTE,316,Prereq,,,,
VTE 100,VTE,100,VTE 319,VTE,319,Prereq,,,,
VTE 115,VTE,115,"Veterinary Technology, AS",,,Checksheet,,,,
VTE 115,VTE,115,"Veterinary Technology, BS",,,Checksheet,,,,
VTE 115,VTE,115,VTE 200,VTE,200,Prereq,,,,
VTE 115,VTE,115,VTE 210,VTE,210,Prereq,,,,
VTE 115,VTE,115,VTE 223,VTE,223,Prereq,,,,
VTE 115,VTE,115,VTE 224,VTE,224,Prereq,,,,
VTE 115,VTE,115,VTE 316,VTE,316,Prereq,,,,
VTE 115,VTE,115,VTE 319,VTE,319,Prereq,,,,
VTE 200,VTE,200,"Veterinary Technology, AS",,,Checksheet,,,,
VTE 200,VTE,200,"Veterinary Technology, BS",,,Checksheet,,,,
VTE 200,VTE,200,VTE 200,VTE,200,Coreq,,,,
VTE 200,VTE,200,VTE 200L,VTE,200L,Coreq,,,,
VTE 200L,VTE,200L,"Veterinary Technology, AS",,,Checksheet,,,,
VTE 200L,VTE,200L,"Veterinary Technology, BS",,,Checksheet,,,,
VTE 200L,VTE,200L,VTE 200,VTE,200,Coreq,,,,
VTE 210,VTE,210,"Veterinary Technology, AS",,,Checksheet,,,,
VTE 210,VTE,210,"Veterinary Technology, BS",,,Checksheet,,,,
VTE 210,VTE,210,VTE 210,VTE,210,Coreq,,,,
VTE 210,VTE,210,VTE 210L,VTE,210L,Coreq,,,,
VTE 210,VTE,210,VTE 200,VTE,200,Prereq,,,,
VTE 210,VTE,210,VTE 223,VTE,223,Prereq,,,,
VTE 210,VTE,210,VTE 224,VTE,224,Prereq,,,,
VTE 210,VTE,210,VTE 228,VTE,228,Prereq,,,,
VTE 210,VTE,210,VTE 300,VTE,300,Prereq,,,,
VTE 210,VTE,210,VTE 314,VTE,314,Prereq,,,,
VTE 210,VTE,210,VTE 314L,VTE,314L,Prereq,,,,
VTE 210,VTE,210,VTE 324,VTE,324,Prereq,,,,
VTE 210L,VTE,210L,"Veterinary Technology, AS",,,Checksheet,,,,
VTE 210L,VTE,210L,"Veterinary Technology, BS",,,Checksheet,,,,
VTE 210L,VTE,210L,VTE 210,VTE,210,Coreq,,,,
VTE 210L,VTE,210L,VTE 200,VTE,200,Prereq,,,,
VTE 210L,VTE,210L,VTE 223,VTE,223,Prereq,,,,
VTE 210L,VTE,210L,VTE 224,VTE,224,Prereq,,,,
VTE 210L,VTE,210L,VTE 228,VTE,228,Prereq,,,,
VTE 210L,VTE,210L,VTE 314,VTE,314,Prereq,,,,
VTE 210L,VTE,210L,VTE 314L,VTE,314L,Prereq,,,,
VTE 210L,VTE,210L,VTE 324,VTE,324,Prereq,,,,
VTE 223,VTE,223,"Veterinary Technology, AS",,,Checksheet,,,,
VTE 223,VTE,223,"Veterinary Technology, BS",,,Checksheet,,,,
VTE 223,VTE,223,VTE 300,VTE,300,Prereq,,,,
VTE 224,VTE,224,"Veterinary Technology, AS",,,Checksheet,,,,
VTE 224,VTE,224,"Veterinary Technology, BS",,,Checksheet,,,,
VTE 224,VTE,224,VTE 224,VTE,224,Coreq,,,,
VTE 224,VTE,224,VTE 224L,VTE,224L,Coreq,,,,
VTE 224,VTE,224,VTE 324,VTE,324,Coreq,,,,
VTE 224,VTE,224,Critical Thinking,,,GenEd,,,,
VTE 224,VTE,224,VTE 325,VTE,325,Prereq,,,,
VTE 224,VTE,224,VTE 326,VTE,326,Prereq,,,,
VTE 224,VTE,224,VTE 326L,VTE,326L,Prereq,,,,
VTE 224L,VTE,224L,"Veterinary Technology, AS",,,Checksheet,,,,
VTE 224L,VTE,224L,"Veterinary Technology, BS",,,Checksheet,,,,
VTE 224L,VTE,224L,VTE 224,VTE,224,Coreq,,,,
VTE 224L,VTE,224L,VTE 324,VTE,324,Coreq,,,,
VTE 224L,VTE,224L,VTE 325,VTE,325,Prereq,,,,
VTE 224L,VTE,224L,VTE 326,VTE,326,Prereq,,,,
VTE 224L,VTE,224L,VTE 326L,VTE,326L,Prereq,,,,
VTE 228,VTE,228,"Veterinary Technology, AS",,,Checksheet,,,,
VTE 228,VTE,228,"Veterinary Technology, BS",,,Checksheet,,,,
VTE 228,VTE,228,VTE 228,VTE,228,Coreq,,,,
VTE 228,VTE,228,VTE 228L,VTE,228L,Coreq,,,,
VTE 228L,VTE,228L,"Veterinary Technology, AS",,,Checksheet,,,,
VTE 228L,VTE,228L,"Veterinary Technology, BS",,,Checksheet,,,,
VTE 228L,VTE,228L,VTE 228,VTE,228,Coreq,,,,
VTE 314,VTE,314,"Veterinary Technology, AS",,,Checksheet,,,,
VTE 314,VTE,314,"Veterinary Technology, BS",,,Checksheet,,,,
VTE 314,VTE,314,VTE 314,VTE,314,Coreq,,,,
VTE 314,VTE,314,VTE 314L,VTE,314L,Coreq,,,,
VTE 314L,VTE,314L,"Veterinary Technology, AS",,,Checksheet,,,,
VTE 314L,VTE,314L,"Veterinary Technology, BS",,,Checksheet,,,,
VTE 314L,VTE,314L,VTE 314,VTE,314,Coreq,,,,
VTE 315,VTE,315,"Veterinary Technology, AS",,,Checksheet,,,,
VTE 315,VTE,315,"Veterinary Technology, BS",,,Checksheet,,,,
VTE 316,VTE,316,"Veterinary Technology, AS",,,Checksheet,,,,
VTE 316,VTE,316,"Veterinary Technology, BS",,,Checksheet,,,,
VTE 319,VTE,319,"Veterinary Technology, AS",,,Checksheet,,,,
VTE 319,VTE,319,"Veterinary Technology, BS",,,Checksheet,,,,
VTE 319,VTE,319,VTE 200,VTE,200,Prereq,,,,
VTE 319,VTE,319,VTE 223,VTE,223,Prereq,,,,
VTE 319,VTE,319,VTE 300,VTE,300,Prereq,,,,
VTE 325,VTE,325,"Veterinary Technology, AS",,,Checksheet,,,,
VTE 325,VTE,325,"Veterinary Technology, BS",,,Checksheet,,,,
VTE 325,VTE,325,VTE 325,VTE,325,Coreq,,,,
VTE 325,VTE,325,VTE 325L,VTE,325L,Coreq,,,,
VTE 325L,VTE,325L,"Veterinary Technology, AS",,,Checksheet,,,,
VTE 325L,VTE,325L,"Veterinary Technology, BS",,,Checksheet,,,,
VTE 325L,VTE,325L,VTE 325,VTE,325,Coreq,,,,
VTE 326,VTE,326,"Veterinary Technology, AS",,,Checksheet,,,,
VTE 326,VTE,326,"Veterinary Technology, BS",,,Checksheet,,,,
VTE 326,VTE,326,VTE 326,VTE,326,Coreq,,,,
VTE 326,VTE,326,VTE 326L,VTE,326L,Coreq,,,,
VTE 326L,VTE,326L,"Veterinary Technology, AS",,,Checksheet,,,,
VTE 326L,VTE,326L,"Veterinary Technology, BS",,,Checksheet,,,,
VTE 326L,VTE,326L,VTE 326,VTE,326,Coreq,,,,
VTE 330,VTE,330,"Veterinary Technology, AS",,,Checksheet,,,,
VTE 330,VTE,330,"Veterinary Technology, BS",,,Checksheet,,,,
WGS 101W,WGS,101W,American Studies Minor,,,Checksheet,,,,
WGS 101W,WGS,101W,"Community Policing, AS",,,Checksheet,,,,
WGS 101W,WGS,101W,"Dental Hygiene, AS",,,Checksheet,,,,
WGS 101W,WGS,101W,Embodied Social Justice Minor,,,Checksheet,,,,
WGS 101W,WGS,101W,"Holocaust, Genocide & Human Rights Studies Minor",,,Checksheet,,,,
WGS 101W,WGS,101W,"Optional Women's, Gender, and Sexuality Studies Concentration",,,Checksheet,,,,
WGS 101W,WGS,101W,"Women's, Gender, & Sexuality Studies, Minor",,,Checksheet,,,,
WGS 101W,WGS,101W,Cultural Perspectives,,,GenEd,,,,
WGS 101W,WGS,101W,Humanities,,,GenEd,,,,
WGS 101W,WGS,101W,Writing Intensive,,,GenEd,,,,
WGS 101W,WGS,101W,AME 302,AME,302,Prereq,,,,
WGS 101W,WGS,101W,AME 304W,AME,304W,Prereq,,,,
WGS 101W,WGS,101W,AME 305,AME,305,Prereq,,,,
WGS 101W,WGS,101W,AME 306,AME,306,Prereq,,,,
WGS 101W,WGS,101W,AME 318,AME,318,Prereq,,,,
WGS 101W,WGS,101W,AME 389,AME,389,Prereq,,,,
WGS 101W,WGS,101W,AME 420,AME,420,Prereq,,,,
WGS 101W,WGS,101W,ENG 311W,ENG,311W,Prereq,,,,
WGS 101W,WGS,101W,ENG 318,ENG,318,Prereq,,,,
WGS 101W,WGS,101W,HTY 307,HTY,307,Prereq,,,,
WGS 101W,WGS,101W,HUM 310W,HUM,310W,Prereq,,,,
WGS 101W,WGS,101W,INT 420,INT,420,Prereq,,,,
WGS 101W,WGS,101W,SOC 302,SOC,302,Prereq,,,,
WGS 101W,WGS,101W,SOC 353,SOC,353,Prereq,,,,
WGS 101W,WGS,101W,SSC 305,SSC,305,Prereq,,,,
WGS 101W,WGS,101W,WGS 289,WGS,289,Prereq,,,,
WGS 101W,WGS,101W,WGS 294,WGS,294,Prereq,,,,
WGS 101W,WGS,101W,WGS 301W,WGS,301W,Prereq,,,,
WGS 101W,WGS,101W,WGS 304W,WGS,304W,Prereq,,,,
WGS 101W,WGS,101W,WGS 305,WGS,305,Prereq,,,,
WGS 101W,WGS,101W,WGS 306,WGS,306,Prereq,,,,
WGS 101W,WGS,101W,WGS 310W,WGS,310W,Prereq,,,,
WGS 101W,WGS,101W,WGS 311W,WGS,311W,Prereq,,,,
WGS 101W,WGS,101W,WGS 318,WGS,318,Prereq,,,,
WGS 101W,WGS,101W,WGS 353,WGS,353,Prereq,,,,
WGS 101W,WGS,101W,WGS 389,WGS,389,Prereq,,,,
WGS 101W,WGS,101W,WGS 394,WGS,394,Prereq,,,,
WGS 101W,WGS,101W,WGS 420,WGS,420,Prereq,,,,
WGS 101W,WGS,101W,WGS 489,WGS,489,Prereq,,,,
WGS 101W,WGS,101W,WGS 494,WGS,494,Prereq,,,,
WGS 102,WGS,102,Embodied Social Justice Minor,,,Checksheet,,,,
WGS 102,WGS,102,Cultural Perspectives,,,GenEd,,,,
WGS 102,WGS,102,Humanities,,,GenEd,,,,
WGS 190,WGS,190,"Optional Women's, Gender, and Sexuality Studies Concentration",,,Checksheet,,,,
WGS 190,WGS,190,"Women's, Gender, & Sexuality Studies, Minor",,,Checksheet,,,,
WGS 190,WGS,190,MUH 190,MUH,190,CrossList,,,,
WGS 190,WGS,190,Cultural Perspectives,,,GenEd,,,,
WGS 190,WGS,190,Fine Arts,,,GenEd,,,,
WGS 190,WGS,190,Humanities,,,GenEd,,,,
WGS 289,WGS,289,"Women's, Gender, & Sexuality Studies, Minor",,,Checksheet,,,,
WGS 289,WGS,289,Cultural Perspectives,,,GenEd,,,,
WGS 289,WGS,289,Humanities,,,GenEd,,,,
WGS 294,WGS,294,"Women's, Gender, & Sexuality Studies, Minor",,,Checksheet,,,,
WGS 294,WGS,294,Cultural Perspectives,,,GenEd,,,,
WGS 294,WGS,294,Humanities,,,GenEd,,,,
WGS 301W,WGS,301W,American Studies Minor,,,Checksheet,,,,
WGS 301W,WGS,301W,"Optional Women's, Gender, and Sexuality Studies Concentration",,,Checksheet,,,,
WGS 301W,WGS,301W,"Women's, Gender, & Sexuality Studies, Minor",,,Checksheet,,,,
WGS 301W,WGS,301W,Cultural Perspectives,,,GenEd,,,,
WGS 301W,WGS,301W,Humanities,,,GenEd,,,,
WGS 301W,WGS,301W,Writing Intensive,,,GenEd,,,,
WGS 302,WGS,302,MUH 302,MUH,302,CrossList,,,,
WGS 302,WGS,302,Cultural Perspectives,,,GenEd,,,,
WGS 302,WGS,302,Humanities,,,GenEd,,,,
WGS 303,WGS,303,American Studies Minor,,,Checksheet,,,,
WGS 303,WGS,303,"Women's, Gender, & Sexuality Studies, Minor",,,Checksheet,,,,
WGS 303,WGS,303,AME 303,AME,303,CrossList,,,,
WGS 303,WGS,303,ENG 303,ENG,303,CrossList,,,,
WGS 303,WGS,303,MUH 303,MUH,303,CrossList,,,,
WGS 303,WGS,303,Cultural Perspectives,,,GenEd,,,,
WGS 303,WGS,303,Humanities,,,GenEd,,,,
WGS 304W,WGS,304W,American Studies Minor,,,Checksheet,,,,
WGS 304W,WGS,304W,"Optional Women's, Gender, and Sexuality Studies Concentration",,,Checksheet,,,,
WGS 304W,WGS,304W,"Women's, Gender, & Sexuality Studies, Minor",,,Checksheet,,,,
WGS 304W,WGS,304W,AME 304W,AME,304W,CrossList,,,,
WGS 304W,WGS,304W,Cultural Perspectives,,,GenEd,,,,
WGS 304W,WGS,304W,Humanities,,,GenEd,,,,
WGS 304W,WGS,304W,Writing Intensive,,,GenEd,,,,
WGS 305,WGS,305,American Studies Minor,,,Checksheet,,,,
WGS 305,WGS,305,"Holocaust, Genocide & Human Rights Studies Minor",,,Checksheet,,,,
WGS 305,WGS,305,"Nursing (4-Year), BSN",,,Checksheet,,,,
WGS 305,WGS,305,"Nursing (RN-BSN Completion), BSN",,,Checksheet,,,,
WGS 305,WGS,305,"Optional Women's, Gender, and Sexuality Studies Concentration",,,Checksheet,,,,
WGS 305,WGS,305,"Women's, Gender, & Sexuality Studies, Minor",,,Checksheet,,,,
WGS 305,WGS,305,AME 305,AME,305,CrossList,,,,
WGS 305,WGS,305,SSC 305,SSC,305,CrossList,,,,
WGS 305,WGS,305,Critical Thinking,,,GenEd,,,,
WGS 305,WGS,305,Cultural Perspectives,,,GenEd,,,,
WGS 305,WGS,305,Humanities,,,GenEd,,,,
WGS 306,WGS,306,American Studies Minor,,,Checksheet,,,,
WGS 306,WGS,306,"Optional Women's, Gender, and Sexuality Studies Concentration",,,Checksheet,,,,
WGS 306,WGS,306,"Women's, Gender, & Sexuality Studies, Minor",,,Checksheet,,,,
WGS 306,WGS,306,AME 306,AME,306,CrossList,,,,
WGS 306,WGS,306,Cultural Perspectives,,,GenEd,,,,
WGS 306,WGS,306,Humanities,,,GenEd,,,,
WGS 309,WGS,309,French: Language & Culture Track Minor,,,Checksheet,,,,
WGS 309,WGS,309,"Women's, Gender, & Sexuality Studies, Minor",,,Checksheet,,,,
WGS 309,WGS,309,DRA 309,DRA,309,CrossList,,,,
WGS 309,WGS,309,FRE 309,FRE,309,CrossList,,,,
WGS 309,WGS,309,HUM 309,HUM,309,CrossList,,,,
WGS 309,WGS,309,Cultural Perspectives,,,GenEd,,,,
WGS 309,WGS,309,Fine Arts,,,GenEd,,,,
WGS 309,WGS,309,Humanities,,,GenEd,,,,
WGS 310W,WGS,310W,HUM 310W,HUM,310W,CrossList,,,,
WGS 310W,WGS,310W,Cultural Perspectives,,,GenEd,,,,
WGS 310W,WGS,310W,Humanities,,,GenEd,,,,
WGS 310W,WGS,310W,Writing Intensive,,,GenEd,,,,
WGS 311W,WGS,311W,"Women's, Gender, & Sexuality Studies, Minor",,,Checksheet,,,,
WGS 311W,WGS,311W,ENG 311W,ENG,311W,CrossList,,,,
WGS 311W,WGS,311W,Cultural Perspectives,,,GenEd,,,,
WGS 311W,WGS,311W,Humanities,,,GenEd,,,,
WGS 311W,WGS,311W,Writing Intensive,,,GenEd,,,,
WGS 318,WGS,318,American Studies Minor,,,Checksheet,,,,
WGS 318,WGS,318,"Women's, Gender, & Sexuality Studies, Minor",,,Checksheet,,,,
WGS 318,WGS,318,AME 318,AME,318,CrossList,,,,
WGS 318,WGS,318,ENG 318,ENG,318,CrossList,,,,
WGS 318,WGS,318,Cultural Perspectives,,,GenEd,,,,
WGS 318,WGS,318,Humanities,,,GenEd,,,,
WGS 330W,WGS,330W,History Minor,,,Checksheet,,,,
WGS 330W,WGS,330W,"Holocaust, Genocide & Human Rights Studies Minor",,,Checksheet,,,,
WGS 330W,WGS,330W,"Women's, Gender, & Sexuality Studies, Minor",,,Checksheet,,,,
WGS 330W,WGS,330W,HTY 330W,HTY,330W,CrossList,,,,
WGS 330W,WGS,330W,Cultural Perspectives,,,GenEd,,,,
WGS 330W,WGS,330W,Humanities,,,GenEd,,,,
WGS 330W,WGS,330W,Writing Intensive,,,GenEd,,,,
WGS 335,WGS,335,History Minor,,,Checksheet,,,,
WGS 335,WGS,335,"Holocaust, Genocide & Human Rights Studies Minor",,,Checksheet,,,,
WGS 335,WGS,335,AME 335,AME,335,CrossList,,,,
WGS 335,WGS,335,HTY 335,HTY,335,CrossList,,,,
WGS 335,WGS,335,INT 335,INT,335,CrossList,,,,
WGS 335,WGS,335,Cultural Perspectives,,,GenEd,,,,
WGS 335,WGS,335,Humanities,,,GenEd,,,,
WGS 337,WGS,337,"Optional Women's, Gender, and Sexuality Studies Concentration",,,Checksheet,,,,
WGS 337,WGS,337,"Women's, Gender, & Sexuality Studies, Minor",,,Checksheet,,,,
WGS 337,WGS,337,ENG 337,ENG,337,CrossList,,,,
WGS 337,WGS,337,Cultural Perspectives,,,GenEd,,,,
WGS 337,WGS,337,Humanities,,,GenEd,,,,
WGS 340,WGS,340,American Studies Minor,,,Checksheet,,,,
WGS 340,WGS,340,History Minor,,,Checksheet,,,,
WGS 340,WGS,340,"Holocaust, Genocide & Human Rights Studies Minor",,,Checksheet,,,,
WGS 340,WGS,340,"Women's, Gender, & Sexuality Studies, Minor",,,Checksheet,,,,
WGS 340,WGS,340,AME 340,AME,340,CrossList,,,,
WGS 340,WGS,340,HTY 340,HTY,340,CrossList,,,,
WGS 340,WGS,340,Cultural Perspectives,,,GenEd,,,,
WGS 340,WGS,340,Humanities,,,GenEd,,,,
WGS 345,WGS,345,AME 345,AME,345,CrossList,,,,
WGS 345,WGS,345,HGH 345,HGH,345,CrossList,,,,
WGS 345,WGS,345,INT 345,INT,345,CrossList,,,,
WGS 345,WGS,345,Critical Thinking,,,GenEd,,,,
WGS 345,WGS,345,Cultural Perspectives,,,GenEd,,,,
WGS 345,WGS,345,Humanities,,,GenEd,,,,
WGS 349,WGS,349,Embodied Social Justice Certificate,,,Checksheet,,,,
WGS 349,WGS,349,INT 349,INT,349,CrossList,,,,
WGS 349,WGS,349,Critical Thinking,,,GenEd,,,,
WGS 349,WGS,349,Cultural Perspectives,,,GenEd,,,,
WGS 349,WGS,349,Humanities,,,GenEd,,,,
WGS 350W,WGS,350W,"Information & Library Science, BS",,,Checksheet,,,,
WGS 350W,WGS,350W,No Concentration in minor,,,Checksheet,,,,
WGS 350W,WGS,350W,"Optional Women's, Gender, and Sexuality Studies Concentration",,,Checksheet,,,,
WGS 350W,WGS,350W,"Women's, Gender, & Sexuality Studies, Minor",,,Checksheet,,,,
WGS 350W,WGS,350W,ENG 350W,ENG,350W,CrossList,,,,
WGS 350W,WGS,350W,Critical Thinking,,,GenEd,,,,
WGS 350W,WGS,350W,Cultural Perspectives,,,GenEd,,,,
WGS 350W,WGS,350W,Ethical Reasoning,,,GenEd,,,,
WGS 350W,WGS,350W,Humanities,,,GenEd,,,,
WGS 350W,WGS,350W,Information Literacy,,,GenEd,,,,
WGS 350W,WGS,350W,Writing Intensive,,,GenEd,,,,
WGS 353,WGS,353,"Optional Women's, Gender, and Sexuality Studies Concentration",,,Checksheet,,,,
WGS 353,WGS,353,"Women's, Gender, & Sexuality Studies, Minor",,,Checksheet,,,,
WGS 353,WGS,353,SOC 353,SOC,353,CrossList,,,,
WGS 353,WGS,353,Cultural Perspectives,,,GenEd,,,,
WGS 353,WGS,353,Humanities,,,GenEd,,,,
WGS 370W,WGS,370W,AME 370W,AME,370W,CrossList,,,,
WGS 370W,WGS,370W,ARH 370W,ARH,370W,CrossList,,,,
WGS 370W,WGS,370W,Cultural Perspectives,,,GenEd,,,,
WGS 370W,WGS,370W,Fine Arts,,,GenEd,,,,
WGS 370W,WGS,370W,Humanities,,,GenEd,,,,
WGS 370W,WGS,370W,Writing Intensive,,,GenEd,,,,
WGS 389,WGS,389,"Women's, Gender, & Sexuality Studies, Minor",,,Checksheet,,,,
WGS 389,WGS,389,Cultural Perspectives,,,GenEd,,,,
WGS 389,WGS,389,Humanities,,,GenEd,,,,
WGS 394,WGS,394,"Women's, Gender, & Sexuality Studies, Minor",,,Checksheet,,,,
WGS 394,WGS,394,Cultural Perspectives,,,GenEd,,,,
WGS 394,WGS,394,Humanities,,,GenEd,,,,
WGS 420,WGS,420,Embodied Social Justice Certificate,,,Checksheet,,,,
WGS 420,WGS,420,"Nursing (4-Year), BSN",,,Checksheet,,,,
WGS 420,WGS,420,"Nursing (RN-BSN Completion), BSN",,,Checksheet,,,,
WGS 420,WGS,420,AME 420,AME,420,CrossList,,,,
WGS 420,WGS,420,INT 420,INT,420,CrossList,,,,
WGS 420,WGS,420,Cultural Perspectives,,,GenEd,,,,
WGS 420,WGS,420,Humanities,,,GenEd,,,,
WGS 430,WGS,430,American Studies Minor,,,Checksheet,,,,
WGS 430,WGS,430,Embodied Social Justice Certificate,,,Checksheet,,,,
WGS 430,WGS,430,Embodied Social Justice Minor,,,Checksheet,,,,
WGS 430,WGS,430,"Holocaust, Genocide & Human Rights Studies Minor",,,Checksheet,,,,
WGS 430,WGS,430,AME 430,AME,430,CrossList,,,,
WGS 430,WGS,430,INT 430,INT,430,CrossList,,,,
WGS 430,WGS,430,Critical Thinking,,,GenEd,,,,
WGS 430,WGS,430,Cultural Perspectives,,,GenEd,,,,
WGS 430,WGS,430,Humanities,,,GenEd,,,,
WGS 430,WGS,430,Information Literacy,,,GenEd,,,,
WGS 440,WGS,440,Embodied Social Justice Certificate,,,Checksheet,,,,
WGS 440,WGS,440,AME 440,AME,440,CrossList,,,,
WGS 440,WGS,440,INT 440,INT,440,CrossList,,,,
WGS 440,WGS,440,Cultural Perspectives,,,GenEd,,,,
WGS 440,WGS,440,Humanities,,,GenEd,,,,
WGS 489,WGS,489,"Women's, Gender, & Sexuality Studies, Minor",,,Checksheet,,,,
WGS 489,WGS,489,Cultural Perspectives,,,GenEd,,,,
WGS 489,WGS,489,Humanities,,,GenEd,,,,
WGS 494,WGS,494,"Women's, Gender, & Sexuality Studies, Minor",,,Checksheet,,,,
WGS 494,WGS,494,Cultural Perspectives,,,GenEd,,,,
WGS 494,WGS,494,Humanities,,,GenEd,,,,
